-- Adminer 4.6.3 MySQL dump

SET NAMES utf8;
SET time_zone = '+00:00';
SET foreign_key_checks = 0;
SET sql_mode = 'NO_AUTO_VALUE_ON_ZERO';

SET NAMES utf8mb4;

DROP TABLE IF EXISTS `activities`;
CREATE TABLE `activities` (
  `id` int(11) NOT NULL AUTO_INCREMENT,
  `role_type` varchar(50) COLLATE utf8mb4_unicode_ci NOT NULL,
  `activity_description` varchar(250) COLLATE utf8mb4_unicode_ci NOT NULL,
  `activity_action` varchar(250) COLLATE utf8mb4_unicode_ci NOT NULL,
  `order` int(11) NOT NULL,
  PRIMARY KEY (`id`)
) ENGINE=InnoDB DEFAULT CHARSET=utf8mb4 COLLATE=utf8mb4_unicode_ci;

INSERT INTO `activities` (`id`, `role_type`, `activity_description`, `activity_action`, `order`) VALUES
(1,	'Teacher',	'Complete Profile',	'/profile',	1),
(2,	'Teacher',	'Add Class',	'/courseclasses/create',	2),
(3,	'Teacher',	'Create Exercise Set',	'/exercisesets/create',	3),
(4,	'Learner',	'Complete Profile',	'/profile',	4),
(5,	'Learner',	'Enroll Class',	'/courseclasses',	5),
(6,	'Learner',	'Practice Exercise Set',	'/exrecisesets',	6),
(7,	'Learner',	'Login',	'/login',	7),
(8,	'Teacher',	'Login',	'/login',	8),
(9,	'Parent',	'Login',	'/login',	9),
(10,	'Admin',	'Login',	'/login',	10);

DROP TABLE IF EXISTS `activity_log`;
CREATE TABLE `activity_log` (
  `id` int(11) NOT NULL AUTO_INCREMENT,
  `log_name` varchar(255) COLLATE utf8mb4_unicode_ci DEFAULT NULL,
  `description` text COLLATE utf8mb4_unicode_ci NOT NULL,
  `subject_id` int(11) DEFAULT NULL,
  `subject_type` varchar(255) COLLATE utf8mb4_unicode_ci DEFAULT NULL,
  `causer_id` int(11) DEFAULT NULL,
  `causer_type` varchar(255) COLLATE utf8mb4_unicode_ci DEFAULT NULL,
  `properties` text COLLATE utf8mb4_unicode_ci,
  `created_at` timestamp NULL DEFAULT NULL,
  `updated_at` timestamp NULL DEFAULT NULL,
  PRIMARY KEY (`id`)
) ENGINE=InnoDB DEFAULT CHARSET=utf8mb4 COLLATE=utf8mb4_unicode_ci;


DROP TABLE IF EXISTS `answeroptions`;
CREATE TABLE `answeroptions` (
  `id` int(11) NOT NULL AUTO_INCREMENT,
  `question_id` int(11) NOT NULL,
  `answer_type` enum('text','image','audio','video','richtext') COLLATE utf8mb4_unicode_ci NOT NULL,
  `details` text COLLATE utf8mb4_unicode_ci NOT NULL,
  `iscorrect` tinyint(1) NOT NULL DEFAULT '0',
  `sort_order` int(11) NOT NULL,
  PRIMARY KEY (`id`),
  KEY `question_id` (`question_id`),
  CONSTRAINT `answeroptions_ibfk_1` FOREIGN KEY (`question_id`) REFERENCES `questions` (`id`) ON DELETE CASCADE
) ENGINE=InnoDB DEFAULT CHARSET=utf8mb4 COLLATE=utf8mb4_unicode_ci;

INSERT INTO `answeroptions` (`id`, `question_id`, `answer_type`, `details`, `iscorrect`, `sort_order`) VALUES
(1,	1,	'text',	'Ans: Sed.',	0,	3),
(2,	1,	'text',	'Ans: Est.',	0,	3),
(3,	1,	'text',	'Ans: Ut.',	0,	1),
(4,	1,	'text',	'Ans: Nisi.',	1,	4),
(5,	2,	'text',	'Ans: Illo.',	0,	2),
(6,	2,	'text',	'Ans: Id.',	0,	1),
(7,	2,	'text',	'Ans: Illo.',	0,	3),
(8,	2,	'text',	'Ans: Et.',	1,	2),
(9,	3,	'text',	'Ans: Non.',	0,	4),
(10,	3,	'text',	'Ans: Quia.',	0,	1),
(11,	3,	'text',	'Ans: Ut.',	0,	2),
(12,	3,	'text',	'Ans: Quod.',	1,	4),
(13,	4,	'text',	'Ans: Iure.',	0,	1),
(14,	4,	'text',	'Ans: In.',	0,	2),
(15,	4,	'text',	'Ans: Nemo.',	0,	4),
(16,	4,	'text',	'Ans: Et.',	1,	3),
(17,	5,	'text',	'Ans: Est.',	0,	1),
(18,	5,	'text',	'Ans: Sed.',	0,	3),
(19,	5,	'text',	'Ans: Cum.',	0,	3),
(20,	5,	'text',	'Ans: In.',	1,	3),
(21,	6,	'text',	'Ans: Et.',	0,	3),
(22,	6,	'text',	'Ans: Sed.',	0,	1),
(23,	6,	'text',	'Ans: A.',	0,	4),
(24,	6,	'text',	'Ans: Qui.',	1,	3),
(25,	7,	'text',	'Ans: Sunt.',	0,	4),
(26,	7,	'text',	'Ans: Eum.',	0,	3),
(27,	7,	'text',	'Ans: Ea.',	0,	3),
(28,	7,	'text',	'Ans: Qui.',	1,	4),
(29,	8,	'text',	'Ans: Illo.',	0,	2),
(30,	8,	'text',	'Ans: Ut.',	0,	4),
(31,	8,	'text',	'Ans: Ex.',	0,	1),
(32,	8,	'text',	'Ans: Non.',	1,	4),
(33,	9,	'text',	'Ans: Rem.',	0,	3),
(34,	9,	'text',	'Ans: Ipsa.',	0,	2),
(35,	9,	'text',	'Ans: Quo.',	0,	1),
(36,	9,	'text',	'Ans: Ea.',	1,	1),
(37,	10,	'text',	'Ans: Qui.',	0,	4),
(38,	10,	'text',	'Ans: Est.',	0,	4),
(39,	10,	'text',	'Ans: Est.',	0,	2),
(40,	10,	'text',	'Ans: Ut.',	1,	1),
(41,	11,	'text',	'Ans: Non.',	0,	1),
(42,	11,	'text',	'Ans: Aut.',	0,	4),
(43,	11,	'text',	'Ans: Eius.',	0,	1),
(44,	11,	'text',	'Ans: Nemo.',	1,	3),
(45,	12,	'text',	'Ans: Modi.',	0,	1),
(46,	12,	'text',	'Ans: Ipsa.',	0,	2),
(47,	12,	'text',	'Ans: Nisi.',	0,	1),
(48,	12,	'text',	'Ans: Eum.',	1,	3),
(49,	13,	'text',	'Ans: Cum.',	0,	1),
(50,	13,	'text',	'Ans: Nisi.',	0,	4),
(51,	13,	'text',	'Ans: Enim.',	0,	1),
(52,	13,	'text',	'Ans: Eos.',	1,	3),
(53,	14,	'text',	'Ans: Et.',	0,	3),
(54,	14,	'text',	'Ans: Nemo.',	0,	1),
(55,	14,	'text',	'Ans: Est.',	0,	2),
(56,	14,	'text',	'Ans: Fuga.',	1,	3),
(57,	15,	'text',	'Ans: At.',	0,	4),
(58,	15,	'text',	'Ans: Sint.',	0,	4),
(59,	15,	'text',	'Ans: Qui.',	0,	4),
(60,	15,	'text',	'Ans: Quam.',	1,	2),
(61,	16,	'text',	'Ans: Quia.',	0,	3),
(62,	16,	'text',	'Ans: Odio.',	0,	3),
(63,	16,	'text',	'Ans: Aut.',	0,	3),
(64,	16,	'text',	'Ans: Qui.',	1,	2),
(65,	17,	'text',	'Ans: Sint.',	0,	2),
(66,	17,	'text',	'Ans: Unde.',	0,	2),
(67,	17,	'text',	'Ans: Ut.',	0,	3),
(68,	17,	'text',	'Ans: Et.',	1,	2),
(69,	18,	'text',	'Ans: Ab.',	0,	2),
(70,	18,	'text',	'Ans: Quis.',	0,	2),
(71,	18,	'text',	'Ans: Nemo.',	0,	3),
(72,	18,	'text',	'Ans: Et.',	1,	4),
(73,	19,	'text',	'Ans: Sed.',	0,	2),
(74,	19,	'text',	'Ans: Nemo.',	0,	1),
(75,	19,	'text',	'Ans: Ut.',	0,	3),
(76,	19,	'text',	'Ans: Sed.',	1,	1),
(77,	20,	'text',	'Ans: Quo.',	0,	4),
(78,	20,	'text',	'Ans: Iste.',	0,	2),
(79,	20,	'text',	'Ans: Ut.',	0,	4),
(80,	20,	'text',	'Ans: Odio.',	1,	4),
(81,	21,	'text',	'Ans: Et.',	0,	4),
(82,	21,	'text',	'Ans: Quas.',	0,	4),
(83,	21,	'text',	'Ans: Et.',	0,	2),
(84,	21,	'text',	'Ans: Odit.',	1,	2),
(85,	22,	'text',	'Ans: Sint.',	0,	4),
(86,	22,	'text',	'Ans: Id.',	0,	3),
(87,	22,	'text',	'Ans: Qui.',	0,	1),
(88,	22,	'text',	'Ans: Aut.',	1,	1),
(89,	23,	'text',	'Ans: Qui.',	0,	4),
(90,	23,	'text',	'Ans: Nisi.',	0,	2),
(91,	23,	'text',	'Ans: In.',	0,	3),
(92,	23,	'text',	'Ans: Quae.',	1,	3),
(93,	24,	'text',	'Ans: Sint.',	0,	3),
(94,	24,	'text',	'Ans: Enim.',	0,	4),
(95,	24,	'text',	'Ans: Ut.',	0,	3),
(96,	24,	'text',	'Ans: Quae.',	1,	2),
(97,	25,	'text',	'Ans: Aut.',	0,	1),
(98,	25,	'text',	'Ans: Ut.',	0,	4),
(99,	25,	'text',	'Ans: Aut.',	0,	1),
(100,	25,	'text',	'Ans: Quam.',	1,	2),
(101,	26,	'text',	'Ans: Quo.',	0,	4),
(102,	26,	'text',	'Ans: Sint.',	0,	2),
(103,	26,	'text',	'Ans: Quos.',	0,	2),
(104,	26,	'text',	'Ans: Aut.',	1,	4),
(105,	27,	'text',	'Ans: Illo.',	0,	4),
(106,	27,	'text',	'Ans: Ipsa.',	0,	3),
(107,	27,	'text',	'Ans: Et.',	0,	4),
(108,	27,	'text',	'Ans: Vel.',	1,	3),
(109,	28,	'text',	'Ans: Quae.',	0,	1),
(110,	28,	'text',	'Ans: Sit.',	0,	2),
(111,	28,	'text',	'Ans: Sint.',	0,	1),
(112,	28,	'text',	'Ans: Ut.',	1,	4),
(113,	29,	'text',	'Ans: Et.',	0,	4),
(114,	29,	'text',	'Ans: Sit.',	0,	3),
(115,	29,	'text',	'Ans: Nemo.',	0,	2),
(116,	29,	'text',	'Ans: Eum.',	1,	1),
(117,	30,	'text',	'Ans: Quo.',	0,	3),
(118,	30,	'text',	'Ans: Sit.',	0,	4),
(119,	30,	'text',	'Ans: Est.',	0,	4),
(120,	30,	'text',	'Ans: Est.',	1,	1),
(121,	31,	'text',	'Ans: Et.',	0,	3),
(122,	31,	'text',	'Ans: Sint.',	0,	1),
(123,	31,	'text',	'Ans: Illo.',	0,	3),
(124,	31,	'text',	'Ans: A.',	1,	3),
(125,	32,	'text',	'Ans: Unde.',	0,	3),
(126,	32,	'text',	'Ans: Nemo.',	0,	2),
(127,	32,	'text',	'Ans: Ab.',	0,	1),
(128,	32,	'text',	'Ans: Quae.',	1,	3),
(129,	33,	'text',	'Ans: Quas.',	0,	3),
(130,	33,	'text',	'Ans: Ab.',	0,	3),
(131,	33,	'text',	'Ans: Sed.',	0,	2),
(132,	33,	'text',	'Ans: Quis.',	1,	4),
(133,	34,	'text',	'Ans: Quis.',	0,	1),
(134,	34,	'text',	'Ans: Et.',	0,	4),
(135,	34,	'text',	'Ans: Quam.',	0,	1),
(136,	34,	'text',	'Ans: Aut.',	1,	2),
(137,	35,	'text',	'Ans: Ea.',	0,	2),
(138,	35,	'text',	'Ans: Aut.',	0,	3),
(139,	35,	'text',	'Ans: Sit.',	0,	3),
(140,	35,	'text',	'Ans: Et.',	1,	2),
(141,	36,	'text',	'Ans: Vel.',	0,	2),
(142,	36,	'text',	'Ans: Ut.',	0,	3),
(143,	36,	'text',	'Ans: Hic.',	0,	3),
(144,	36,	'text',	'Ans: At.',	1,	2),
(145,	37,	'text',	'Ans: Qui.',	0,	2),
(146,	37,	'text',	'Ans: Illo.',	0,	3),
(147,	37,	'text',	'Ans: Ut.',	0,	2),
(148,	37,	'text',	'Ans: Enim.',	1,	2),
(149,	38,	'text',	'Ans: Qui.',	0,	1),
(150,	38,	'text',	'Ans: Quia.',	0,	1),
(151,	38,	'text',	'Ans: Et.',	0,	4),
(152,	38,	'text',	'Ans: Non.',	1,	1),
(153,	39,	'text',	'Ans: Ex.',	0,	2),
(154,	39,	'text',	'Ans: At.',	0,	3),
(155,	39,	'text',	'Ans: Sit.',	0,	3),
(156,	39,	'text',	'Ans: Ad.',	1,	3),
(157,	40,	'text',	'Ans: Iste.',	0,	3),
(158,	40,	'text',	'Ans: Quos.',	0,	3),
(159,	40,	'text',	'Ans: Cum.',	0,	3),
(160,	40,	'text',	'Ans: Aut.',	1,	4),
(161,	41,	'text',	'Ans: Est.',	0,	2),
(162,	41,	'text',	'Ans: At.',	0,	1),
(163,	41,	'text',	'Ans: Sit.',	0,	1),
(164,	41,	'text',	'Ans: Eos.',	1,	3),
(165,	42,	'text',	'Ans: Aut.',	0,	4),
(166,	42,	'text',	'Ans: Nisi.',	0,	2),
(167,	42,	'text',	'Ans: Ut.',	0,	4),
(168,	42,	'text',	'Ans: Non.',	1,	2),
(169,	43,	'text',	'Ans: Ex.',	0,	4),
(170,	43,	'text',	'Ans: Odio.',	0,	3),
(171,	43,	'text',	'Ans: Cum.',	0,	1),
(172,	43,	'text',	'Ans: Non.',	1,	1),
(173,	44,	'text',	'Ans: Ut.',	0,	4),
(174,	44,	'text',	'Ans: Et.',	0,	3),
(175,	44,	'text',	'Ans: In.',	0,	3),
(176,	44,	'text',	'Ans: Vel.',	1,	1),
(177,	45,	'text',	'Ans: Quas.',	0,	1),
(178,	45,	'text',	'Ans: Ab.',	0,	4),
(179,	45,	'text',	'Ans: Ut.',	0,	1),
(180,	45,	'text',	'Ans: Qui.',	1,	1),
(181,	46,	'text',	'Ans: Non.',	0,	3),
(182,	46,	'text',	'Ans: Sunt.',	0,	3),
(183,	46,	'text',	'Ans: Sit.',	0,	3),
(184,	46,	'text',	'Ans: Eum.',	1,	4),
(185,	47,	'text',	'Ans: Aut.',	0,	1),
(186,	47,	'text',	'Ans: Sed.',	0,	1),
(187,	47,	'text',	'Ans: Sint.',	0,	2),
(188,	47,	'text',	'Ans: Et.',	1,	2),
(189,	48,	'text',	'Ans: Aut.',	0,	3),
(190,	48,	'text',	'Ans: Aut.',	0,	4),
(191,	48,	'text',	'Ans: Nemo.',	0,	3),
(192,	48,	'text',	'Ans: Et.',	1,	1),
(193,	49,	'text',	'Ans: Ut.',	0,	2),
(194,	49,	'text',	'Ans: Et.',	0,	2),
(195,	49,	'text',	'Ans: Quia.',	0,	3),
(196,	49,	'text',	'Ans: Et.',	1,	3),
(197,	50,	'text',	'Ans: Iure.',	0,	2),
(198,	50,	'text',	'Ans: Odio.',	0,	3),
(199,	50,	'text',	'Ans: Quos.',	0,	1),
(200,	50,	'text',	'Ans: Ea.',	1,	4),
(201,	51,	'text',	'Ans: Quia.',	0,	2),
(202,	51,	'text',	'Ans: Modi.',	0,	1),
(203,	51,	'text',	'Ans: Illo.',	0,	4),
(204,	51,	'text',	'Ans: Quia.',	1,	4),
(205,	52,	'text',	'Ans: Sint.',	0,	4),
(206,	52,	'text',	'Ans: Quam.',	0,	4),
(207,	52,	'text',	'Ans: Est.',	0,	2),
(208,	52,	'text',	'Ans: Est.',	1,	1),
(209,	53,	'text',	'Ans: Qui.',	0,	1),
(210,	53,	'text',	'Ans: Aut.',	0,	4),
(211,	53,	'text',	'Ans: Et.',	0,	1),
(212,	53,	'text',	'Ans: Quia.',	1,	4),
(213,	54,	'text',	'Ans: Ut.',	0,	4),
(214,	54,	'text',	'Ans: Qui.',	0,	2),
(215,	54,	'text',	'Ans: Sed.',	0,	3),
(216,	54,	'text',	'Ans: Nisi.',	1,	4),
(217,	55,	'text',	'Ans: Et.',	0,	3),
(218,	55,	'text',	'Ans: Vero.',	0,	4),
(219,	55,	'text',	'Ans: Ipsa.',	0,	1),
(220,	55,	'text',	'Ans: In.',	1,	1),
(221,	56,	'text',	'Ans: Quia.',	0,	4),
(222,	56,	'text',	'Ans: Sit.',	0,	2),
(223,	56,	'text',	'Ans: Iste.',	0,	4),
(224,	56,	'text',	'Ans: Ea.',	1,	4),
(225,	57,	'text',	'Ans: Et.',	0,	2),
(226,	57,	'text',	'Ans: Aut.',	0,	2),
(227,	57,	'text',	'Ans: Quo.',	0,	1),
(228,	57,	'text',	'Ans: Vel.',	1,	4),
(229,	58,	'text',	'Ans: Quos.',	0,	1),
(230,	58,	'text',	'Ans: Id.',	0,	1),
(231,	58,	'text',	'Ans: Sit.',	0,	2),
(232,	58,	'text',	'Ans: Quia.',	1,	2),
(233,	59,	'text',	'Ans: Aut.',	0,	4),
(234,	59,	'text',	'Ans: Ab.',	0,	1),
(235,	59,	'text',	'Ans: Quis.',	0,	1),
(236,	59,	'text',	'Ans: Enim.',	1,	4),
(237,	60,	'text',	'Ans: Hic.',	0,	1),
(238,	60,	'text',	'Ans: A et.',	0,	2),
(239,	60,	'text',	'Ans: Id.',	0,	4),
(240,	60,	'text',	'Ans: Est.',	1,	1),
(241,	61,	'text',	'Ans: Quae.',	0,	3),
(242,	61,	'text',	'Ans: Qui.',	0,	3),
(243,	61,	'text',	'Ans: Rem.',	0,	1),
(244,	61,	'text',	'Ans: Est.',	1,	1),
(245,	62,	'text',	'Ans: Aut.',	0,	2),
(246,	62,	'text',	'Ans: Ea.',	0,	3),
(247,	62,	'text',	'Ans: Quia.',	0,	2),
(248,	62,	'text',	'Ans: Eius.',	1,	4),
(249,	63,	'text',	'Ans: Et.',	0,	2),
(250,	63,	'text',	'Ans: Et.',	0,	1),
(251,	63,	'text',	'Ans: Enim.',	0,	1),
(252,	63,	'text',	'Ans: Ut.',	1,	1),
(253,	64,	'text',	'Ans: Eius.',	0,	2),
(254,	64,	'text',	'Ans: Sunt.',	0,	2),
(255,	64,	'text',	'Ans: Quo.',	0,	4),
(256,	64,	'text',	'Ans: Qui.',	1,	4),
(257,	65,	'text',	'Ans: Quam.',	0,	4),
(258,	65,	'text',	'Ans: Et.',	0,	2),
(259,	65,	'text',	'Ans: Vel.',	0,	4),
(260,	65,	'text',	'Ans: Sunt.',	1,	1),
(261,	66,	'text',	'Ans: Quod.',	0,	2),
(262,	66,	'text',	'Ans: Quae.',	0,	3),
(263,	66,	'text',	'Ans: Non.',	0,	4),
(264,	66,	'text',	'Ans: Sit.',	1,	1),
(265,	67,	'text',	'Ans: Qui.',	0,	3),
(266,	67,	'text',	'Ans: Hic.',	0,	2),
(267,	67,	'text',	'Ans: Ut.',	0,	4),
(268,	67,	'text',	'Ans: Qui.',	1,	1),
(269,	68,	'text',	'Ans: Ab.',	0,	2),
(270,	68,	'text',	'Ans: Iste.',	0,	1),
(271,	68,	'text',	'Ans: Qui.',	0,	1),
(272,	68,	'text',	'Ans: Ut.',	1,	4),
(273,	69,	'text',	'Ans: Est.',	0,	3),
(274,	69,	'text',	'Ans: In.',	0,	4),
(275,	69,	'text',	'Ans: Vero.',	0,	2),
(276,	69,	'text',	'Ans: Rem.',	1,	1),
(277,	70,	'text',	'Ans: Unde.',	0,	1),
(278,	70,	'text',	'Ans: Ea.',	0,	2),
(279,	70,	'text',	'Ans: Vel.',	0,	3),
(280,	70,	'text',	'Ans: Est.',	1,	4),
(281,	71,	'text',	'Ans: Sed.',	0,	2),
(282,	71,	'text',	'Ans: Et.',	0,	1),
(283,	71,	'text',	'Ans: Est.',	0,	3),
(284,	71,	'text',	'Ans: Id.',	1,	2),
(285,	72,	'text',	'Ans: Vero.',	0,	4),
(286,	72,	'text',	'Ans: Ab.',	0,	4),
(287,	72,	'text',	'Ans: A.',	0,	2),
(288,	72,	'text',	'Ans: Fuga.',	1,	2),
(289,	73,	'text',	'Ans: Vel.',	0,	3),
(290,	73,	'text',	'Ans: Vel.',	0,	3),
(291,	73,	'text',	'Ans: Et.',	0,	3),
(292,	73,	'text',	'Ans: Quis.',	1,	1),
(293,	74,	'text',	'Ans: Cum.',	0,	4),
(294,	74,	'text',	'Ans: Illo.',	0,	4),
(295,	74,	'text',	'Ans: Vel.',	0,	3),
(296,	74,	'text',	'Ans: Ab.',	1,	3),
(297,	75,	'text',	'Ans: Aut.',	0,	1),
(298,	75,	'text',	'Ans: Eum.',	0,	4),
(299,	75,	'text',	'Ans: Quia.',	0,	4),
(300,	75,	'text',	'Ans: Nemo.',	1,	2),
(301,	76,	'text',	'Ans: Est.',	0,	1),
(302,	76,	'text',	'Ans: Sint.',	0,	1),
(303,	76,	'text',	'Ans: Eos.',	0,	4),
(304,	76,	'text',	'Ans: Nemo.',	1,	3),
(305,	77,	'text',	'Ans: Eius.',	0,	1),
(306,	77,	'text',	'Ans: Quas.',	0,	4),
(307,	77,	'text',	'Ans: Quia.',	0,	4),
(308,	77,	'text',	'Ans: Qui.',	1,	2),
(309,	78,	'text',	'Ans: Quia.',	0,	4),
(310,	78,	'text',	'Ans: Esse.',	0,	1),
(311,	78,	'text',	'Ans: Sit.',	0,	4),
(312,	78,	'text',	'Ans: Ea.',	1,	3),
(313,	79,	'text',	'Ans: Quae.',	0,	3),
(314,	79,	'text',	'Ans: Aut.',	0,	1),
(315,	79,	'text',	'Ans: Sunt.',	0,	4),
(316,	79,	'text',	'Ans: Non.',	1,	3),
(317,	80,	'text',	'Ans: Cum.',	0,	4),
(318,	80,	'text',	'Ans: Vel.',	0,	2),
(319,	80,	'text',	'Ans: Ut.',	0,	4),
(320,	80,	'text',	'Ans: Et.',	1,	2),
(321,	81,	'text',	'Ans: Ad.',	0,	2),
(322,	81,	'text',	'Ans: Ab.',	0,	3),
(323,	81,	'text',	'Ans: Sit.',	0,	4),
(324,	81,	'text',	'Ans: Non.',	1,	4),
(325,	82,	'text',	'Ans: Quis.',	0,	3),
(326,	82,	'text',	'Ans: Quae.',	0,	1),
(327,	82,	'text',	'Ans: Vel.',	0,	4),
(328,	82,	'text',	'Ans: Hic.',	1,	4),
(329,	83,	'text',	'Ans: Quos.',	0,	4),
(330,	83,	'text',	'Ans: Odio.',	0,	4),
(331,	83,	'text',	'Ans: Quia.',	0,	3),
(332,	83,	'text',	'Ans: Odit.',	1,	4),
(333,	84,	'text',	'Ans: Ut.',	0,	2),
(334,	84,	'text',	'Ans: Quia.',	0,	1),
(335,	84,	'text',	'Ans: Quo.',	0,	3),
(336,	84,	'text',	'Ans: Qui.',	1,	4),
(337,	85,	'text',	'Ans: Ea.',	0,	2),
(338,	85,	'text',	'Ans: Ea.',	0,	1),
(339,	85,	'text',	'Ans: Quia.',	0,	2),
(340,	85,	'text',	'Ans: Est.',	1,	4),
(341,	86,	'text',	'Ans: Sed.',	0,	1),
(342,	86,	'text',	'Ans: Quia.',	0,	1),
(343,	86,	'text',	'Ans: Ab.',	0,	3),
(344,	86,	'text',	'Ans: Et.',	1,	3),
(345,	87,	'text',	'Ans: Non.',	0,	4),
(346,	87,	'text',	'Ans: Quo.',	0,	2),
(347,	87,	'text',	'Ans: Et.',	0,	4),
(348,	87,	'text',	'Ans: Non.',	1,	1),
(349,	88,	'text',	'Ans: Qui.',	0,	1),
(350,	88,	'text',	'Ans: Quia.',	0,	4),
(351,	88,	'text',	'Ans: Ut.',	0,	4),
(352,	88,	'text',	'Ans: Esse.',	1,	2),
(353,	89,	'text',	'Ans: Ex.',	0,	4),
(354,	89,	'text',	'Ans: In.',	0,	4),
(355,	89,	'text',	'Ans: Quia.',	0,	1),
(356,	89,	'text',	'Ans: Sit.',	1,	4),
(357,	90,	'text',	'Ans: Esse.',	0,	1),
(358,	90,	'text',	'Ans: Amet.',	0,	3),
(359,	90,	'text',	'Ans: Et.',	0,	3),
(360,	90,	'text',	'Ans: Ad.',	1,	1),
(361,	91,	'text',	'Ans: Et.',	0,	2),
(362,	91,	'text',	'Ans: Est.',	0,	3),
(363,	91,	'text',	'Ans: Aut.',	0,	1),
(364,	91,	'text',	'Ans: Et.',	1,	3),
(365,	92,	'text',	'Ans: Quo.',	0,	1),
(366,	92,	'text',	'Ans: Ut.',	0,	4),
(367,	92,	'text',	'Ans: Ipsa.',	0,	1),
(368,	92,	'text',	'Ans: Quae.',	1,	2),
(369,	93,	'text',	'Ans: Eos.',	0,	1),
(370,	93,	'text',	'Ans: Hic.',	0,	1),
(371,	93,	'text',	'Ans: Ut.',	0,	4),
(372,	93,	'text',	'Ans: Sed.',	1,	3),
(373,	94,	'text',	'Ans: Qui.',	0,	1),
(374,	94,	'text',	'Ans: Eum.',	0,	3),
(375,	94,	'text',	'Ans: Eos.',	0,	2),
(376,	94,	'text',	'Ans: Qui.',	1,	2),
(377,	95,	'text',	'Ans: Et.',	0,	1),
(378,	95,	'text',	'Ans: Quia.',	0,	2),
(379,	95,	'text',	'Ans: Rem.',	0,	2),
(380,	95,	'text',	'Ans: Ut.',	1,	3),
(381,	96,	'text',	'Ans: Et.',	0,	3),
(382,	96,	'text',	'Ans: Odit.',	0,	2),
(383,	96,	'text',	'Ans: Ad.',	0,	4),
(384,	96,	'text',	'Ans: Nemo.',	1,	4),
(385,	97,	'text',	'Ans: Ab.',	0,	1),
(386,	97,	'text',	'Ans: Id.',	0,	3),
(387,	97,	'text',	'Ans: Illo.',	0,	3),
(388,	97,	'text',	'Ans: Fuga.',	1,	3),
(389,	98,	'text',	'Ans: Sunt.',	0,	4),
(390,	98,	'text',	'Ans: In.',	0,	2),
(391,	98,	'text',	'Ans: Qui.',	0,	3),
(392,	98,	'text',	'Ans: Quo.',	1,	3),
(393,	99,	'text',	'Ans: Et.',	0,	1),
(394,	99,	'text',	'Ans: Sed.',	0,	1),
(395,	99,	'text',	'Ans: Modi.',	0,	2),
(396,	99,	'text',	'Ans: Quia.',	1,	3),
(397,	100,	'text',	'Ans: Quo.',	0,	3),
(398,	100,	'text',	'Ans: Vero.',	0,	4),
(399,	100,	'text',	'Ans: In.',	0,	3),
(400,	100,	'text',	'Ans: Et.',	1,	3),
(401,	101,	'text',	'Ans: Non.',	0,	3),
(402,	101,	'text',	'Ans: Ex.',	0,	1),
(403,	101,	'text',	'Ans: Sint.',	0,	1),
(404,	101,	'text',	'Ans: Nam.',	1,	1),
(405,	102,	'text',	'Ans: Non.',	0,	1),
(406,	102,	'text',	'Ans: Ut.',	0,	1),
(407,	102,	'text',	'Ans: Non.',	0,	3),
(408,	102,	'text',	'Ans: Qui.',	1,	3),
(409,	103,	'text',	'Ans: Id.',	0,	4),
(410,	103,	'text',	'Ans: Et.',	0,	4),
(411,	103,	'text',	'Ans: Ab.',	0,	1),
(412,	103,	'text',	'Ans: Et.',	1,	3),
(413,	104,	'text',	'Ans: Ipsa.',	0,	2),
(414,	104,	'text',	'Ans: Nemo.',	0,	3),
(415,	104,	'text',	'Ans: Sed.',	0,	3),
(416,	104,	'text',	'Ans: Fuga.',	1,	3),
(417,	105,	'text',	'Ans: Eum.',	0,	1),
(418,	105,	'text',	'Ans: Aut.',	0,	1),
(419,	105,	'text',	'Ans: At.',	0,	2),
(420,	105,	'text',	'Ans: Aut.',	1,	3),
(421,	106,	'text',	'Ans: Quae.',	0,	2),
(422,	106,	'text',	'Ans: Et.',	0,	3),
(423,	106,	'text',	'Ans: Et.',	0,	3),
(424,	106,	'text',	'Ans: In.',	1,	4),
(425,	107,	'text',	'Ans: Non.',	0,	1),
(426,	107,	'text',	'Ans: Hic.',	0,	4),
(427,	107,	'text',	'Ans: Et.',	0,	2),
(428,	107,	'text',	'Ans: Sit.',	1,	3),
(429,	108,	'text',	'Ans: Ea.',	0,	2),
(430,	108,	'text',	'Ans: Nemo.',	0,	4),
(431,	108,	'text',	'Ans: Ab.',	0,	3),
(432,	108,	'text',	'Ans: Qui.',	1,	2),
(433,	109,	'text',	'Ans: Quam.',	0,	3),
(434,	109,	'text',	'Ans: Et.',	0,	1),
(435,	109,	'text',	'Ans: Amet.',	0,	2),
(436,	109,	'text',	'Ans: Qui.',	1,	2),
(437,	110,	'text',	'Ans: Qui.',	0,	2),
(438,	110,	'text',	'Ans: Qui.',	0,	4),
(439,	110,	'text',	'Ans: Iste.',	0,	1),
(440,	110,	'text',	'Ans: Nam.',	1,	3),
(441,	111,	'text',	'Ans: Eos.',	0,	1),
(442,	111,	'text',	'Ans: Illo.',	0,	1),
(443,	111,	'text',	'Ans: Sunt.',	0,	4),
(444,	111,	'text',	'Ans: Ex.',	1,	2),
(445,	112,	'text',	'Ans: Qui.',	0,	4),
(446,	112,	'text',	'Ans: Iste.',	0,	1),
(447,	112,	'text',	'Ans: Quia.',	0,	1),
(448,	112,	'text',	'Ans: Eum.',	1,	3),
(449,	113,	'text',	'Ans: Unde.',	0,	4),
(450,	113,	'text',	'Ans: Ea.',	0,	3),
(451,	113,	'text',	'Ans: Ea.',	0,	2),
(452,	113,	'text',	'Ans: Ut.',	1,	2),
(453,	114,	'text',	'Ans: Quia.',	0,	2),
(454,	114,	'text',	'Ans: Eos.',	0,	4),
(455,	114,	'text',	'Ans: Sed.',	0,	2),
(456,	114,	'text',	'Ans: Odio.',	1,	1),
(457,	115,	'text',	'Ans: Non.',	0,	1),
(458,	115,	'text',	'Ans: Vel.',	0,	2),
(459,	115,	'text',	'Ans: Quis.',	0,	1),
(460,	115,	'text',	'Ans: Aut.',	1,	2),
(461,	116,	'text',	'Ans: Quos.',	0,	1),
(462,	116,	'text',	'Ans: Aut.',	0,	1),
(463,	116,	'text',	'Ans: Qui.',	0,	2),
(464,	116,	'text',	'Ans: Et.',	1,	1),
(465,	117,	'text',	'Ans: Hic.',	0,	1),
(466,	117,	'text',	'Ans: Nam.',	0,	1),
(467,	117,	'text',	'Ans: Qui.',	0,	2),
(468,	117,	'text',	'Ans: Ea.',	1,	3),
(469,	118,	'text',	'Ans: Quas.',	0,	4),
(470,	118,	'text',	'Ans: Aut.',	0,	3),
(471,	118,	'text',	'Ans: Quo.',	0,	3),
(472,	118,	'text',	'Ans: Ut.',	1,	1),
(473,	119,	'text',	'Ans: Ab.',	0,	2),
(474,	119,	'text',	'Ans: Et.',	0,	1),
(475,	119,	'text',	'Ans: In.',	0,	1),
(476,	119,	'text',	'Ans: Eum.',	1,	1),
(477,	120,	'text',	'Ans: Amet.',	0,	1),
(478,	120,	'text',	'Ans: Quia.',	0,	1),
(479,	120,	'text',	'Ans: Est.',	0,	4),
(480,	120,	'text',	'Ans: Ex.',	1,	3),
(481,	121,	'text',	'Ans: Eos.',	0,	4),
(482,	121,	'text',	'Ans: Fuga.',	0,	3),
(483,	121,	'text',	'Ans: Et.',	0,	1),
(484,	121,	'text',	'Ans: Esse.',	1,	4),
(485,	122,	'text',	'Ans: Quod.',	0,	3),
(486,	122,	'text',	'Ans: At.',	0,	3),
(487,	122,	'text',	'Ans: Iste.',	0,	4),
(488,	122,	'text',	'Ans: Iure.',	1,	2),
(489,	123,	'text',	'Ans: Quod.',	0,	3),
(490,	123,	'text',	'Ans: Quas.',	0,	3),
(491,	123,	'text',	'Ans: Vel.',	0,	1),
(492,	123,	'text',	'Ans: Nisi.',	1,	1),
(493,	124,	'text',	'Ans: Est.',	0,	3),
(494,	124,	'text',	'Ans: Non.',	0,	4),
(495,	124,	'text',	'Ans: Sed.',	0,	3),
(496,	124,	'text',	'Ans: Sint.',	1,	2),
(497,	125,	'text',	'Ans: Et.',	0,	3),
(498,	125,	'text',	'Ans: Id.',	0,	2),
(499,	125,	'text',	'Ans: Sit.',	0,	4),
(500,	125,	'text',	'Ans: Qui.',	1,	3),
(501,	126,	'text',	'Ans: Sint.',	0,	2),
(502,	126,	'text',	'Ans: Sunt.',	0,	4),
(503,	126,	'text',	'Ans: Qui.',	0,	1),
(504,	126,	'text',	'Ans: Aut.',	1,	4),
(505,	127,	'text',	'Ans: Est.',	0,	4),
(506,	127,	'text',	'Ans: Ea.',	0,	2),
(507,	127,	'text',	'Ans: Quia.',	0,	1),
(508,	127,	'text',	'Ans: Sed.',	1,	3),
(509,	128,	'text',	'Ans: Unde.',	0,	2),
(510,	128,	'text',	'Ans: Ut.',	0,	3),
(511,	128,	'text',	'Ans: Non.',	0,	1),
(512,	128,	'text',	'Ans: Et.',	1,	1),
(513,	129,	'text',	'Ans: Ad.',	0,	3),
(514,	129,	'text',	'Ans: Sint.',	0,	1),
(515,	129,	'text',	'Ans: Et.',	0,	3),
(516,	129,	'text',	'Ans: Quis.',	1,	1),
(517,	130,	'text',	'Ans: Esse.',	0,	2),
(518,	130,	'text',	'Ans: Esse.',	0,	3),
(519,	130,	'text',	'Ans: Sit.',	0,	4),
(520,	130,	'text',	'Ans: Sunt.',	1,	1),
(521,	131,	'text',	'Ans: Ut.',	0,	2),
(522,	131,	'text',	'Ans: Hic.',	0,	3),
(523,	131,	'text',	'Ans: Vel.',	0,	3),
(524,	131,	'text',	'Ans: Eos.',	1,	3),
(525,	132,	'text',	'Ans: Quia.',	0,	4),
(526,	132,	'text',	'Ans: Vel.',	0,	2),
(527,	132,	'text',	'Ans: Eos.',	0,	3),
(528,	132,	'text',	'Ans: Quia.',	1,	3),
(529,	133,	'text',	'Ans: Quis.',	0,	4),
(530,	133,	'text',	'Ans: Enim.',	0,	4),
(531,	133,	'text',	'Ans: Vel.',	0,	4),
(532,	133,	'text',	'Ans: Quia.',	1,	3),
(533,	134,	'text',	'Ans: Est.',	0,	4),
(534,	134,	'text',	'Ans: Eos.',	0,	1),
(535,	134,	'text',	'Ans: Eum.',	0,	3),
(536,	134,	'text',	'Ans: Quam.',	1,	4),
(537,	135,	'text',	'Ans: Ad.',	0,	4),
(538,	135,	'text',	'Ans: Sed.',	0,	2),
(539,	135,	'text',	'Ans: Iure.',	0,	2),
(540,	135,	'text',	'Ans: Sint.',	1,	3),
(541,	136,	'text',	'Ans: Ad.',	0,	4),
(542,	136,	'text',	'Ans: Enim.',	0,	1),
(543,	136,	'text',	'Ans: Aut.',	0,	3),
(544,	136,	'text',	'Ans: Aut.',	1,	2),
(545,	137,	'text',	'Ans: Nemo.',	0,	2),
(546,	137,	'text',	'Ans: Non.',	0,	2),
(547,	137,	'text',	'Ans: Qui.',	0,	3),
(548,	137,	'text',	'Ans: Quia.',	1,	2),
(549,	138,	'text',	'Ans: Qui.',	0,	2),
(550,	138,	'text',	'Ans: Aut.',	0,	3),
(551,	138,	'text',	'Ans: Aut.',	0,	2),
(552,	138,	'text',	'Ans: Sint.',	1,	1),
(553,	139,	'text',	'Ans: Quia.',	0,	4),
(554,	139,	'text',	'Ans: Vel.',	0,	4),
(555,	139,	'text',	'Ans: Et.',	0,	3),
(556,	139,	'text',	'Ans: Sit.',	1,	2),
(557,	140,	'text',	'Ans: Quae.',	0,	1),
(558,	140,	'text',	'Ans: A.',	0,	2),
(559,	140,	'text',	'Ans: Esse.',	0,	2),
(560,	140,	'text',	'Ans: Ipsa.',	1,	2),
(561,	141,	'text',	'Ans: Quo.',	0,	3),
(562,	141,	'text',	'Ans: Qui.',	0,	4),
(563,	141,	'text',	'Ans: Quod.',	0,	4),
(564,	141,	'text',	'Ans: Ut.',	1,	2),
(565,	142,	'text',	'Ans: Quo.',	0,	2),
(566,	142,	'text',	'Ans: Quam.',	0,	1),
(567,	142,	'text',	'Ans: Eos.',	0,	3),
(568,	142,	'text',	'Ans: Enim.',	1,	4),
(569,	143,	'text',	'Ans: Odio.',	0,	2),
(570,	143,	'text',	'Ans: Est.',	0,	3),
(571,	143,	'text',	'Ans: Esse.',	0,	1),
(572,	143,	'text',	'Ans: Sint.',	1,	2),
(573,	144,	'text',	'Ans: Aut.',	0,	2),
(574,	144,	'text',	'Ans: Aut.',	0,	3),
(575,	144,	'text',	'Ans: Est.',	0,	1),
(576,	144,	'text',	'Ans: Quia.',	1,	4),
(577,	145,	'text',	'Ans: Quae.',	0,	3),
(578,	145,	'text',	'Ans: Eius.',	0,	2),
(579,	145,	'text',	'Ans: Ut.',	0,	3),
(580,	145,	'text',	'Ans: Est.',	1,	2),
(581,	146,	'text',	'Ans: Nemo.',	0,	2),
(582,	146,	'text',	'Ans: Qui.',	0,	3),
(583,	146,	'text',	'Ans: Quo.',	0,	4),
(584,	146,	'text',	'Ans: Est.',	1,	4),
(585,	147,	'text',	'Ans: Ea.',	0,	1),
(586,	147,	'text',	'Ans: At.',	0,	4),
(587,	147,	'text',	'Ans: Fuga.',	0,	3),
(588,	147,	'text',	'Ans: Cum.',	1,	4),
(589,	148,	'text',	'Ans: Ab.',	0,	1),
(590,	148,	'text',	'Ans: Et.',	0,	2),
(591,	148,	'text',	'Ans: Sed.',	0,	2),
(592,	148,	'text',	'Ans: Aut.',	1,	1),
(593,	149,	'text',	'Ans: Sit.',	0,	1),
(594,	149,	'text',	'Ans: Et.',	0,	1),
(595,	149,	'text',	'Ans: Sed.',	0,	3),
(596,	149,	'text',	'Ans: Aut.',	1,	4),
(597,	150,	'text',	'Ans: Et.',	0,	3),
(598,	150,	'text',	'Ans: Et.',	0,	2),
(599,	150,	'text',	'Ans: Quae.',	0,	1),
(600,	150,	'text',	'Ans: Ut.',	1,	1),
(601,	151,	'text',	'Ans: Sit.',	0,	3),
(602,	151,	'text',	'Ans: Sint.',	0,	3),
(603,	151,	'text',	'Ans: Et.',	0,	2),
(604,	151,	'text',	'Ans: Est.',	1,	1),
(605,	152,	'text',	'Ans: Et.',	0,	1),
(606,	152,	'text',	'Ans: Et.',	0,	2),
(607,	152,	'text',	'Ans: Id.',	0,	3),
(608,	152,	'text',	'Ans: Vero.',	1,	1),
(609,	153,	'text',	'Ans: At.',	0,	4),
(610,	153,	'text',	'Ans: Sint.',	0,	2),
(611,	153,	'text',	'Ans: Ea.',	0,	3),
(612,	153,	'text',	'Ans: Et.',	1,	1),
(613,	154,	'text',	'Ans: Qui.',	0,	4),
(614,	154,	'text',	'Ans: Quia.',	0,	3),
(615,	154,	'text',	'Ans: Illo.',	0,	1),
(616,	154,	'text',	'Ans: Est.',	1,	3),
(617,	155,	'text',	'Ans: Amet.',	0,	1),
(618,	155,	'text',	'Ans: Sit.',	0,	2),
(619,	155,	'text',	'Ans: Ea.',	0,	3),
(620,	155,	'text',	'Ans: Cum.',	1,	4),
(621,	156,	'text',	'Ans: Rem.',	0,	3),
(622,	156,	'text',	'Ans: Sunt.',	0,	3),
(623,	156,	'text',	'Ans: Enim.',	0,	2),
(624,	156,	'text',	'Ans: Et.',	1,	2),
(625,	157,	'text',	'Ans: Qui.',	0,	4),
(626,	157,	'text',	'Ans: A.',	0,	4),
(627,	157,	'text',	'Ans: Sed.',	0,	3),
(628,	157,	'text',	'Ans: Odio.',	1,	2),
(629,	158,	'text',	'Ans: Et.',	0,	1),
(630,	158,	'text',	'Ans: Nisi.',	0,	4),
(631,	158,	'text',	'Ans: Id.',	0,	1),
(632,	158,	'text',	'Ans: Et.',	1,	4),
(633,	159,	'text',	'Ans: Fuga.',	0,	2),
(634,	159,	'text',	'Ans: Et.',	0,	4),
(635,	159,	'text',	'Ans: Eum.',	0,	1),
(636,	159,	'text',	'Ans: Id.',	1,	4),
(637,	160,	'text',	'Ans: Quae.',	0,	4),
(638,	160,	'text',	'Ans: Id.',	0,	1),
(639,	160,	'text',	'Ans: Ab.',	0,	3),
(640,	160,	'text',	'Ans: Illo.',	1,	3),
(641,	161,	'text',	'Ans: Vel.',	0,	4),
(642,	161,	'text',	'Ans: Est.',	0,	4),
(643,	161,	'text',	'Ans: Ad.',	0,	4),
(644,	161,	'text',	'Ans: Quis.',	1,	4),
(645,	162,	'text',	'Ans: Qui.',	0,	3),
(646,	162,	'text',	'Ans: Unde.',	0,	4),
(647,	162,	'text',	'Ans: Non.',	0,	4),
(648,	162,	'text',	'Ans: Modi.',	1,	2),
(649,	163,	'text',	'Ans: Eos.',	0,	2),
(650,	163,	'text',	'Ans: Et.',	0,	2),
(651,	163,	'text',	'Ans: Et.',	0,	3),
(652,	163,	'text',	'Ans: Quae.',	1,	4),
(653,	164,	'text',	'Ans: Quae.',	0,	1),
(654,	164,	'text',	'Ans: Enim.',	0,	4),
(655,	164,	'text',	'Ans: Quis.',	0,	4),
(656,	164,	'text',	'Ans: Id.',	1,	4),
(657,	165,	'text',	'Ans: Aut.',	0,	1),
(658,	165,	'text',	'Ans: Eos.',	0,	4),
(659,	165,	'text',	'Ans: Quia.',	0,	1),
(660,	165,	'text',	'Ans: Sunt.',	1,	4),
(661,	166,	'text',	'Ans: Est.',	0,	4),
(662,	166,	'text',	'Ans: Ut.',	0,	2),
(663,	166,	'text',	'Ans: Quia.',	0,	2),
(664,	166,	'text',	'Ans: Quas.',	1,	3),
(665,	167,	'text',	'Ans: Nemo.',	0,	1),
(666,	167,	'text',	'Ans: Aut.',	0,	2),
(667,	167,	'text',	'Ans: Non.',	0,	1),
(668,	167,	'text',	'Ans: Vel.',	1,	2),
(669,	168,	'text',	'Ans: Sed.',	0,	3),
(670,	168,	'text',	'Ans: Sed.',	0,	3),
(671,	168,	'text',	'Ans: Odio.',	0,	3),
(672,	168,	'text',	'Ans: Non.',	1,	3),
(673,	169,	'text',	'Ans: Illo.',	0,	4),
(674,	169,	'text',	'Ans: At.',	0,	2),
(675,	169,	'text',	'Ans: Non.',	0,	2),
(676,	169,	'text',	'Ans: Ut.',	1,	2),
(677,	170,	'text',	'Ans: Modi.',	0,	3),
(678,	170,	'text',	'Ans: Est.',	0,	3),
(679,	170,	'text',	'Ans: Aut.',	0,	1),
(680,	170,	'text',	'Ans: Fuga.',	1,	2),
(681,	171,	'text',	'Ans: Ut.',	0,	3),
(682,	171,	'text',	'Ans: Hic.',	0,	4),
(683,	171,	'text',	'Ans: Et.',	0,	4),
(684,	171,	'text',	'Ans: Quae.',	1,	1),
(685,	172,	'text',	'Ans: Aut.',	0,	3),
(686,	172,	'text',	'Ans: Quis.',	0,	3),
(687,	172,	'text',	'Ans: Est.',	0,	3),
(688,	172,	'text',	'Ans: Eius.',	1,	3),
(689,	173,	'text',	'Ans: A.',	0,	4),
(690,	173,	'text',	'Ans: Quae.',	0,	2),
(691,	173,	'text',	'Ans: Sit.',	0,	3),
(692,	173,	'text',	'Ans: Ut.',	1,	1),
(693,	174,	'text',	'Ans: Sunt.',	0,	1),
(694,	174,	'text',	'Ans: Ut.',	0,	2),
(695,	174,	'text',	'Ans: Nisi.',	0,	3),
(696,	174,	'text',	'Ans: Non.',	1,	1),
(697,	175,	'text',	'Ans: Aut.',	0,	3),
(698,	175,	'text',	'Ans: Ut.',	0,	3),
(699,	175,	'text',	'Ans: Eum.',	0,	2),
(700,	175,	'text',	'Ans: Et.',	1,	4),
(701,	176,	'text',	'Ans: Et.',	0,	2),
(702,	176,	'text',	'Ans: Illo.',	0,	1),
(703,	176,	'text',	'Ans: Odit.',	0,	2),
(704,	176,	'text',	'Ans: In.',	1,	4),
(705,	177,	'text',	'Ans: Aut.',	0,	3),
(706,	177,	'text',	'Ans: Id.',	0,	2),
(707,	177,	'text',	'Ans: Ex.',	0,	3),
(708,	177,	'text',	'Ans: In.',	1,	3),
(709,	178,	'text',	'Ans: Est.',	0,	2),
(710,	178,	'text',	'Ans: Aut.',	0,	1),
(711,	178,	'text',	'Ans: Sunt.',	0,	2),
(712,	178,	'text',	'Ans: Iure.',	1,	3),
(713,	179,	'text',	'Ans: Est.',	0,	4),
(714,	179,	'text',	'Ans: Sunt.',	0,	2),
(715,	179,	'text',	'Ans: A.',	0,	1),
(716,	179,	'text',	'Ans: Vel.',	1,	2),
(717,	180,	'text',	'Ans: Eum.',	0,	2),
(718,	180,	'text',	'Ans: Ut.',	0,	4),
(719,	180,	'text',	'Ans: Id.',	0,	1),
(720,	180,	'text',	'Ans: Sunt.',	1,	4),
(721,	181,	'text',	'Ans: In.',	0,	2),
(722,	181,	'text',	'Ans: Ut.',	0,	2),
(723,	181,	'text',	'Ans: Sed.',	0,	1),
(724,	181,	'text',	'Ans: Unde.',	1,	3),
(725,	182,	'text',	'Ans: Nisi.',	0,	4),
(726,	182,	'text',	'Ans: Sunt.',	0,	4),
(727,	182,	'text',	'Ans: Quam.',	0,	4),
(728,	182,	'text',	'Ans: Rem.',	1,	2),
(729,	183,	'text',	'Ans: Et.',	0,	1),
(730,	183,	'text',	'Ans: Quod.',	0,	3),
(731,	183,	'text',	'Ans: Aut.',	0,	4),
(732,	183,	'text',	'Ans: Aut.',	1,	4),
(733,	184,	'text',	'Ans: Est.',	0,	2),
(734,	184,	'text',	'Ans: Aut.',	0,	3),
(735,	184,	'text',	'Ans: Id.',	0,	2),
(736,	184,	'text',	'Ans: Vel.',	1,	2),
(737,	185,	'text',	'Ans: Aut.',	0,	4),
(738,	185,	'text',	'Ans: Et.',	0,	2),
(739,	185,	'text',	'Ans: Et.',	0,	4),
(740,	185,	'text',	'Ans: Nisi.',	1,	3),
(741,	186,	'text',	'Ans: Eum.',	0,	4),
(742,	186,	'text',	'Ans: Sed.',	0,	4),
(743,	186,	'text',	'Ans: Iure.',	0,	4),
(744,	186,	'text',	'Ans: Modi.',	1,	4),
(745,	187,	'text',	'Ans: Ut.',	0,	1),
(746,	187,	'text',	'Ans: Et.',	0,	4),
(747,	187,	'text',	'Ans: Sit.',	0,	3),
(748,	187,	'text',	'Ans: Et.',	1,	1),
(749,	188,	'text',	'Ans: Qui.',	0,	3),
(750,	188,	'text',	'Ans: Illo.',	0,	2),
(751,	188,	'text',	'Ans: Vero.',	0,	1),
(752,	188,	'text',	'Ans: Ut.',	1,	2),
(753,	189,	'text',	'Ans: Et.',	0,	1),
(754,	189,	'text',	'Ans: Odio.',	0,	2),
(755,	189,	'text',	'Ans: Aut.',	0,	4),
(756,	189,	'text',	'Ans: In.',	1,	3),
(757,	190,	'text',	'Ans: Nemo.',	0,	3),
(758,	190,	'text',	'Ans: Ut.',	0,	2),
(759,	190,	'text',	'Ans: Eos.',	0,	1),
(760,	190,	'text',	'Ans: Quia.',	1,	1),
(761,	191,	'text',	'Ans: Quia.',	0,	2),
(762,	191,	'text',	'Ans: Et.',	0,	2),
(763,	191,	'text',	'Ans: Eum.',	0,	2),
(764,	191,	'text',	'Ans: Et.',	1,	3),
(765,	192,	'text',	'Ans: Odit.',	0,	3),
(766,	192,	'text',	'Ans: Modi.',	0,	2),
(767,	192,	'text',	'Ans: Eum.',	0,	2),
(768,	192,	'text',	'Ans: Non.',	1,	4),
(769,	193,	'text',	'Ans: In.',	0,	4),
(770,	193,	'text',	'Ans: Odit.',	0,	1),
(771,	193,	'text',	'Ans: Quos.',	0,	2),
(772,	193,	'text',	'Ans: Ea.',	1,	1),
(773,	194,	'text',	'Ans: Et.',	0,	2),
(774,	194,	'text',	'Ans: Quos.',	0,	2),
(775,	194,	'text',	'Ans: At.',	0,	3),
(776,	194,	'text',	'Ans: Sit.',	1,	3),
(777,	195,	'text',	'Ans: Vel.',	0,	1),
(778,	195,	'text',	'Ans: Iste.',	0,	2),
(779,	195,	'text',	'Ans: Eum.',	0,	1),
(780,	195,	'text',	'Ans: Qui.',	1,	1),
(781,	196,	'text',	'Ans: Eius.',	0,	3),
(782,	196,	'text',	'Ans: Sint.',	0,	4),
(783,	196,	'text',	'Ans: Quod.',	0,	2),
(784,	196,	'text',	'Ans: Est.',	1,	1),
(785,	197,	'text',	'Ans: Esse.',	0,	3),
(786,	197,	'text',	'Ans: Eos.',	0,	4),
(787,	197,	'text',	'Ans: Aut.',	0,	4),
(788,	197,	'text',	'Ans: Quod.',	1,	1),
(789,	198,	'text',	'Ans: Eius.',	0,	4),
(790,	198,	'text',	'Ans: Est.',	0,	4),
(791,	198,	'text',	'Ans: In.',	0,	3),
(792,	198,	'text',	'Ans: Qui.',	1,	4),
(793,	199,	'text',	'Ans: Rem.',	0,	2),
(794,	199,	'text',	'Ans: Est.',	0,	2),
(795,	199,	'text',	'Ans: Est.',	0,	2),
(796,	199,	'text',	'Ans: Nisi.',	1,	2),
(797,	200,	'text',	'Ans: Ut.',	0,	4),
(798,	200,	'text',	'Ans: Non.',	0,	2),
(799,	200,	'text',	'Ans: Et.',	0,	2),
(800,	200,	'text',	'Ans: Aut.',	1,	1),
(801,	201,	'text',	'Ans: Amet.',	0,	3),
(802,	201,	'text',	'Ans: Quo.',	0,	3),
(803,	201,	'text',	'Ans: Et.',	0,	3),
(804,	201,	'text',	'Ans: Illo.',	1,	1),
(805,	202,	'text',	'Ans: Iste.',	0,	2),
(806,	202,	'text',	'Ans: Sed.',	0,	4),
(807,	202,	'text',	'Ans: Quia.',	0,	3),
(808,	202,	'text',	'Ans: Iure.',	1,	4),
(809,	203,	'text',	'Ans: In.',	0,	4),
(810,	203,	'text',	'Ans: Id.',	0,	1),
(811,	203,	'text',	'Ans: Nemo.',	0,	4),
(812,	203,	'text',	'Ans: Sint.',	1,	2),
(813,	204,	'text',	'Ans: Eum.',	0,	3),
(814,	204,	'text',	'Ans: At.',	0,	4),
(815,	204,	'text',	'Ans: Quo.',	0,	2),
(816,	204,	'text',	'Ans: Aut.',	1,	4),
(817,	205,	'text',	'Ans: Ipsa.',	0,	2),
(818,	205,	'text',	'Ans: Qui.',	0,	2),
(819,	205,	'text',	'Ans: Non.',	0,	4),
(820,	205,	'text',	'Ans: Est.',	1,	4),
(821,	206,	'text',	'Ans: Quis.',	0,	2),
(822,	206,	'text',	'Ans: Et.',	0,	1),
(823,	206,	'text',	'Ans: Sit.',	0,	3),
(824,	206,	'text',	'Ans: Esse.',	1,	2),
(825,	207,	'text',	'Ans: Qui.',	0,	3),
(826,	207,	'text',	'Ans: Iste.',	0,	3),
(827,	207,	'text',	'Ans: Et.',	0,	3),
(828,	207,	'text',	'Ans: Eos.',	1,	4),
(829,	208,	'text',	'Ans: Quia.',	0,	3),
(830,	208,	'text',	'Ans: Ut.',	0,	2),
(831,	208,	'text',	'Ans: Et.',	0,	2),
(832,	208,	'text',	'Ans: Quas.',	1,	3),
(833,	209,	'text',	'Ans: Aut.',	0,	1),
(834,	209,	'text',	'Ans: Quia.',	0,	1),
(835,	209,	'text',	'Ans: Sit.',	0,	3),
(836,	209,	'text',	'Ans: Ex.',	1,	4),
(837,	210,	'text',	'Ans: Non.',	0,	1),
(838,	210,	'text',	'Ans: Id.',	0,	1),
(839,	210,	'text',	'Ans: Ea.',	0,	3),
(840,	210,	'text',	'Ans: Non.',	1,	4),
(841,	211,	'text',	'Ans: Et.',	0,	3),
(842,	211,	'text',	'Ans: Qui.',	0,	1),
(843,	211,	'text',	'Ans: Et.',	0,	3),
(844,	211,	'text',	'Ans: Odio.',	1,	2),
(845,	212,	'text',	'Ans: Modi.',	0,	4),
(846,	212,	'text',	'Ans: Et.',	0,	4),
(847,	212,	'text',	'Ans: Aut.',	0,	4),
(848,	212,	'text',	'Ans: Eos.',	1,	4),
(849,	213,	'text',	'Ans: Iure.',	0,	3),
(850,	213,	'text',	'Ans: Aut.',	0,	3),
(851,	213,	'text',	'Ans: Iure.',	0,	3),
(852,	213,	'text',	'Ans: Qui.',	1,	1),
(853,	214,	'text',	'Ans: Non.',	0,	4),
(854,	214,	'text',	'Ans: Id.',	0,	4),
(855,	214,	'text',	'Ans: Non.',	0,	4),
(856,	214,	'text',	'Ans: At.',	1,	2),
(857,	215,	'text',	'Ans: Et.',	0,	1),
(858,	215,	'text',	'Ans: Sunt.',	0,	3),
(859,	215,	'text',	'Ans: Qui.',	0,	4),
(860,	215,	'text',	'Ans: Qui.',	1,	1),
(861,	216,	'text',	'Ans: Unde.',	0,	2),
(862,	216,	'text',	'Ans: Cum.',	0,	3),
(863,	216,	'text',	'Ans: Eos.',	0,	1),
(864,	216,	'text',	'Ans: Fuga.',	1,	2),
(865,	217,	'text',	'Ans: Qui.',	0,	4),
(866,	217,	'text',	'Ans: Et.',	0,	2),
(867,	217,	'text',	'Ans: Ut.',	0,	4),
(868,	217,	'text',	'Ans: Iure.',	1,	1),
(869,	218,	'text',	'Ans: Et.',	0,	1),
(870,	218,	'text',	'Ans: Iure.',	0,	2),
(871,	218,	'text',	'Ans: Qui.',	0,	3),
(872,	218,	'text',	'Ans: Modi.',	1,	3),
(873,	219,	'text',	'Ans: Et.',	0,	1),
(874,	219,	'text',	'Ans: Est.',	0,	3),
(875,	219,	'text',	'Ans: Ut.',	0,	2),
(876,	219,	'text',	'Ans: Et.',	1,	3),
(877,	220,	'text',	'Ans: Sit.',	0,	4),
(878,	220,	'text',	'Ans: Aut.',	0,	2),
(879,	220,	'text',	'Ans: Amet.',	0,	4),
(880,	220,	'text',	'Ans: Enim.',	1,	1),
(881,	221,	'text',	'Ans: Esse.',	0,	2),
(882,	221,	'text',	'Ans: Quo.',	0,	2),
(883,	221,	'text',	'Ans: Quae.',	0,	1),
(884,	221,	'text',	'Ans: Vel.',	1,	1),
(885,	222,	'text',	'Ans: Non.',	0,	3),
(886,	222,	'text',	'Ans: Quis.',	0,	2),
(887,	222,	'text',	'Ans: Et.',	0,	2),
(888,	222,	'text',	'Ans: Enim.',	1,	1),
(889,	223,	'text',	'Ans: Est.',	0,	1),
(890,	223,	'text',	'Ans: Eum.',	0,	2),
(891,	223,	'text',	'Ans: Sed.',	0,	2),
(892,	223,	'text',	'Ans: Qui.',	1,	4),
(893,	224,	'text',	'Ans: Id.',	0,	3),
(894,	224,	'text',	'Ans: Eos.',	0,	4),
(895,	224,	'text',	'Ans: Quam.',	0,	3),
(896,	224,	'text',	'Ans: Qui.',	1,	1),
(897,	225,	'text',	'Ans: Eos.',	0,	3),
(898,	225,	'text',	'Ans: Est.',	0,	1),
(899,	225,	'text',	'Ans: Et.',	0,	2),
(900,	225,	'text',	'Ans: Et.',	1,	2),
(901,	226,	'text',	'Ans: Est.',	0,	3),
(902,	226,	'text',	'Ans: Iure.',	0,	3),
(903,	226,	'text',	'Ans: Ad.',	0,	4),
(904,	226,	'text',	'Ans: Eum.',	1,	2),
(905,	227,	'text',	'Ans: Nisi.',	0,	1),
(906,	227,	'text',	'Ans: Sint.',	0,	4),
(907,	227,	'text',	'Ans: Non.',	0,	3),
(908,	227,	'text',	'Ans: In.',	1,	2),
(909,	228,	'text',	'Ans: Qui.',	0,	4),
(910,	228,	'text',	'Ans: Quis.',	0,	2),
(911,	228,	'text',	'Ans: Quae.',	0,	2),
(912,	228,	'text',	'Ans: Ut.',	1,	2),
(913,	229,	'text',	'Ans: Quo.',	0,	1),
(914,	229,	'text',	'Ans: Odio.',	0,	1),
(915,	229,	'text',	'Ans: Non.',	0,	3),
(916,	229,	'text',	'Ans: Et.',	1,	4),
(917,	230,	'text',	'Ans: Et.',	0,	2),
(918,	230,	'text',	'Ans: Cum.',	0,	4),
(919,	230,	'text',	'Ans: Modi.',	0,	1),
(920,	230,	'text',	'Ans: At.',	1,	2);

DROP TABLE IF EXISTS `badges`;
CREATE TABLE `badges` (
  `id` int(11) NOT NULL AUTO_INCREMENT,
  `badgetitle` text COLLATE utf8mb4_unicode_ci NOT NULL,
  `badgedescription` text COLLATE utf8mb4_unicode_ci NOT NULL,
  `badgeimageurl` varchar(250) COLLATE utf8mb4_unicode_ci NOT NULL,
  `points` int(11) DEFAULT NULL,
  `badgegroup` int(11) DEFAULT NULL,
  `isactive` tinyint(1) NOT NULL DEFAULT '1',
  `badge_condition` varchar(250) COLLATE utf8mb4_unicode_ci NOT NULL,
  `addedon` timestamp NOT NULL DEFAULT CURRENT_TIMESTAMP,
  `updated_at` datetime DEFAULT NULL,
  PRIMARY KEY (`id`)
) ENGINE=InnoDB DEFAULT CHARSET=utf8mb4 COLLATE=utf8mb4_unicode_ci;

INSERT INTO `badges` (`id`, `badgetitle`, `badgedescription`, `badgeimageurl`, `points`, `badgegroup`, `isactive`, `badge_condition`, `addedon`, `updated_at`) VALUES
(1,	'Badge of Magnam.',	'Nihil fugiat vitae rerum eos.',	'',	79,	NULL,	1,	'oVwEHkBpux',	'2018-03-05 18:30:00',	NULL),
(2,	'Badge of Et.',	'Sit at dolor dicta est.',	'',	11,	NULL,	1,	'yNcu3nYKOz',	'2018-03-05 18:30:00',	NULL),
(3,	'Badge of Quo.',	'Delectus eum maiores ut.',	'',	75,	NULL,	0,	'ok4WzTQh66',	'2018-03-05 18:30:00',	NULL),
(4,	'Badge of Et.',	'Et eligendi qui ut commodi.',	'',	83,	NULL,	0,	'AdINQPJTB2',	'2018-03-05 18:30:00',	NULL),
(5,	'Badge of Labore.',	'Ea non eligendi odio quam.',	'',	78,	NULL,	1,	'w0Ed2tuXJ8',	'2018-03-05 18:30:00',	NULL),
(6,	'Badge of Ipsam.',	'Sit quo rem ex sed veniam.',	'',	65,	NULL,	1,	'NBnruZxNKY',	'2018-03-05 18:30:00',	NULL),
(7,	'Badge of Sed.',	'Iure est et ut eum delectus.',	'',	37,	NULL,	0,	'fXewNz1mbB',	'2018-03-05 18:30:00',	NULL),
(8,	'Badge of Odit.',	'Rerum aut consectetur quasi.',	'',	54,	NULL,	0,	'14i5MZteWD',	'2018-03-05 18:30:00',	NULL),
(9,	'Badge of Nemo.',	'Soluta qui maiores magni ut.',	'',	44,	NULL,	1,	'jeVabUNknQ',	'2018-03-05 18:30:00',	NULL),
(10,	'Badge of Ad.',	'Facere enim maiores quo.',	'',	92,	NULL,	0,	'Zs23inJUlX',	'2018-03-05 18:30:00',	NULL),
(11,	'Badge of Minima.',	'Voluptates sed est quasi.',	'',	55,	NULL,	0,	'3LUDecna5u',	'2018-03-05 18:30:00',	NULL),
(12,	'Badge of Maxime.',	'At saepe sit architecto.',	'',	64,	NULL,	0,	't9TLg2qX79',	'2018-03-05 18:30:00',	NULL),
(13,	'Badge of Beatae.',	'Saepe ut labore ipsa.',	'',	73,	NULL,	1,	'81dRZJet4B',	'2018-03-05 18:30:00',	NULL),
(14,	'Badge of Aut.',	'Culpa quia est molestias.',	'',	87,	NULL,	1,	'wt5UuRZ7yq',	'2018-03-05 18:30:00',	NULL),
(15,	'Badge of Vero.',	'Ab quo dolore in autem.',	'',	89,	NULL,	0,	'gf2VH2rdms',	'2018-03-05 18:30:00',	NULL),
(16,	'Badge of Enim.',	'Dolorem et a autem.',	'',	38,	NULL,	0,	'TGlyLNL6Ng',	'2018-03-05 18:30:00',	NULL),
(17,	'Badge of Sint.',	'Et assumenda ex quis sit.',	'',	86,	NULL,	0,	'bPF8o4NUbi',	'2018-03-05 18:30:00',	NULL),
(18,	'Badge of Rem.',	'Eligendi totam qui vel omnis.',	'',	8,	NULL,	0,	'0T147r4LXz',	'2018-03-05 18:30:00',	NULL),
(19,	'Badge of Magnam.',	'Libero numquam aut non sunt.',	'',	83,	NULL,	0,	'Zm8xGRNSNd',	'2018-03-05 18:30:00',	NULL),
(20,	'Badge of Eum.',	'Et enim sit non doloribus.',	'',	59,	NULL,	0,	'6CmhGc8iV3',	'2018-03-05 18:30:00',	NULL),
(21,	'Badge of Quidem.',	'Corrupti sunt itaque illo at.',	'',	83,	NULL,	1,	'Huejk7hBuX',	'2018-03-05 18:30:00',	NULL),
(22,	'Badge of Aut.',	'Sed fugiat placeat qui.',	'',	97,	NULL,	0,	'pgLpL3PsUY',	'2018-03-05 18:30:00',	NULL),
(23,	'Badge of Maxime.',	'Eius aut ut minima et magni.',	'',	76,	NULL,	1,	'mpBv7AYUhV',	'2018-03-05 18:30:00',	NULL),
(24,	'Badge of Atque.',	'Eos sed alias tempore.',	'',	1,	NULL,	1,	'XuZr5uWasa',	'2018-03-05 18:30:00',	NULL),
(25,	'Badge of Omnis.',	'Sunt quia ex totam animi eum.',	'',	53,	NULL,	0,	'EUwU0rLI2b',	'2018-03-05 18:30:00',	NULL),
(26,	'Badge of Quo.',	'Rem amet quis et.',	'',	75,	NULL,	1,	'Ci0ctiCWYj',	'2018-03-05 18:30:00',	NULL),
(27,	'Badge of Autem.',	'Non dicta magni iusto.',	'',	44,	NULL,	1,	'dJtjMTTQ4z',	'2018-03-05 18:30:00',	NULL),
(28,	'Badge of Dolor.',	'Rerum ea non non.',	'',	50,	NULL,	0,	'RH7bjasDfs',	'2018-03-05 18:30:00',	NULL),
(29,	'Badge of Qui.',	'Eveniet pariatur nisi totam.',	'',	12,	NULL,	0,	'pMBcxQyYNQ',	'2018-03-05 18:30:00',	NULL),
(30,	'Badge of Est.',	'Velit aut facere commodi hic.',	'',	50,	NULL,	0,	'mMRTdrxswn',	'2018-03-05 18:30:00',	NULL),
(31,	'Badge of Optio.',	'Ex et amet ex voluptatem.',	'',	92,	NULL,	1,	'bTrwgW4rj3',	'2018-03-05 18:30:00',	NULL),
(32,	'Badge of Iure.',	'Et ipsum cum nemo sed.',	'',	28,	NULL,	1,	'nqk6fSge81',	'2018-03-05 18:30:00',	NULL),
(33,	'Badge of Non.',	'Aut inventore omnis ad vel.',	'',	99,	NULL,	0,	'QQOLri0AN6',	'2018-03-05 18:30:00',	NULL),
(34,	'Badge of Eos.',	'Quasi et enim aut.',	'',	25,	NULL,	0,	'GGh0VbclBk',	'2018-03-05 18:30:00',	NULL),
(35,	'Badge of Eum.',	'Quasi rerum qui reiciendis.',	'',	92,	NULL,	1,	'dL75DeFPNr',	'2018-03-05 18:30:00',	NULL),
(36,	'Badge of Quia.',	'At odio et at.',	'',	23,	NULL,	0,	'DwXaonFpv7',	'2018-03-05 18:30:00',	NULL),
(37,	'Badge of Et.',	'Qui neque suscipit qui non.',	'',	34,	NULL,	1,	'jNJxME9Rzt',	'2018-03-05 18:30:00',	NULL),
(38,	'Badge of Et.',	'At fugit dolorem minima.',	'',	28,	NULL,	1,	'g9zj3fhOdb',	'2018-03-05 18:30:00',	NULL),
(39,	'Badge of Nam.',	'Consequuntur vel et rerum.',	'',	91,	NULL,	1,	'aurfN3ssyS',	'2018-03-05 18:30:00',	NULL),
(40,	'Badge of Aut et.',	'Et et qui sapiente non magni.',	'',	41,	NULL,	0,	'jMzxZdzW7x',	'2018-03-05 18:30:00',	NULL);

DROP TABLE IF EXISTS `businessrules`;
CREATE TABLE `businessrules` (
  `id` int(11) NOT NULL AUTO_INCREMENT,
  `businessrule_name` varchar(250) COLLATE utf8mb4_unicode_ci NOT NULL,
  `businessrule_condition` varchar(250) COLLATE utf8mb4_unicode_ci NOT NULL,
  `isactive` tinyint(1) NOT NULL DEFAULT '1',
  `created_at` timestamp NULL DEFAULT NULL,
  `updated_at` timestamp NULL DEFAULT NULL,
  PRIMARY KEY (`id`)
) ENGINE=InnoDB DEFAULT CHARSET=utf8mb4 COLLATE=utf8mb4_unicode_ci;


DROP TABLE IF EXISTS `classexams`;
CREATE TABLE `classexams` (
  `id` int(11) NOT NULL AUTO_INCREMENT,
  `class_id` int(11) NOT NULL,
  `exam_id` int(11) NOT NULL,
  `exam_start_date` datetime DEFAULT NULL,
  `exam_end_date` datetime DEFAULT NULL,
  `addedon` timestamp NOT NULL DEFAULT CURRENT_TIMESTAMP,
  PRIMARY KEY (`id`),
  KEY `class_id` (`class_id`),
  CONSTRAINT `classexams_ibfk_1` FOREIGN KEY (`class_id`) REFERENCES `courseclasses` (`id`)
) ENGINE=InnoDB DEFAULT CHARSET=utf8mb4 COLLATE=utf8mb4_unicode_ci;

INSERT INTO `classexams` (`id`, `class_id`, `exam_id`, `exam_start_date`, `exam_end_date`, `addedon`) VALUES
(1,	11,	1,	'2018-12-10 00:00:00',	'2019-03-31 00:00:00',	'2018-12-13 08:10:06'),
(2,	11,	2,	'2018-12-10 00:00:00',	'2019-03-31 00:00:00',	'2018-12-13 08:10:06'),
(3,	11,	3,	'2018-12-10 00:00:00',	'2019-03-31 00:00:00',	'2018-12-13 08:10:06'),
(4,	12,	4,	'2018-12-10 00:00:00',	'2019-03-31 00:00:00',	'2018-12-13 08:10:06'),
(5,	12,	5,	'2018-12-10 00:00:00',	'2019-03-31 00:00:00',	'2018-12-13 08:10:06'),
(6,	12,	6,	'2018-12-10 00:00:00',	'2019-03-31 00:00:00',	'2018-12-13 08:10:06'),
(7,	13,	7,	'2018-12-10 00:00:00',	'2019-03-31 00:00:00',	'2018-12-13 08:10:06'),
(8,	13,	8,	'2018-12-10 00:00:00',	'2019-03-31 00:00:00',	'2018-12-13 08:10:06'),
(9,	13,	9,	'2018-12-10 00:00:00',	'2019-03-31 00:00:00',	'2018-12-13 08:10:06'),
(10,	14,	10,	'2018-12-10 00:00:00',	'2019-03-31 00:00:00',	'2018-12-13 08:10:06'),
(11,	14,	11,	'2018-12-10 00:00:00',	'2019-03-31 00:00:00',	'2018-12-13 08:10:06'),
(12,	14,	12,	'2018-12-10 00:00:00',	'2019-03-31 00:00:00',	'2018-12-13 08:10:06');

DROP TABLE IF EXISTS `classexercises`;
CREATE TABLE `classexercises` (
  `id` int(11) NOT NULL AUTO_INCREMENT,
  `class_id` int(11) NOT NULL,
  `exercise_id` int(11) NOT NULL,
  `addedon` timestamp NOT NULL DEFAULT CURRENT_TIMESTAMP,
  PRIMARY KEY (`id`),
  KEY `class_id` (`class_id`),
  CONSTRAINT `classexercises_ibfk_1` FOREIGN KEY (`class_id`) REFERENCES `courseclasses` (`id`) ON DELETE CASCADE
) ENGINE=InnoDB DEFAULT CHARSET=utf8mb4 COLLATE=utf8mb4_unicode_ci;


DROP TABLE IF EXISTS `classlearners`;
CREATE TABLE `classlearners` (
  `id` int(11) NOT NULL AUTO_INCREMENT,
  `class_id` int(11) NOT NULL,
  `user_id` int(11) NOT NULL,
  `status` enum('Pending','Accepted','Rejected','Invited') COLLATE utf8mb4_unicode_ci NOT NULL DEFAULT 'Pending',
  `joindate` timestamp NOT NULL DEFAULT CURRENT_TIMESTAMP,
  PRIMARY KEY (`id`),
  KEY `class_id` (`class_id`),
  KEY `learner` (`user_id`),
  CONSTRAINT `classlearners_ibfk_1` FOREIGN KEY (`class_id`) REFERENCES `courseclasses` (`id`),
  CONSTRAINT `classlearners_ibfk_2` FOREIGN KEY (`user_id`) REFERENCES `users` (`id`) ON DELETE CASCADE
) ENGINE=InnoDB DEFAULT CHARSET=utf8mb4 COLLATE=utf8mb4_unicode_ci;

INSERT INTO `classlearners` (`id`, `class_id`, `user_id`, `status`, `joindate`) VALUES
(1,	1,	10,	'Pending',	'2018-11-22 15:26:56'),
(2,	2,	5,	'Pending',	'2018-11-22 15:26:56'),
(3,	3,	3,	'Pending',	'2018-11-22 15:26:57'),
(4,	4,	4,	'Pending',	'2018-11-22 15:26:57'),
(5,	5,	3,	'Pending',	'2018-11-22 15:26:58'),
(6,	6,	10,	'Pending',	'2018-11-22 15:26:58'),
(7,	7,	7,	'Pending',	'2018-11-22 15:26:59'),
(8,	8,	6,	'Pending',	'2018-11-22 15:26:59'),
(9,	9,	10,	'Pending',	'2018-11-22 15:26:59'),
(10,	10,	9,	'Pending',	'2018-11-22 15:27:00'),
(11,	11,	11,	'Pending',	'2018-11-22 15:26:59'),
(12,	11,	12,	'Pending',	'2018-11-22 15:26:59'),
(13,	11,	13,	'Pending',	'2018-11-22 15:26:59'),
(14,	12,	14,	'Pending',	'2018-11-22 15:27:00'),
(18,	12,	15,	'Pending',	'2018-11-22 15:26:59'),
(19,	12,	16,	'Pending',	'2018-11-22 15:26:59'),
(20,	13,	11,	'Pending',	'2018-11-22 15:26:59'),
(21,	13,	12,	'Pending',	'2018-11-22 15:27:00'),
(25,	13,	13,	'Pending',	'2018-11-22 15:26:59'),
(26,	14,	14,	'Pending',	'2018-11-22 15:26:59'),
(27,	14,	15,	'Pending',	'2018-11-22 15:26:59'),
(28,	14,	16,	'Pending',	'2018-11-22 15:27:00');

DROP TABLE IF EXISTS `countries`;
CREATE TABLE `countries` (
  `id` int(11) NOT NULL AUTO_INCREMENT,
  `country_name` varchar(100) COLLATE utf8mb4_unicode_ci NOT NULL,
  `abbreviation_code` varchar(50) COLLATE utf8mb4_unicode_ci DEFAULT NULL,
  `country_flag` varchar(100) COLLATE utf8mb4_unicode_ci DEFAULT NULL,
  `created_at` timestamp NULL DEFAULT NULL,
  `updated_at` timestamp NULL DEFAULT NULL,
  PRIMARY KEY (`id`)
) ENGINE=InnoDB DEFAULT CHARSET=utf8mb4 COLLATE=utf8mb4_unicode_ci;

INSERT INTO `countries` (`id`, `country_name`, `abbreviation_code`, `country_flag`, `created_at`, `updated_at`) VALUES
(1,	'Lebanon',	'LB',	'',	NULL,	NULL),
(2,	'United Arab Emirates',	'UAE',	'',	NULL,	NULL);

DROP TABLE IF EXISTS `courseclasses`;
CREATE TABLE `courseclasses` (
  `id` int(11) NOT NULL AUTO_INCREMENT,
  `class_name` varchar(100) COLLATE utf8mb4_unicode_ci NOT NULL,
  `class_description` text COLLATE utf8mb4_unicode_ci NOT NULL,
  `language_id` int(11) NOT NULL,
  `start_date` datetime DEFAULT NULL,
  `end_date` datetime DEFAULT NULL,
  `discipline_id` int(11) DEFAULT NULL,
  `grade_id` int(11) DEFAULT NULL,
  `teacher_userid` int(11) NOT NULL,
  `iconurl` varchar(255) COLLATE utf8mb4_unicode_ci NOT NULL,
  `isavailable` enum('Y','N','') COLLATE utf8mb4_unicode_ci NOT NULL,
  `created_at` timestamp NULL DEFAULT NULL,
  `updated_at` timestamp NULL DEFAULT NULL,
  PRIMARY KEY (`id`),
  KEY `discipline_id` (`discipline_id`),
  KEY `grade_id` (`grade_id`)
) ENGINE=InnoDB DEFAULT CHARSET=utf8mb4 COLLATE=utf8mb4_unicode_ci;

INSERT INTO `courseclasses` (`id`, `class_name`, `class_description`, `language_id`, `start_date`, `end_date`, `discipline_id`, `grade_id`, `teacher_userid`, `iconurl`, `isavailable`, `created_at`, `updated_at`) VALUES
(1,	'Class of Non.',	'Quae qui rerum nemo.',	1,	'1981-10-26 00:00:00',	'1998-09-24 00:00:00',	1,	NULL,	5,	'https://lorempixel.com/640/480/?56200',	'Y',	'2018-11-22 09:56:51',	'2018-11-22 09:56:51'),
(2,	'Class of Nam.',	'Ut aut sunt velit ex.',	1,	'2007-07-30 00:00:00',	'1982-06-16 00:00:00',	2,	NULL,	4,	'https://lorempixel.com/640/480/?35020',	'Y',	'2018-11-22 09:56:52',	'2018-11-22 09:56:52'),
(3,	'Class of A.',	'Maxime ipsam sit id.',	1,	'1976-03-10 00:00:00',	'1980-12-22 00:00:00',	1,	NULL,	7,	'https://lorempixel.com/640/480/?97922',	'Y',	'2018-11-22 09:56:52',	'2018-11-22 09:56:52'),
(4,	'Class of Et.',	'Totam ex ipsum quae.',	1,	'1981-02-18 00:00:00',	'2018-08-15 00:00:00',	1,	NULL,	8,	'https://lorempixel.com/640/480/?65864',	'Y',	'2018-11-22 09:56:52',	'2018-11-22 09:56:52'),
(5,	'Class of Sint.',	'Modi vitae eaque quas.',	1,	'1997-11-07 00:00:00',	'1974-03-16 00:00:00',	2,	NULL,	6,	'https://lorempixel.com/640/480/?51086',	'Y',	'2018-11-22 09:56:53',	'2018-11-22 09:56:53'),
(6,	'Class of Sed.',	'Quo nam et tenetur.',	1,	'1978-02-08 00:00:00',	'2001-01-07 00:00:00',	2,	NULL,	4,	'https://lorempixel.com/640/480/?11290',	'Y',	'2018-11-22 09:56:53',	'2018-11-22 09:56:53'),
(7,	'Class of Ea.',	'Eos ut non rerum.',	1,	'1990-07-01 00:00:00',	'1977-04-03 00:00:00',	2,	NULL,	9,	'https://lorempixel.com/640/480/?45540',	'Y',	'2018-11-22 09:56:54',	'2018-11-22 09:56:54'),
(8,	'Class of Enim.',	'Earum ad optio et rerum.',	1,	'2003-12-14 00:00:00',	'2014-10-31 00:00:00',	1,	NULL,	5,	'https://lorempixel.com/640/480/?12394',	'Y',	'2018-11-22 09:56:54',	'2018-11-22 09:56:54'),
(9,	'Class of Aut.',	'Et ut sed sunt illum.',	1,	'1985-01-04 00:00:00',	'1992-03-02 00:00:00',	2,	NULL,	10,	'https://lorempixel.com/640/480/?20330',	'Y',	'2018-11-22 09:56:55',	'2018-11-22 09:56:55'),
(10,	'Class of At.',	'Et et sed vitae.',	1,	'1982-05-10 00:00:00',	'2010-10-25 00:00:00',	1,	NULL,	4,	'https://lorempixel.com/640/480/?11898',	'Y',	'2018-11-22 09:56:55',	'2018-11-22 09:56:55'),
(11,	'Demo 1',	'Eos ut non rerum.',	1,	'2018-11-22 00:00:00',	'2019-11-22 00:00:00',	2,	NULL,	2,	'https://lorempixel.com/640/480/?45540',	'Y',	'2018-11-22 09:56:54',	'2018-11-22 09:56:54'),
(12,	'Demo 2',	'Earum ad optio et rerum.',	1,	'2018-11-22 00:00:00',	'2019-11-22 00:00:00',	1,	NULL,	2,	'https://lorempixel.com/640/480/?12394',	'Y',	'2018-11-22 09:56:54',	'2018-11-22 09:56:54'),
(13,	'Demo 3',	'Et ut sed sunt illum.',	1,	'2018-11-22 00:00:00',	'2019-11-22 00:00:00',	2,	NULL,	2,	'https://lorempixel.com/640/480/?20330',	'Y',	'2018-11-22 09:56:55',	'2018-11-22 09:56:55'),
(14,	'Demo 4',	'Et et sed vitae.',	1,	'2018-11-22 00:00:00',	'2019-11-22 00:00:00',	1,	NULL,	2,	'https://lorempixel.com/640/480/?11898',	'Y',	'2018-11-22 09:56:55',	'2018-11-22 09:56:55');

DROP TABLE IF EXISTS `curricula_gradelists`;
CREATE TABLE `curricula_gradelists` (
  `id` int(11) NOT NULL AUTO_INCREMENT,
  `curriculum_gradelist_name` varchar(250) COLLATE utf8mb4_unicode_ci NOT NULL,
  `description` text COLLATE utf8mb4_unicode_ci NOT NULL,
  `country_id` int(11) NOT NULL,
  `approve_status` enum('pending','approved','declined','') COLLATE utf8mb4_unicode_ci NOT NULL,
  `createdby` int(11) NOT NULL,
  `updatedby` int(11) NOT NULL,
  `created_at` timestamp NULL DEFAULT NULL,
  `updated_at` timestamp NULL DEFAULT NULL,
  PRIMARY KEY (`id`),
  KEY `country_id` (`country_id`)
) ENGINE=InnoDB DEFAULT CHARSET=utf8mb4 COLLATE=utf8mb4_unicode_ci;

INSERT INTO `curricula_gradelists` (`id`, `curriculum_gradelist_name`, `description`, `country_id`, `approve_status`, `createdby`, `updatedby`, `created_at`, `updated_at`) VALUES
(1,	'12 Grades List',	'',	1,	'approved',	1,	1,	NULL,	NULL),
(2,	'13 Grades List',	'',	1,	'approved',	1,	1,	NULL,	NULL);

DROP TABLE IF EXISTS `disciplinecollaborators`;
CREATE TABLE `disciplinecollaborators` (
  `id` int(11) NOT NULL AUTO_INCREMENT,
  `discipline_id` int(11) NOT NULL,
  `user_id` int(11) NOT NULL,
  `message` text COLLATE utf8mb4_unicode_ci NOT NULL,
  `iscoordinator` tinyint(1) NOT NULL DEFAULT '0',
  `approvalstatus` enum('pending','approved','declined','') COLLATE utf8mb4_unicode_ci NOT NULL,
  `created_at` timestamp NOT NULL DEFAULT CURRENT_TIMESTAMP,
  PRIMARY KEY (`id`),
  KEY `discipline_id` (`discipline_id`),
  KEY `users` (`user_id`),
  CONSTRAINT `disciplinecollaborators_ibfk_1` FOREIGN KEY (`discipline_id`) REFERENCES `disciplines` (`id`) ON DELETE CASCADE,
  CONSTRAINT `disciplinecollaborators_ibfk_2` FOREIGN KEY (`user_id`) REFERENCES `users` (`id`) ON DELETE CASCADE
) ENGINE=InnoDB DEFAULT CHARSET=utf8mb4 COLLATE=utf8mb4_unicode_ci;

INSERT INTO `disciplinecollaborators` (`id`, `discipline_id`, `user_id`, `message`, `iscoordinator`, `approvalstatus`, `created_at`) VALUES
(1,	1,	2,	'Teacher1 coordinator of Chemistry',	1,	'approved',	'2018-11-22 15:16:16');

DROP TABLE IF EXISTS `disciplines`;
CREATE TABLE `disciplines` (
  `id` int(11) NOT NULL AUTO_INCREMENT,
  `discipline_name` text COLLATE utf8mb4_unicode_ci NOT NULL,
  `description` varchar(500) COLLATE utf8mb4_unicode_ci NOT NULL,
  `curriculum_gradelist_id` int(11) DEFAULT NULL,
  `group_id` int(11) DEFAULT NULL,
  `topic_id` int(11) DEFAULT NULL,
  `iconurl` varchar(50) COLLATE utf8mb4_unicode_ci DEFAULT NULL,
  `color` varchar(10) COLLATE utf8mb4_unicode_ci DEFAULT NULL,
  `language_preference_id` int(11) NOT NULL,
  `approve_status` enum('pending','approved','declined','') COLLATE utf8mb4_unicode_ci NOT NULL DEFAULT 'pending',
  `publish_status` enum('draft','published','unpublished','') COLLATE utf8mb4_unicode_ci NOT NULL DEFAULT 'draft',
  `createdby` int(11) NOT NULL,
  `updatedby` int(11) NOT NULL,
  `created_at` timestamp NULL DEFAULT NULL,
  `updated_at` timestamp NULL DEFAULT NULL,
  PRIMARY KEY (`id`),
  KEY `curriculum_gradelist_id` (`curriculum_gradelist_id`),
  KEY `disciplines_ibfk_2` (`topic_id`),
  CONSTRAINT `disciplines_ibfk_1` FOREIGN KEY (`curriculum_gradelist_id`) REFERENCES `curricula_gradelists` (`id`) ON DELETE SET NULL,
  CONSTRAINT `disciplines_ibfk_2` FOREIGN KEY (`topic_id`) REFERENCES `topics` (`id`) ON DELETE SET NULL
) ENGINE=InnoDB DEFAULT CHARSET=utf8mb4 COLLATE=utf8mb4_unicode_ci;

INSERT INTO `disciplines` (`id`, `discipline_name`, `description`, `curriculum_gradelist_id`, `group_id`, `topic_id`, `iconurl`, `color`, `language_preference_id`, `approve_status`, `publish_status`, `createdby`, `updatedby`, `created_at`, `updated_at`) VALUES
(1,	'Chemistry I',	'Chemistry for International Curriculum',	1,	NULL,	1,	'',	NULL,	1,	'approved',	'published',	1,	1,	NULL,	NULL),
(2,	'Math I',	'Math for International Curriculum',	1,	NULL,	2,	'',	NULL,	1,	'approved',	'published',	1,	1,	NULL,	NULL),
(3,	'Biology -Lebanese',	'Biology for Lebanese Curriculum',	2,	NULL,	3,	'',	NULL,	1,	'approved',	'published',	1,	1,	NULL,	NULL);

DROP TABLE IF EXISTS `disciplineversions`;
CREATE TABLE `disciplineversions` (
  `id` int(11) NOT NULL AUTO_INCREMENT,
  `discipline_id` int(11) NOT NULL,
  `version` int(11) NOT NULL,
  `ispublished` int(11) NOT NULL DEFAULT '0',
  `created_at` timestamp NOT NULL DEFAULT CURRENT_TIMESTAMP,
  PRIMARY KEY (`id`),
  KEY `discipline_id` (`discipline_id`),
  CONSTRAINT `disciplineversions_ibfk_1` FOREIGN KEY (`discipline_id`) REFERENCES `disciplines` (`id`) ON DELETE CASCADE
) ENGINE=InnoDB DEFAULT CHARSET=utf8mb4 COLLATE=utf8mb4_unicode_ci;

INSERT INTO `disciplineversions` (`id`, `discipline_id`, `version`, `ispublished`, `created_at`) VALUES
(1,	1,	1,	1,	'2018-11-22 15:16:16'),
(2,	2,	1,	1,	'2018-11-22 15:16:16'),
(3,	3,	1,	1,	'2018-11-22 15:16:16');

DROP TABLE IF EXISTS `examquestions`;
CREATE TABLE `examquestions` (
  `id` int(11) NOT NULL AUTO_INCREMENT,
  `exam_id` int(11) NOT NULL,
  `question_id` int(11) NOT NULL,
  `points` int(11) NOT NULL,
  `sort_order` int(11) DEFAULT NULL,
  PRIMARY KEY (`id`),
  KEY `exam_id` (`exam_id`),
  KEY `question` (`question_id`),
  CONSTRAINT `examquestions_ibfk_1` FOREIGN KEY (`exam_id`) REFERENCES `exams` (`id`) ON DELETE CASCADE,
  CONSTRAINT `examquestions_ibfk_2` FOREIGN KEY (`question_id`) REFERENCES `questions` (`id`)
) ENGINE=InnoDB DEFAULT CHARSET=utf8mb4 COLLATE=utf8mb4_unicode_ci;

INSERT INTO `examquestions` (`id`, `exam_id`, `question_id`, `points`, `sort_order`) VALUES
(1,	3,	17,	9,	8),
(2,	3,	15,	1,	11),
(3,	2,	16,	9,	6),
(4,	3,	11,	3,	8),
(5,	2,	3,	7,	13),
(6,	1,	17,	9,	15),
(7,	3,	16,	5,	7),
(8,	1,	3,	9,	2),
(9,	1,	9,	10,	3),
(10,	1,	6,	1,	11),
(11,	1,	4,	3,	15),
(12,	2,	12,	2,	17),
(13,	1,	2,	8,	3),
(14,	2,	17,	4,	17),
(15,	2,	11,	5,	16),
(16,	2,	1,	8,	4),
(17,	1,	13,	10,	19),
(18,	1,	14,	6,	7),
(19,	2,	16,	3,	17),
(20,	3,	7,	9,	19);

DROP TABLE IF EXISTS `exams`;
CREATE TABLE `exams` (
  `id` int(11) NOT NULL AUTO_INCREMENT,
  `examtype` enum('homework','test','practice','') COLLATE utf8mb4_unicode_ci NOT NULL,
  `title` varchar(250) COLLATE utf8mb4_unicode_ci NOT NULL,
  `teacheruser_id` int(11) NOT NULL,
  `isavailable` enum('Y','N','') COLLATE utf8mb4_unicode_ci NOT NULL,
  `skillcategory_id` int(11) DEFAULT NULL,
  `skill_id` int(11) DEFAULT NULL,
  `maxpoints` int(11) DEFAULT NULL,
  `created_at` timestamp NULL DEFAULT NULL,
  `updated_at` timestamp NULL DEFAULT NULL,
  PRIMARY KEY (`id`)
) ENGINE=InnoDB DEFAULT CHARSET=utf8mb4 COLLATE=utf8mb4_unicode_ci;

INSERT INTO `exams` (`id`, `examtype`, `title`, `teacheruser_id`, `isavailable`, `skillcategory_id`, `skill_id`, `maxpoints`, `created_at`, `updated_at`) VALUES
(1,	'test',	'Test 1',	2,	'Y',	1,	1,	50,	'2018-12-09 18:30:00',	'2018-12-09 18:30:00'),
(2,	'test',	'Test 2',	2,	'Y',	1,	2,	50,	'2018-12-09 18:30:00',	'2018-12-09 18:30:00'),
(3,	'test',	'Test 3',	2,	'Y',	1,	3,	50,	'2018-12-09 18:30:00',	'2018-12-09 18:30:00'),
(4,	'test',	'Test 4',	2,	'Y',	1,	1,	50,	'2018-12-09 18:30:00',	'2018-12-09 18:30:00'),
(5,	'test',	'Test 5',	2,	'Y',	1,	1,	50,	'2018-12-09 18:30:00',	'2018-12-09 18:30:00'),
(6,	'test',	'Test 6',	2,	'Y',	1,	1,	50,	'2018-12-09 18:30:00',	'2018-12-09 18:30:00'),
(7,	'test',	'Test 7',	2,	'Y',	1,	1,	50,	'2018-12-09 18:30:00',	'2018-12-09 18:30:00'),
(8,	'test',	'Test 8',	2,	'Y',	1,	1,	50,	'2018-12-09 18:30:00',	'2018-12-09 18:30:00'),
(9,	'test',	'Test 9',	2,	'Y',	1,	1,	50,	'2018-12-09 18:30:00',	'2018-12-09 18:30:00'),
(10,	'test',	'Test 10',	2,	'Y',	1,	1,	50,	'2018-12-09 18:30:00',	'2018-12-09 18:30:00'),
(11,	'test',	'Test 11',	2,	'Y',	1,	1,	50,	'2018-12-09 18:30:00',	'2018-12-09 18:30:00'),
(12,	'test',	'Test 12',	2,	'Y',	1,	1,	50,	'2018-12-09 18:30:00',	'2018-12-09 18:30:00');

DROP TABLE IF EXISTS `examselections`;
CREATE TABLE `examselections` (
  `id` int(11) NOT NULL AUTO_INCREMENT,
  `exam_id` int(11) NOT NULL,
  `selection_id` int(11) NOT NULL,
  `selection_table` varchar(100) COLLATE utf8mb4_unicode_ci NOT NULL,
  `isselected` tinyint(4) NOT NULL,
  `created_at` timestamp NULL DEFAULT NULL,
  `updated_at` timestamp NULL DEFAULT NULL,
  PRIMARY KEY (`id`)
) ENGINE=InnoDB DEFAULT CHARSET=utf8mb4 COLLATE=utf8mb4_unicode_ci;


DROP TABLE IF EXISTS `exercisesetbuyers`;
CREATE TABLE `exercisesetbuyers` (
  `id` int(11) NOT NULL AUTO_INCREMENT,
  `exerciseset_id` int(11) NOT NULL,
  `user_id` int(11) NOT NULL,
  `joindate` timestamp NOT NULL DEFAULT CURRENT_TIMESTAMP,
  PRIMARY KEY (`id`),
  KEY `exerciseset_id` (`exerciseset_id`),
  KEY `buyers` (`user_id`),
  CONSTRAINT `exercisesetbuyers_ibfk_1` FOREIGN KEY (`user_id`) REFERENCES `users` (`id`) ON DELETE CASCADE
) ENGINE=InnoDB DEFAULT CHARSET=utf8mb4 COLLATE=utf8mb4_unicode_ci;

INSERT INTO `exercisesetbuyers` (`id`, `exerciseset_id`, `user_id`, `joindate`) VALUES
(1,	1,	1,	'2018-04-13 09:39:22'),
(2,	2,	2,	'2018-04-13 09:39:22');

DROP TABLE IF EXISTS `exercisesets`;
CREATE TABLE `exercisesets` (
  `id` int(11) NOT NULL AUTO_INCREMENT,
  `title` varchar(250) COLLATE utf8mb4_unicode_ci NOT NULL,
  `discipline_id` int(11) DEFAULT NULL,
  `grade_id` int(11) DEFAULT NULL,
  `language_id` int(11) NOT NULL,
  `price` int(11) NOT NULL DEFAULT '0',
  `description` text COLLATE utf8mb4_unicode_ci NOT NULL,
  `publish_status` enum('private','public','') COLLATE utf8mb4_unicode_ci NOT NULL DEFAULT 'private',
  `created_at` timestamp NULL DEFAULT NULL,
  `updated_at` timestamp NULL DEFAULT NULL,
  `createdby` int(11) NOT NULL,
  PRIMARY KEY (`id`),
  KEY `discipline_id` (`discipline_id`,`language_id`)
) ENGINE=InnoDB DEFAULT CHARSET=utf8mb4 COLLATE=utf8mb4_unicode_ci;

INSERT INTO `exercisesets` (`id`, `title`, `discipline_id`, `grade_id`, `language_id`, `price`, `description`, `publish_status`, `created_at`, `updated_at`, `createdby`) VALUES
(1,	'Exercise of Quis commodi.',	1,	6,	1,	7,	'Voluptas nihil cupiditate molestias qui eaque fugiat reiciendis. Blanditiis qui sunt laudantium occaecati ipsum eos illum. Nesciunt illo quis id voluptatem. Qui sint voluptatibus repellat saepe.',	'public',	'2018-11-22 09:47:47',	'2018-11-22 09:47:47',	5),
(2,	'Exercise of Qui quidem.',	1,	9,	1,	8,	'Perferendis tempore nostrum eos occaecati sed consequatur eius. Quia nobis ipsa repellat ut voluptatibus quas neque. Deserunt molestiae provident quae nisi facilis vitae consequatur.',	'private',	'2018-11-22 09:47:48',	'2018-11-22 09:47:48',	4),
(3,	'Exercise of Aperiam et.',	1,	5,	1,	4,	'Magnam sed quibusdam ipsum minus. Perferendis impedit illum maiores iure. Corporis non eos sapiente totam. Voluptatem consequatur aliquam earum sit autem dolores.',	'private',	'2018-11-22 09:47:48',	'2018-11-22 09:47:48',	7),
(4,	'Exercise of Culpa hic.',	3,	3,	1,	10,	'Aut et voluptate autem doloribus aspernatur. Corporis molestias omnis eaque repellat saepe ut quia rerum. Est neque beatae voluptatibus molestiae quia. Et sapiente est dolor tenetur at asperiores nisi.',	'private',	'2018-11-22 09:47:49',	'2018-11-22 09:47:49',	6),
(5,	'Exercise of Porro nobis.',	2,	5,	1,	1,	'Error iste eos dolor ipsa. Dolores hic natus dignissimos sit. Minima assumenda sequi non et alias. Eveniet molestiae consequatur dolore dolor nihil debitis.',	'public',	'2018-11-22 09:47:49',	'2018-11-22 09:47:49',	3),
(6,	'Exercise of Repellat.',	1,	8,	1,	8,	'Magnam maxime magni sint aspernatur nam labore fuga. Praesentium asperiores magni et et facere cupiditate.',	'public',	'2018-11-22 09:47:50',	'2018-11-22 09:47:50',	7),
(7,	'Exercise of Aspernatur qui.',	1,	11,	1,	9,	'Et rerum totam voluptatibus mollitia et amet. Consequatur adipisci corrupti expedita unde quod ipsum expedita. Ipsa totam debitis nesciunt ipsum modi. Adipisci fugit amet fugit doloribus ut.',	'private',	'2018-11-22 09:47:50',	'2018-11-22 09:47:50',	2),
(8,	'Exercise of In et quaerat.',	3,	1,	1,	7,	'Explicabo quia non sunt reiciendis eaque. Et ut autem ipsam provident et esse quae laborum. Voluptatem dolor quasi quaerat. Enim qui aspernatur rerum corporis aliquam. Eos et mollitia qui voluptatem velit corrupti qui neque.',	'private',	'2018-11-22 09:47:50',	'2018-11-22 09:47:50',	3),
(9,	'Exercise of Ut ad numquam.',	2,	2,	1,	4,	'Omnis maiores numquam accusantium natus ut aut. Excepturi at eius incidunt. Quia ea saepe qui qui impedit corporis sed laborum. Nemo assumenda dicta dicta eum adipisci. Nostrum velit et consequatur et vitae vitae.',	'private',	'2018-11-22 09:47:51',	'2018-11-22 09:47:51',	4),
(10,	'Exercise of Voluptas.',	2,	6,	1,	8,	'Soluta eaque eos qui delectus. Laboriosam non ut et exercitationem. Rem cumque quod voluptatem voluptas. Facilis consequuntur cum dolorem. Sint possimus aut sed itaque.',	'public',	'2018-11-22 09:47:51',	'2018-11-22 09:47:51',	4),
(11,	'Exercise of Veritatis.',	2,	9,	1,	4,	'Laboriosam maiores rerum et qui odit. Et rerum expedita blanditiis commodi sint. Iure aperiam voluptates harum possimus. Est aut rerum deleniti. Nisi aut fugit animi.',	'public',	'2018-11-22 09:47:52',	'2018-11-22 09:47:52',	1),
(12,	'Exercise of Qui quam.',	1,	3,	1,	7,	'In temporibus qui ea qui fuga aut natus. Eligendi facilis iure nihil aut velit sint. Dolorem totam officiis minima omnis autem. Est fuga sint velit.',	'private',	'2018-11-22 09:47:52',	'2018-11-22 09:47:52',	1),
(13,	'Exercise of Sit esse.',	3,	11,	1,	0,	'Ut blanditiis aut in fugiat. Ad quasi qui autem mollitia facilis nam qui. Est officia quasi eveniet sapiente exercitationem non est.',	'private',	'2018-11-22 09:47:53',	'2018-11-22 09:47:53',	3),
(14,	'Exercise of Ut ut numquam.',	3,	7,	1,	4,	'Aperiam suscipit nam quia. Et et eum facilis. Tenetur quia molestias quas. Beatae consequatur quos voluptatibus deleniti aut. Quia perferendis repudiandae a est molestiae omnis. Vero eaque amet laudantium voluptas dolore non in.',	'private',	'2018-11-22 09:47:53',	'2018-11-22 09:47:53',	1),
(15,	'Exercise of Explicabo.',	2,	2,	1,	8,	'Quia neque explicabo veritatis quia. Fugiat pariatur ea iure aperiam. Et voluptas omnis et deserunt vel et enim. Cupiditate architecto labore aut numquam. Voluptas quis a repellat cumque rem. Et quia sunt unde et.',	'public',	'2018-11-22 09:47:54',	'2018-11-22 09:47:54',	5),
(16,	'Exercise of Et quia unde.',	2,	9,	1,	6,	'In illum enim quo dicta ratione. Voluptatem dolorum dolorem laborum sapiente veniam. Quod voluptas dolorem quos repellat ex. Enim quia beatae velit explicabo voluptas eos omnis suscipit.',	'private',	'2018-11-22 09:47:54',	'2018-11-22 09:47:54',	4),
(17,	'Exercise of Aut voluptas.',	2,	7,	1,	2,	'Voluptas pariatur ipsam officiis ratione adipisci quam omnis officia. Et qui architecto non tempora magnam. Ex deleniti quae quasi ipsa sequi libero ullam aut. Perspiciatis sed enim neque nobis ducimus impedit sit.',	'public',	'2018-11-22 09:47:55',	'2018-11-22 09:47:55',	1),
(18,	'Exercise of Odit nam quo.',	3,	11,	1,	1,	'Cumque dicta nobis voluptatum iusto praesentium officia ipsam. Neque labore quia dolorem fugiat. Sunt aut ut eum in repudiandae voluptate quas. Facere officiis neque dolor sint quos accusamus ea.',	'private',	'2018-11-22 09:47:55',	'2018-11-22 09:47:55',	6),
(19,	'Exercise of Et sit error.',	3,	9,	1,	1,	'Doloribus voluptate iusto aut voluptas non. Quo magni aspernatur incidunt placeat minima adipisci. Doloremque vero optio officia sed possimus molestias voluptas dignissimos. Consequatur animi sapiente velit facilis quidem veritatis quidem.',	'private',	'2018-11-22 09:47:55',	'2018-11-22 09:47:55',	5),
(20,	'Exercise of A rerum iste.',	1,	10,	1,	4,	'Optio quibusdam aut officiis est sunt eligendi nam et. Assumenda sapiente enim optio est. Qui quos voluptatem aut quidem. Qui eum repudiandae non et est exercitationem saepe et. Ab commodi laboriosam qui vel.',	'private',	'2018-11-22 09:47:56',	'2018-11-22 09:47:56',	1),
(21,	'Exercise of Exercitationem.',	2,	9,	1,	5,	'Beatae sunt ut perferendis iure. Perferendis minus temporibus ducimus quaerat reiciendis. Eaque officia eos qui non voluptas cum quo. Dignissimos eum ipsum enim. Quae et voluptatem ab.',	'public',	'2018-11-22 09:47:56',	'2018-11-22 09:47:56',	1),
(22,	'Exercise of At dolorem.',	2,	9,	1,	3,	'Aliquid eum occaecati rerum qui nemo magni. Nesciunt quia excepturi explicabo architecto perspiciatis est. Eligendi et magni numquam veniam consequatur et nisi.',	'private',	'2018-11-22 09:47:57',	'2018-11-22 09:47:57',	2),
(23,	'Exercise of Sit occaecati.',	1,	12,	1,	4,	'Et ut deserunt ipsa aut dignissimos ut. Commodi ipsam facilis est quo laboriosam molestias quaerat. Nulla iste quia molestiae et dolores quas. Reiciendis qui rem a deleniti inventore.',	'public',	'2018-11-22 09:47:57',	'2018-11-22 09:47:57',	4),
(24,	'Exercise of Aut eos.',	1,	9,	1,	2,	'Vero ullam consectetur doloribus nobis doloribus non velit. Ut non omnis impedit temporibus et id. Ipsum aut voluptate eius et sunt est. Officia in et qui asperiores maxime doloremque explicabo.',	'public',	'2018-11-22 09:47:58',	'2018-11-22 09:47:58',	1),
(25,	'Exercise of Libero et.',	3,	2,	1,	9,	'Labore maiores dolor cumque dolores ea est culpa. Omnis rem rem repudiandae beatae excepturi debitis. Dolorem odio nulla rerum voluptatum enim totam fuga aut.',	'public',	'2018-11-22 09:47:58',	'2018-11-22 09:47:58',	2),
(26,	'Exercise of Quo earum qui.',	3,	6,	1,	6,	'Iure exercitationem minima omnis. A repudiandae at qui. Quia error aut quod sequi. Quasi cupiditate quibusdam delectus pariatur veritatis laboriosam.',	'public',	'2018-11-22 09:47:59',	'2018-11-22 09:47:59',	1),
(27,	'Exercise of Quia iure.',	3,	9,	1,	0,	'Eum inventore exercitationem totam aliquam dolor accusantium dolores hic. Laborum maxime aut odit aut et. Corporis dolorem mollitia fuga perferendis illum. Unde facere corrupti ipsum voluptatem.',	'private',	'2018-11-22 09:47:59',	'2018-11-22 09:47:59',	3),
(28,	'Exercise of Quam delectus.',	3,	10,	1,	0,	'Esse iste incidunt fuga a. Eos commodi ut voluptatem corrupti ea. Autem officiis sint cumque. Nesciunt eaque doloremque voluptatem id perferendis ex delectus. Facere autem maiores eum eveniet omnis modi sit delectus. Vitae aliquam libero sed.',	'private',	'2018-11-22 09:47:59',	'2018-11-22 09:47:59',	3),
(29,	'Exercise of Voluptatibus.',	2,	1,	1,	4,	'Nesciunt maxime et molestiae. Autem eum consequatur rerum deleniti tempora. Doloribus nisi molestias quibusdam beatae. Quibusdam qui qui consectetur sed. Quo consequatur rem repellat. Assumenda sit quaerat aut omnis necessitatibus dolore cum modi.',	'private',	'2018-11-22 09:48:00',	'2018-11-22 09:48:00',	1),
(30,	'Exercise of Doloribus et.',	2,	5,	1,	6,	'Dolore adipisci officia quasi id aut quod. Quia eius eaque amet architecto a. Iste sequi praesentium in ea rerum ut. Eveniet aut provident veniam suscipit consequatur quo reiciendis.',	'private',	'2018-11-22 09:48:00',	'2018-11-22 09:48:00',	6),
(31,	'Exercise of Sed similique.',	3,	6,	1,	0,	'Animi porro eum voluptatem vitae. Voluptatem nisi itaque consequuntur voluptatem. Accusamus sunt inventore dolor voluptatem nobis. Vero sapiente praesentium velit aperiam voluptatem doloribus. Aut nemo at et.',	'private',	'2018-11-22 09:48:01',	'2018-11-22 09:48:01',	3),
(32,	'Exercise of Praesentium.',	1,	11,	1,	3,	'Repellendus nisi quos velit est ullam. Quis qui voluptas qui odio distinctio. Consequuntur corrupti et molestias commodi omnis aut.',	'private',	'2018-11-22 09:48:01',	'2018-11-22 09:48:01',	4),
(33,	'Exercise of Excepturi.',	2,	7,	1,	5,	'Autem vitae ratione mollitia qui. Non quod aliquid iusto quidem quidem impedit quam. Et et explicabo qui.',	'public',	'2018-11-22 09:48:02',	'2018-11-22 09:48:02',	1),
(34,	'Exercise of Enim facere.',	3,	6,	1,	0,	'Facere et aliquid quis aut. Asperiores ratione facere quisquam tempora. Et odio quia a facilis in ex. Voluptas illum assumenda quidem dicta possimus laboriosam voluptas. Aliquam est facere culpa voluptate.',	'private',	'2018-11-22 09:48:02',	'2018-11-22 09:48:02',	7),
(35,	'Exercise of Laudantium et.',	2,	5,	1,	10,	'Expedita nihil illo esse iste enim. Eum ea rerum quidem dolore dolorem aut at qui. Quo aliquam delectus eum vero voluptas. Et sunt facilis dignissimos et minus corporis provident. Ipsam ab quidem aut laudantium sit iusto est.',	'public',	'2018-11-22 09:48:03',	'2018-11-22 09:48:03',	3),
(36,	'Exercise of Cum dolorum.',	1,	1,	1,	8,	'Sit et nam nobis est. Expedita nisi eaque enim distinctio ut cupiditate. Nulla velit consequatur harum ex.',	'private',	'2018-11-22 09:48:03',	'2018-11-22 09:48:03',	2),
(37,	'Exercise of Nam ipsam nisi.',	3,	10,	1,	7,	'Ex est ea tempora velit quisquam nihil mollitia. Earum repellat quis et dolorem corporis voluptatem dolorem. Sint quod architecto perspiciatis laborum quas dolores eum. Voluptas saepe eos cum molestiae sed.',	'public',	'2018-11-22 09:48:03',	'2018-11-22 09:48:03',	1),
(38,	'Exercise of Vel nemo nam.',	2,	7,	1,	2,	'Voluptas dolores quos in harum officiis. Nulla quidem pariatur possimus. Ipsa adipisci autem aut enim odit. Numquam aut nisi magni eveniet in aut adipisci explicabo.',	'private',	'2018-11-22 09:48:04',	'2018-11-22 09:48:04',	7),
(39,	'Exercise of Quia cum.',	1,	12,	1,	8,	'Nam quae repellendus et totam unde voluptas. Et quae aut enim officiis ducimus ut iure. Sit id et placeat. Aperiam et vel iure corporis.',	'private',	'2018-11-22 09:48:04',	'2018-11-22 09:48:04',	7),
(40,	'Exercise of Optio.',	1,	1,	1,	2,	'Quas ipsam ut quia ut. Aut doloribus dolor autem voluptas magni omnis qui modi. Voluptatem illum dolores voluptatem in. Aliquid quas nisi est magni quo et commodi.',	'private',	'2018-11-22 09:48:05',	'2018-11-22 09:48:05',	2),
(41,	'Exercise of Tempore.',	1,	2,	1,	9,	'Occaecati non tempora praesentium deleniti. Ut quisquam eum eveniet. Ex et aperiam voluptas et et possimus necessitatibus. Ut odit sit labore blanditiis quia unde.',	'private',	'2018-11-22 09:48:05',	'2018-11-22 09:48:05',	3),
(42,	'Exercise of Et non ut.',	3,	5,	1,	1,	'Nobis qui impedit perspiciatis. Accusamus sapiente nulla esse animi excepturi. Iste qui architecto et. Explicabo omnis maxime voluptas voluptatem possimus sed. Neque consequuntur ut et molestiae vel ea nobis. At est sint recusandae culpa.',	'public',	'2018-11-22 09:48:06',	'2018-11-22 09:48:06',	7),
(43,	'Exercise of Est nisi natus.',	1,	12,	1,	3,	'Rerum consequatur id qui esse. Fugiat natus enim at commodi cum voluptates quod.',	'public',	'2018-11-22 09:48:06',	'2018-11-22 09:48:06',	2),
(44,	'Exercise of Sed et libero.',	2,	3,	1,	9,	'Accusamus velit animi aliquid non et alias. Unde repudiandae accusamus esse ratione quae aut. Hic magnam qui omnis molestiae. Ex ut minima rem fugiat.',	'public',	'2018-11-22 09:48:07',	'2018-11-22 09:48:07',	7),
(45,	'Exercise of Cum et rerum.',	2,	6,	1,	9,	'Dolor illo necessitatibus doloribus. Placeat consequuntur voluptate perferendis est. Rerum possimus veniam error corrupti ut odit quod autem. Sapiente laudantium cupiditate rerum quia praesentium hic eius est.',	'private',	'2018-11-22 09:48:07',	'2018-11-22 09:48:07',	7),
(46,	'Exercise of Quae id nulla.',	1,	9,	1,	9,	'Doloribus impedit soluta voluptatem voluptatum. Tempore voluptates id quis quidem voluptas. Voluptas fugit et voluptate esse et voluptate et.',	'private',	'2018-11-22 09:48:07',	'2018-11-22 09:48:07',	1),
(47,	'Exercise of Et est fugit.',	2,	1,	1,	8,	'Soluta sint vel ratione labore porro nihil ullam. Quia laudantium est quo voluptatem vitae necessitatibus. Itaque quas dolorum aperiam.',	'public',	'2018-11-22 09:48:08',	'2018-11-22 09:48:08',	1),
(48,	'Exercise of Blanditiis.',	1,	10,	1,	1,	'Voluptatibus et ratione sit et. In maiores nihil dolores cumque doloremque eos eum et. Quidem aperiam fugit cumque quas et voluptas autem.',	'private',	'2018-11-22 09:48:08',	'2018-11-22 09:48:08',	1),
(49,	'Exercise of Doloribus.',	1,	9,	1,	2,	'Sapiente dolore consequatur earum itaque voluptatem. Quia vel natus tempora aspernatur in est adipisci sapiente. Aliquid qui rerum est dolorum nesciunt nihil dolorem commodi. Consequatur aut ducimus sit facere nesciunt.',	'public',	'2018-11-22 09:48:09',	'2018-11-22 09:48:09',	6),
(50,	'Exercise of Distinctio est.',	3,	4,	1,	5,	'Dignissimos accusamus ut et recusandae libero ducimus. Est nihil eligendi voluptatem sint dolores impedit et. Dolores vel nihil dignissimos quis. Adipisci perferendis ut quia earum blanditiis.',	'public',	'2018-11-22 09:48:09',	'2018-11-22 09:48:09',	4);

DROP TABLE IF EXISTS `gamedetails`;
CREATE TABLE `gamedetails` (
  `id` int(11) NOT NULL AUTO_INCREMENT,
  `platform_id` int(11) NOT NULL,
  `game_id` int(11) NOT NULL,
  `android_link` varchar(500) COLLATE utf8mb4_unicode_ci DEFAULT NULL,
  `ios_link` varchar(500) COLLATE utf8mb4_unicode_ci DEFAULT NULL,
  `ios_bundle_id` varchar(500) COLLATE utf8mb4_unicode_ci DEFAULT NULL,
  `ios_url_scheme_suffix` varchar(500) COLLATE utf8mb4_unicode_ci DEFAULT NULL,
  `ios_iphone_store_id` varchar(500) COLLATE utf8mb4_unicode_ci DEFAULT NULL,
  `ios_ipad_store_id` varchar(500) COLLATE utf8mb4_unicode_ci DEFAULT NULL,
  `android_package_name` varchar(500) COLLATE utf8mb4_unicode_ci DEFAULT NULL,
  `android_key_hashes` varchar(500) COLLATE utf8mb4_unicode_ci DEFAULT NULL,
  `android_class_name` varchar(500) COLLATE utf8mb4_unicode_ci DEFAULT NULL,
  `android_amazon_url` varchar(500) COLLATE utf8mb4_unicode_ci DEFAULT NULL,
  `created_at` timestamp NULL DEFAULT NULL,
  `updated_at` timestamp NULL DEFAULT NULL,
  PRIMARY KEY (`id`)
) ENGINE=InnoDB DEFAULT CHARSET=utf8mb4 COLLATE=utf8mb4_unicode_ci;


DROP TABLE IF EXISTS `gamedownloads`;
CREATE TABLE `gamedownloads` (
  `id` int(11) NOT NULL AUTO_INCREMENT,
  `user_id` int(11) NOT NULL,
  `game_id` int(11) NOT NULL,
  `created_at` timestamp NULL DEFAULT NULL,
  `updated_at` timestamp NULL DEFAULT NULL,
  `download_type` enum('google','app','') COLLATE utf8mb4_unicode_ci NOT NULL,
  PRIMARY KEY (`id`),
  KEY `user_id` (`user_id`,`game_id`)
) ENGINE=InnoDB DEFAULT CHARSET=utf8mb4 COLLATE=utf8mb4_unicode_ci;


DROP TABLE IF EXISTS `gamerestrictedkids`;
CREATE TABLE `gamerestrictedkids` (
  `id` int(11) NOT NULL AUTO_INCREMENT,
  `kid_id` int(11) NOT NULL,
  `game_id` int(11) NOT NULL,
  `restricted_by` int(11) NOT NULL,
  `created_at` timestamp NULL DEFAULT NULL,
  `updated_at` timestamp NULL DEFAULT NULL,
  `isactive` enum('Y','N','') COLLATE utf8mb4_unicode_ci NOT NULL,
  PRIMARY KEY (`id`),
  KEY `kid_id` (`kid_id`,`game_id`)
) ENGINE=InnoDB DEFAULT CHARSET=utf8mb4 COLLATE=utf8mb4_unicode_ci;


DROP TABLE IF EXISTS `games`;
CREATE TABLE `games` (
  `id` int(11) NOT NULL AUTO_INCREMENT,
  `discipline_id` int(11) NOT NULL,
  `developer_id` int(11) NOT NULL,
  `game_name` varchar(250) COLLATE utf8mb4_unicode_ci NOT NULL,
  `patform` enum('IOS','android','') COLLATE utf8mb4_unicode_ci NOT NULL,
  `app_id` varchar(500) COLLATE utf8mb4_unicode_ci NOT NULL,
  `secrete_key` varchar(500) COLLATE utf8mb4_unicode_ci NOT NULL,
  `game_icon` varchar(250) COLLATE utf8mb4_unicode_ci NOT NULL,
  `image1` varchar(250) COLLATE utf8mb4_unicode_ci NOT NULL,
  `image2` varchar(250) COLLATE utf8mb4_unicode_ci NOT NULL,
  `image3` varchar(250) COLLATE utf8mb4_unicode_ci NOT NULL,
  `image4` varchar(250) COLLATE utf8mb4_unicode_ci NOT NULL,
  `image5` varchar(250) COLLATE utf8mb4_unicode_ci NOT NULL,
  `category_id` int(11) NOT NULL,
  `age_id` int(11) NOT NULL,
  `status` enum('draft','published','unpublished','') COLLATE utf8mb4_unicode_ci NOT NULL,
  `isapproved` enum('Y','N','') COLLATE utf8mb4_unicode_ci NOT NULL,
  `isactive` enum('Y','N','') COLLATE utf8mb4_unicode_ci NOT NULL,
  `created_at` timestamp NULL DEFAULT NULL,
  `updated_at` timestamp NULL DEFAULT NULL,
  `description` text COLLATE utf8mb4_unicode_ci NOT NULL,
  PRIMARY KEY (`id`)
) ENGINE=InnoDB DEFAULT CHARSET=utf8mb4 COLLATE=utf8mb4_unicode_ci;


DROP TABLE IF EXISTS `grades`;
CREATE TABLE `grades` (
  `id` int(11) NOT NULL AUTO_INCREMENT,
  `grade_name` varchar(250) COLLATE utf8mb4_unicode_ci NOT NULL,
  `curriculum_gradelist_id` int(11) DEFAULT NULL,
  `createdby` int(11) NOT NULL,
  `created_at` timestamp NULL DEFAULT NULL,
  `updated_at` timestamp NULL DEFAULT NULL,
  PRIMARY KEY (`id`),
  KEY `curriculum_gradelist_id` (`curriculum_gradelist_id`),
  CONSTRAINT `grades_ibfk_1` FOREIGN KEY (`curriculum_gradelist_id`) REFERENCES `curricula_gradelists` (`id`) ON DELETE CASCADE
) ENGINE=InnoDB DEFAULT CHARSET=utf8mb4 COLLATE=utf8mb4_unicode_ci;

INSERT INTO `grades` (`id`, `grade_name`, `curriculum_gradelist_id`, `createdby`, `created_at`, `updated_at`) VALUES
(1,	'Grade 12',	1,	1,	'2018-11-22 09:46:08',	'2018-11-22 09:46:08'),
(2,	'Grade 7',	1,	1,	'2018-11-22 09:46:08',	'2018-11-22 09:46:08'),
(3,	'Grade 2',	1,	1,	'2018-11-22 09:46:08',	'2018-11-22 09:46:08'),
(4,	'Grade 6',	1,	1,	'2018-11-22 09:46:09',	'2018-11-22 09:46:09'),
(5,	'Grade 5',	1,	1,	'2018-11-22 09:46:09',	'2018-11-22 09:46:09'),
(6,	'Grade 1',	1,	1,	'2018-11-22 09:46:10',	'2018-11-22 09:46:10'),
(7,	'Grade 12',	1,	1,	'2018-11-22 09:46:10',	'2018-11-22 09:46:10'),
(8,	'Grade 12',	1,	1,	'2018-11-22 09:46:11',	'2018-11-22 09:46:11'),
(9,	'Grade 4',	1,	1,	'2018-11-22 09:46:11',	'2018-11-22 09:46:11'),
(10,	'Grade 2',	1,	1,	'2018-11-22 09:46:12',	'2018-11-22 09:46:12'),
(11,	'Grade 12',	1,	1,	'2018-11-22 09:46:12',	'2018-11-22 09:46:12'),
(12,	'Grade 12',	1,	1,	'2018-11-22 09:46:12',	'2018-11-22 09:46:12'),
(13,	'Grade 1',	2,	1,	NULL,	NULL),
(14,	'Grade 2',	2,	1,	NULL,	NULL);

DROP TABLE IF EXISTS `invitedusers`;
CREATE TABLE `invitedusers` (
  `id` int(11) NOT NULL AUTO_INCREMENT,
  `email` varchar(250) COLLATE utf8mb4_unicode_ci NOT NULL,
  `invitedby` int(11) NOT NULL,
  `message` text COLLATE utf8mb4_unicode_ci NOT NULL,
  `invitationtype` enum('parent','child','collaboration','friend','') COLLATE utf8mb4_unicode_ci NOT NULL,
  `invitationstatus` enum('accepted','rejected','pending','') COLLATE utf8mb4_unicode_ci NOT NULL DEFAULT 'pending',
  `isinvitedregistered` tinyint(1) NOT NULL DEFAULT '0',
  `discipline_id` int(11) DEFAULT NULL,
  `created_at` timestamp NOT NULL DEFAULT CURRENT_TIMESTAMP,
  PRIMARY KEY (`id`)
) ENGINE=InnoDB DEFAULT CHARSET=utf8mb4 COLLATE=utf8mb4_unicode_ci;


DROP TABLE IF EXISTS `jobs`;
CREATE TABLE `jobs` (
  `id` int(10) unsigned NOT NULL AUTO_INCREMENT,
  `queue` varchar(255) COLLATE utf8mb4_unicode_ci NOT NULL,
  `payload` longtext COLLATE utf8mb4_unicode_ci NOT NULL,
  `attempts` tinyint(3) unsigned NOT NULL,
  `reserved_at` int(10) unsigned DEFAULT NULL,
  `available_at` int(10) unsigned NOT NULL,
  `created_at` int(10) unsigned NOT NULL,
  PRIMARY KEY (`id`)
) ENGINE=InnoDB DEFAULT CHARSET=utf8mb4 COLLATE=utf8mb4_unicode_ci;


DROP TABLE IF EXISTS `languages`;
CREATE TABLE `languages` (
  `id` int(11) NOT NULL AUTO_INCREMENT,
  `language` varchar(25) COLLATE utf8mb4_unicode_ci NOT NULL,
  PRIMARY KEY (`id`)
) ENGINE=InnoDB DEFAULT CHARSET=utf8mb4 COLLATE=utf8mb4_unicode_ci;

INSERT INTO `languages` (`id`, `language`) VALUES
(1,	'English'),
(2,	'French'),
(3,	'Arabic');

DROP TABLE IF EXISTS `login_activities`;
CREATE TABLE `login_activities` (
  `id` int(10) unsigned NOT NULL AUTO_INCREMENT,
  `user_id` int(10) unsigned DEFAULT NULL,
  `user_agent` varchar(255) COLLATE utf8mb4_unicode_ci NOT NULL,
  `ip_address` varchar(45) COLLATE utf8mb4_unicode_ci NOT NULL,
  `created_at` timestamp NULL DEFAULT NULL,
  `updated_at` timestamp NULL DEFAULT NULL,
  PRIMARY KEY (`id`),
  KEY `login_activities_user_id_index` (`user_id`)
) ENGINE=InnoDB DEFAULT CHARSET=utf8mb4 COLLATE=utf8mb4_unicode_ci;

INSERT INTO `login_activities` (`id`, `user_id`, `user_agent`, `ip_address`, `created_at`, `updated_at`) VALUES
(1,	1,	'Mozilla/5.0 (X11; Linux x86_64) AppleWebKit/537.36 (KHTML, like Gecko) Chrome/70.0.3538.77 Safari/537.36',	'103.215.159.150',	'2018-11-22 09:54:47',	'2018-11-22 09:54:47'),
(2,	1,	'Mozilla/5.0 (X11; Linux x86_64) AppleWebKit/537.36 (KHTML, like Gecko) Chrome/70.0.3538.77 Safari/537.36',	'103.215.159.150',	'2018-11-23 00:04:50',	'2018-11-23 00:04:50'),
(3,	1,	'Mozilla/5.0 (X11; Linux x86_64) AppleWebKit/537.36 (KHTML, like Gecko) Chrome/70.0.3538.77 Safari/537.36',	'103.215.159.150',	'2018-11-23 00:32:07',	'2018-11-23 00:32:07'),
(4,	2,	'Mozilla/5.0 (X11; Linux x86_64) AppleWebKit/537.36 (KHTML, like Gecko) Chrome/70.0.3538.77 Safari/537.36',	'103.215.159.150',	'2018-11-23 01:14:18',	'2018-11-23 01:14:18'),
(5,	2,	'Mozilla/5.0 (X11; Linux x86_64) AppleWebKit/537.36 (KHTML, like Gecko) Chrome/70.0.3538.77 Safari/537.36',	'103.215.159.150',	'2018-11-23 01:14:38',	'2018-11-23 01:14:38'),
(6,	2,	'Mozilla/5.0 (X11; Linux x86_64) AppleWebKit/537.36 (KHTML, like Gecko) Chrome/70.0.3538.77 Safari/537.36',	'103.215.159.150',	'2018-11-23 01:14:40',	'2018-11-23 01:14:40'),
(7,	1,	'Mozilla/5.0 (X11; Linux x86_64) AppleWebKit/537.36 (KHTML, like Gecko) Chrome/70.0.3538.77 Safari/537.36',	'103.215.159.150',	'2018-11-23 01:20:58',	'2018-11-23 01:20:58'),
(8,	2,	'Mozilla/5.0 (Windows NT 10.0; Win64; x64) AppleWebKit/537.36 (KHTML, like Gecko) Chrome/64.0.3282.140 Safari/537.36 Edge/17.17134',	'178.135.88.205',	'2018-11-23 01:29:07',	'2018-11-23 01:29:07'),
(9,	1,	'Mozilla/5.0 (X11; Linux x86_64) AppleWebKit/537.36 (KHTML, like Gecko) Chrome/70.0.3538.77 Safari/537.36',	'103.215.159.150',	'2018-11-23 01:29:25',	'2018-11-23 01:29:25'),
(10,	1,	'Mozilla/5.0 (X11; Linux x86_64) AppleWebKit/537.36 (KHTML, like Gecko) Chrome/70.0.3538.77 Safari/537.36',	'103.215.159.150',	'2018-11-27 23:46:16',	'2018-11-27 23:46:16'),
(11,	1,	'Mozilla/5.0 (Windows NT 6.1; Win64; x64; rv:63.0) Gecko/20100101 Firefox/63.0',	'103.215.159.150',	'2018-11-28 00:03:10',	'2018-11-28 00:03:10'),
(12,	16,	'Mozilla/5.0 (X11; Linux x86_64) AppleWebKit/537.36 (KHTML, like Gecko) Chrome/70.0.3538.77 Safari/537.36',	'103.215.159.150',	'2018-12-06 03:52:00',	'2018-12-06 03:52:00'),
(13,	17,	'Mozilla/5.0 (X11; Linux x86_64) AppleWebKit/537.36 (KHTML, like Gecko) Chrome/70.0.3538.77 Safari/537.36',	'103.215.159.150',	'2018-12-07 07:40:05',	'2018-12-07 07:40:05'),
(14,	18,	'Mozilla/5.0 (X11; Linux x86_64) AppleWebKit/537.36 (KHTML, like Gecko) Chrome/70.0.3538.77 Safari/537.36',	'103.215.159.150',	'2018-12-07 07:41:51',	'2018-12-07 07:41:51'),
(15,	19,	'Mozilla/5.0 (X11; Linux x86_64) AppleWebKit/537.36 (KHTML, like Gecko) Chrome/70.0.3538.77 Safari/537.36',	'103.215.159.150',	'2018-12-07 07:44:00',	'2018-12-07 07:44:00'),
(16,	20,	'Mozilla/5.0 (X11; Linux x86_64) AppleWebKit/537.36 (KHTML, like Gecko) Chrome/70.0.3538.77 Safari/537.36',	'103.215.159.150',	'2018-12-07 08:19:35',	'2018-12-07 08:19:35'),
(17,	20,	'Mozilla/5.0 (X11; Linux x86_64) AppleWebKit/537.36 (KHTML, like Gecko) Chrome/70.0.3538.77 Safari/537.36',	'103.215.159.150',	'2018-12-07 08:20:53',	'2018-12-07 08:20:53'),
(18,	20,	'Mozilla/5.0 (X11; Linux x86_64) AppleWebKit/537.36 (KHTML, like Gecko) Chrome/70.0.3538.77 Safari/537.36',	'103.215.159.150',	'2018-12-07 08:21:30',	'2018-12-07 08:21:30'),
(19,	1,	'Mozilla/5.0 (X11; Linux x86_64) AppleWebKit/537.36 (KHTML, like Gecko) Chrome/70.0.3538.77 Safari/537.36',	'103.215.159.150',	'2018-12-07 08:49:24',	'2018-12-07 08:49:24'),
(20,	1,	'Mozilla/5.0 (X11; Linux x86_64) AppleWebKit/537.36 (KHTML, like Gecko) Chrome/70.0.3538.77 Safari/537.36',	'103.215.159.150',	'2018-12-07 09:02:25',	'2018-12-07 09:02:25'),
(21,	1,	'Mozilla/5.0 (Windows NT 10.0; Win64; x64) AppleWebKit/537.36 (KHTML, like Gecko) Chrome/64.0.3282.140 Safari/537.36 Edge/17.17134',	'94.187.6.214',	'2018-12-07 12:07:11',	'2018-12-07 12:07:11'),
(22,	1,	'Mozilla/5.0 (X11; Linux x86_64) AppleWebKit/537.36 (KHTML, like Gecko) Chrome/70.0.3538.77 Safari/537.36',	'103.215.159.150',	'2018-12-08 01:29:14',	'2018-12-08 01:29:14'),
(23,	1,	'Mozilla/5.0 (X11; Linux x86_64) AppleWebKit/537.36 (KHTML, like Gecko) Chrome/70.0.3538.77 Safari/537.36',	'103.215.159.150',	'2018-12-10 04:41:56',	'2018-12-10 04:41:56'),
(24,	2,	'Mozilla/5.0 (X11; Linux x86_64) AppleWebKit/537.36 (KHTML, like Gecko) Chrome/70.0.3538.77 Safari/537.36',	'103.215.159.150',	'2018-12-10 23:48:53',	'2018-12-10 23:48:53'),
(25,	2,	'Mozilla/5.0 (Windows NT 10.0; Win64; x64) AppleWebKit/537.36 (KHTML, like Gecko) Chrome/64.0.3282.140 Safari/537.36 Edge/17.17134',	'178.135.93.217',	'2018-12-12 01:28:27',	'2018-12-12 01:28:27'),
(26,	2,	'Mozilla/5.0 (Windows NT 10.0; Win64; x64) AppleWebKit/537.36 (KHTML, like Gecko) Chrome/71.0.3578.80 Safari/537.36',	'86.99.103.116',	'2018-12-12 09:32:07',	'2018-12-12 09:32:07'),
(27,	2,	'Mozilla/5.0 (Windows NT 10.0; Win64; x64) AppleWebKit/537.36 (KHTML, like Gecko) Chrome/64.0.3282.140 Safari/537.36 Edge/17.17134',	'178.135.238.24',	'2018-12-13 02:30:25',	'2018-12-13 02:30:25'),
(28,	2,	'Mozilla/5.0 (X11; Linux x86_64) AppleWebKit/537.36 (KHTML, like Gecko) Chrome/70.0.3538.77 Safari/537.36',	'::1',	'2018-12-14 04:10:40',	'2018-12-14 04:10:40'),
(29,	11,	'Mozilla/5.0 (X11; Linux x86_64) AppleWebKit/537.36 (KHTML, like Gecko) Chrome/70.0.3538.77 Safari/537.36',	'::1',	'2018-12-14 04:22:54',	'2018-12-14 04:22:54'),
(30,	2,	'Mozilla/5.0 (X11; Linux x86_64) AppleWebKit/537.36 (KHTML, like Gecko) Chrome/70.0.3538.77 Safari/537.36',	'::1',	'2018-12-14 07:00:20',	'2018-12-14 07:00:20'),
(31,	1,	'Mozilla/5.0 (X11; Linux x86_64) AppleWebKit/537.36 (KHTML, like Gecko) Chrome/70.0.3538.77 Safari/537.36',	'::1',	'2018-12-16 23:48:58',	'2018-12-16 23:48:58'),
(32,	2,	'Mozilla/5.0 (X11; Linux x86_64) AppleWebKit/537.36 (KHTML, like Gecko) Chrome/70.0.3538.77 Safari/537.36',	'::1',	'2018-12-16 23:53:55',	'2018-12-16 23:53:55'),
(33,	1,	'Mozilla/5.0 (X11; Linux x86_64) AppleWebKit/537.36 (KHTML, like Gecko) Chrome/70.0.3538.77 Safari/537.36',	'::1',	'2018-12-17 00:22:24',	'2018-12-17 00:22:24'),
(34,	11,	'Mozilla/5.0 (X11; Linux x86_64) AppleWebKit/537.36 (KHTML, like Gecko) Chrome/70.0.3538.77 Safari/537.36',	'::1',	'2018-12-17 00:26:49',	'2018-12-17 00:26:49'),
(35,	11,	'Mozilla/5.0 (X11; Linux x86_64) AppleWebKit/537.36 (KHTML, like Gecko) Chrome/70.0.3538.77 Safari/537.36',	'::1',	'2018-12-17 04:00:26',	'2018-12-17 04:00:26'),
(36,	11,	'Mozilla/5.0 (X11; Linux x86_64) AppleWebKit/537.36 (KHTML, like Gecko) Chrome/70.0.3538.77 Safari/537.36',	'::1',	'2018-12-17 23:33:34',	'2018-12-17 23:33:34'),
(37,	2,	'Mozilla/5.0 (X11; Linux x86_64) AppleWebKit/537.36 (KHTML, like Gecko) Chrome/70.0.3538.77 Safari/537.36',	'::1',	'2018-12-18 02:31:25',	'2018-12-18 02:31:25'),
(38,	11,	'Mozilla/5.0 (X11; Linux x86_64) AppleWebKit/537.36 (KHTML, like Gecko) Chrome/70.0.3538.77 Safari/537.36',	'::1',	'2018-12-18 04:42:50',	'2018-12-18 04:42:50'),
(39,	2,	'Mozilla/5.0 (X11; Linux x86_64) AppleWebKit/537.36 (KHTML, like Gecko) Chrome/70.0.3538.77 Safari/537.36',	'::1',	'2018-12-18 07:46:54',	'2018-12-18 07:46:54'),
(40,	1,	'Mozilla/5.0 (X11; Linux x86_64) AppleWebKit/537.36 (KHTML, like Gecko) Chrome/70.0.3538.77 Safari/537.36',	'::1',	'2018-12-18 07:47:15',	'2018-12-18 07:47:15'),
(41,	2,	'Mozilla/5.0 (X11; Linux x86_64) AppleWebKit/537.36 (KHTML, like Gecko) Chrome/70.0.3538.77 Safari/537.36',	'::1',	'2018-12-18 23:47:54',	'2018-12-18 23:47:54'),
(42,	2,	'Mozilla/5.0 (X11; Linux x86_64) AppleWebKit/537.36 (KHTML, like Gecko) Chrome/70.0.3538.77 Safari/537.36',	'::1',	'2018-12-18 23:54:05',	'2018-12-18 23:54:05'),
(43,	1,	'Mozilla/5.0 (X11; Linux x86_64) AppleWebKit/537.36 (KHTML, like Gecko) Chrome/70.0.3538.77 Safari/537.36',	'::1',	'2018-12-18 23:54:23',	'2018-12-18 23:54:23'),
(44,	2,	'Mozilla/5.0 (X11; Linux x86_64) AppleWebKit/537.36 (KHTML, like Gecko) Chrome/70.0.3538.77 Safari/537.36',	'::1',	'2018-12-18 23:54:46',	'2018-12-18 23:54:46'),
(45,	2,	'Mozilla/5.0 (X11; Linux x86_64) AppleWebKit/537.36 (KHTML, like Gecko) Chrome/70.0.3538.77 Safari/537.36',	'::1',	'2018-12-20 00:50:28',	'2018-12-20 00:50:28'),
(46,	2,	'Mozilla/5.0 (X11; Linux x86_64) AppleWebKit/537.36 (KHTML, like Gecko) Chrome/70.0.3538.77 Safari/537.36',	'::1',	'2018-12-20 01:58:08',	'2018-12-20 01:58:08'),
(47,	2,	'Mozilla/5.0 (X11; Linux x86_64) AppleWebKit/537.36 (KHTML, like Gecko) Chrome/70.0.3538.77 Safari/537.36',	'::1',	'2018-12-20 05:25:40',	'2018-12-20 05:25:40'),
(48,	1,	'Mozilla/5.0 (X11; Linux x86_64) AppleWebKit/537.36 (KHTML, like Gecko) Chrome/70.0.3538.77 Safari/537.36',	'::1',	'2018-12-20 06:21:28',	'2018-12-20 06:21:28'),
(49,	11,	'Mozilla/5.0 (X11; Linux x86_64) AppleWebKit/537.36 (KHTML, like Gecko) Chrome/70.0.3538.77 Safari/537.36',	'::1',	'2018-12-20 06:22:01',	'2018-12-20 06:22:01'),
(50,	2,	'Mozilla/5.0 (X11; Linux x86_64) AppleWebKit/537.36 (KHTML, like Gecko) Chrome/70.0.3538.77 Safari/537.36',	'::1',	'2018-12-20 06:29:07',	'2018-12-20 06:29:07'),
(51,	1,	'Mozilla/5.0 (X11; Linux x86_64) AppleWebKit/537.36 (KHTML, like Gecko) Chrome/70.0.3538.77 Safari/537.36',	'::1',	'2018-12-20 08:36:34',	'2018-12-20 08:36:34'),
(52,	11,	'Mozilla/5.0 (X11; Linux x86_64) AppleWebKit/537.36 (KHTML, like Gecko) Chrome/70.0.3538.77 Safari/537.36',	'::1',	'2018-12-20 08:51:12',	'2018-12-20 08:51:12'),
(53,	11,	'Mozilla/5.0 (X11; Linux x86_64) AppleWebKit/537.36 (KHTML, like Gecko) Chrome/70.0.3538.77 Safari/537.36',	'::1',	'2018-12-20 23:54:56',	'2018-12-20 23:54:56'),
(54,	2,	'Mozilla/5.0 (X11; Linux x86_64) AppleWebKit/537.36 (KHTML, like Gecko) Chrome/70.0.3538.77 Safari/537.36',	'::1',	'2018-12-21 05:42:28',	'2018-12-21 05:42:28'),
(55,	11,	'Mozilla/5.0 (X11; Linux x86_64) AppleWebKit/537.36 (KHTML, like Gecko) Chrome/70.0.3538.77 Safari/537.36',	'::1',	'2018-12-21 05:43:12',	'2018-12-21 05:43:12'),
(56,	11,	'Mozilla/5.0 (X11; Linux x86_64) AppleWebKit/537.36 (KHTML, like Gecko) Chrome/70.0.3538.77 Safari/537.36',	'::1',	'2018-12-21 23:32:41',	'2018-12-21 23:32:41'),
(57,	11,	'Mozilla/5.0 (X11; Linux x86_64) AppleWebKit/537.36 (KHTML, like Gecko) Chrome/70.0.3538.77 Safari/537.36',	'::1',	'2018-12-22 04:49:58',	'2018-12-22 04:49:58'),
(58,	11,	'Mozilla/5.0 (X11; Linux x86_64) AppleWebKit/537.36 (KHTML, like Gecko) Chrome/70.0.3538.77 Safari/537.36',	'::1',	'2018-12-24 00:04:29',	'2018-12-24 00:04:29');

DROP TABLE IF EXISTS `migrations`;
CREATE TABLE `migrations` (
  `id` int(10) unsigned NOT NULL AUTO_INCREMENT,
  `migration` varchar(255) COLLATE utf8mb4_unicode_ci NOT NULL,
  `batch` int(11) NOT NULL,
  PRIMARY KEY (`id`)
) ENGINE=InnoDB DEFAULT CHARSET=utf8mb4 COLLATE=utf8mb4_unicode_ci;

INSERT INTO `migrations` (`id`, `migration`, `batch`) VALUES
(1,	'2014_01_07_073615_create_tagged_table',	1),
(2,	'2014_01_07_073615_create_tags_table',	1),
(3,	'2015_10_24_10000_create_ratings_table',	1),
(4,	'2016_06_29_073615_create_tag_groups_table',	1),
(5,	'2016_06_29_073615_update_tags_table',	1),
(6,	'2018_03_07_150001_create_courseclasses_table',	1),
(7,	'2018_03_07_150002_create_exams_table',	1),
(8,	'2018_03_07_150003_create_questions_table',	1),
(9,	'2018_03_07_164342_create_activities_table',	1),
(10,	'2018_03_07_164342_create_answeroptions_table',	1),
(11,	'2018_03_07_164342_create_badges_table',	1),
(12,	'2018_03_07_164342_create_businessrules_table',	1),
(13,	'2018_03_07_164342_create_classexams_table',	1),
(14,	'2018_03_07_164342_create_classexercises_table',	1),
(15,	'2018_03_07_164342_create_classlearners_table',	1),
(16,	'2018_03_07_164342_create_countries_table',	1),
(17,	'2018_03_07_164342_create_curricula_gradelists_table',	1),
(18,	'2018_03_07_164342_create_disciplinecollaborators_table',	1),
(19,	'2018_03_07_164342_create_disciplines_table',	1),
(20,	'2018_03_07_164342_create_disciplineversions_table',	1),
(21,	'2018_03_07_164342_create_examquestions_table',	1),
(22,	'2018_03_07_164342_create_exercisesetbuyers_table',	1),
(23,	'2018_03_07_164342_create_exercisesets_table',	1),
(24,	'2018_03_07_164342_create_gamedetails_table',	1),
(25,	'2018_03_07_164342_create_gamedownloads_table',	1),
(26,	'2018_03_07_164342_create_gamerestrictedkids_table',	1),
(27,	'2018_03_07_164342_create_games_table',	1),
(28,	'2018_03_07_164342_create_grades_table',	1),
(29,	'2018_03_07_164342_create_invitedusers_table',	1),
(30,	'2018_03_07_164342_create_languages_table',	1),
(31,	'2018_03_07_164342_create_newslettersubscriptions_table',	1),
(32,	'2018_03_07_164342_create_notificationsactions_table',	1),
(33,	'2018_03_07_164342_create_password_resets_table',	1),
(34,	'2018_03_07_164342_create_pendingtasks_table',	1),
(35,	'2018_03_07_164342_create_role_user_table',	1),
(36,	'2018_03_07_164342_create_roles_table',	1),
(37,	'2018_03_07_164342_create_schools_table',	1),
(38,	'2018_03_07_164342_create_skillcategories_table',	1),
(39,	'2018_03_07_164342_create_skills_table',	1),
(40,	'2018_03_07_164342_create_topics_table',	1),
(41,	'2018_03_07_164342_create_useractivitylogs_table',	1),
(42,	'2018_03_07_164342_create_userbadges_table',	1),
(43,	'2018_03_07_164342_create_userexamanswers_table',	1),
(44,	'2018_03_07_164342_create_userexamscores_table',	1),
(45,	'2018_03_07_164342_create_userinterests_table',	1),
(46,	'2018_03_07_164342_create_usernotifications_table',	1),
(47,	'2018_03_07_164342_create_users_table',	1),
(48,	'2018_03_07_164342_create_userskillmasterylevels_table',	1),
(49,	'2018_03_07_164348_add_foreign_keys_to_answeroptions_table',	1),
(50,	'2018_03_07_164348_add_foreign_keys_to_classexams_table',	1),
(51,	'2018_03_07_164348_add_foreign_keys_to_classexercises_table',	1),
(52,	'2018_03_07_164348_add_foreign_keys_to_classlearners_table',	1),
(53,	'2018_03_07_164348_add_foreign_keys_to_disciplinecollaborators_table',	1),
(54,	'2018_03_07_164348_add_foreign_keys_to_disciplines_table',	1),
(55,	'2018_03_07_164348_add_foreign_keys_to_disciplineversions_table',	1),
(56,	'2018_03_07_164348_add_foreign_keys_to_examquestions_table',	1),
(57,	'2018_03_07_164348_add_foreign_keys_to_exercisesetbuyers_table',	1),
(58,	'2018_03_07_164348_add_foreign_keys_to_grades_table',	1),
(59,	'2018_03_07_164348_add_foreign_keys_to_skills_table',	1),
(60,	'2018_03_07_164348_add_foreign_keys_to_useractivitylogs_table',	1),
(61,	'2018_03_07_164348_add_foreign_keys_to_userbadges_table',	1),
(62,	'2018_03_07_164348_add_foreign_keys_to_userexamanswers_table',	1),
(63,	'2018_03_07_164348_add_foreign_keys_to_userexamscores_table',	1),
(64,	'2018_03_07_164348_add_foreign_keys_to_userinterests_table',	1),
(65,	'2018_03_13_090156_create_activity_log_table',	1),
(66,	'2018_03_14_124540_create_login_activities_table',	1),
(67,	'2018_04_17_055537_create_jobs_table',	1),
(68,	'2018_05_12_115131_create_passages_table',	1),
(69,	'2018_05_12_164348_add_foreign_keys_to_passages_table',	1),
(70,	'2018_05_12_164348_add_foreign_keys_to_skillcategories_table',	1),
(71,	'2018_07_04_153500_create_practiceresults_table',	1),
(72,	'2018_07_11_121436_create_skillmasterylevels_table',	1),
(73,	'2018_07_14_100312_create_xp_points_table',	1),
(74,	'2018_11_22_112157_add_column_to_users',	1),
(75,	'2018_12_05_114611_create_examselections_table',	1);

DROP TABLE IF EXISTS `newslettersubscriptions`;
CREATE TABLE `newslettersubscriptions` (
  `id` int(11) NOT NULL AUTO_INCREMENT,
  `email` varchar(250) COLLATE utf8mb4_unicode_ci NOT NULL,
  `subscribedon` timestamp NOT NULL DEFAULT CURRENT_TIMESTAMP,
  PRIMARY KEY (`id`)
) ENGINE=InnoDB DEFAULT CHARSET=utf8mb4 COLLATE=utf8mb4_unicode_ci;


DROP TABLE IF EXISTS `notificationsactions`;
CREATE TABLE `notificationsactions` (
  `id` int(11) NOT NULL AUTO_INCREMENT,
  `modelname` varchar(250) COLLATE utf8mb4_unicode_ci NOT NULL,
  `created_at` timestamp NOT NULL DEFAULT CURRENT_TIMESTAMP,
  `notificationtpl` text COLLATE utf8mb4_unicode_ci NOT NULL,
  `type` enum('information','action','') COLLATE utf8mb4_unicode_ci NOT NULL,
  PRIMARY KEY (`id`)
) ENGINE=InnoDB DEFAULT CHARSET=utf8mb4 COLLATE=utf8mb4_unicode_ci;


DROP TABLE IF EXISTS `passages`;
CREATE TABLE `passages` (
  `id` int(10) unsigned NOT NULL AUTO_INCREMENT,
  `passage_title` varchar(250) COLLATE utf8mb4_unicode_ci NOT NULL,
  `passage_text` text COLLATE utf8mb4_unicode_ci NOT NULL,
  `exercise_id` int(11) DEFAULT NULL,
  `createdby` int(11) NOT NULL,
  `created_at` timestamp NULL DEFAULT NULL,
  `updated_at` timestamp NULL DEFAULT NULL,
  PRIMARY KEY (`id`),
  KEY `exercise_id` (`exercise_id`),
  CONSTRAINT `passages_ibfk_1` FOREIGN KEY (`exercise_id`) REFERENCES `exercisesets` (`id`) ON DELETE CASCADE
) ENGINE=InnoDB DEFAULT CHARSET=utf8mb4 COLLATE=utf8mb4_unicode_ci;


DROP TABLE IF EXISTS `password_resets`;
CREATE TABLE `password_resets` (
  `email` varchar(191) COLLATE utf8mb4_unicode_ci NOT NULL,
  `token` varchar(191) COLLATE utf8mb4_unicode_ci NOT NULL,
  `created_at` datetime DEFAULT NULL,
  KEY `password_resets_email_index` (`email`)
) ENGINE=InnoDB DEFAULT CHARSET=utf8mb4 COLLATE=utf8mb4_unicode_ci;


DROP TABLE IF EXISTS `pendingtasks`;
CREATE TABLE `pendingtasks` (
  `id` int(11) NOT NULL AUTO_INCREMENT,
  `user_id` int(11) NOT NULL,
  `sender_id` int(11) NOT NULL,
  `pending_task_description` varchar(250) COLLATE utf8mb4_unicode_ci NOT NULL,
  `pending_task_action` varchar(250) COLLATE utf8mb4_unicode_ci NOT NULL,
  `created_at` timestamp NULL DEFAULT NULL,
  `updated_at` timestamp NULL DEFAULT NULL,
  `status` enum('pending','done','') COLLATE utf8mb4_unicode_ci NOT NULL DEFAULT 'pending',
  PRIMARY KEY (`id`),
  KEY `user_id` (`user_id`)
) ENGINE=InnoDB DEFAULT CHARSET=utf8mb4 COLLATE=utf8mb4_unicode_ci;

INSERT INTO `pendingtasks` (`id`, `user_id`, `sender_id`, `pending_task_description`, `pending_task_action`, `created_at`, `updated_at`, `status`) VALUES
(1,	16,	0,	'Complete your profile',	'/user/profile/16',	'2018-12-06 03:51:57',	'2018-12-06 03:51:57',	'pending'),
(2,	16,	0,	'Create or buy an exercise set',	'/exercisesets',	'2018-12-06 03:51:57',	'2018-12-06 03:51:57',	'pending'),
(3,	17,	0,	'Complete your profile',	'/user/profile/17',	'2018-12-07 07:39:46',	'2018-12-07 07:39:46',	'pending'),
(4,	17,	0,	'Create or buy an exercise set',	'/exercisesets',	'2018-12-07 07:39:46',	'2018-12-07 07:39:46',	'pending'),
(5,	17,	0,	'Create a Class',	'/courseclasses/myclasses',	'2018-12-07 07:39:47',	'2018-12-07 07:39:47',	'pending'),
(6,	18,	0,	'Complete your profile',	'/user/profile/18',	'2018-12-07 07:41:17',	'2018-12-07 07:41:17',	'pending'),
(7,	18,	0,	'Create or buy an exercise set',	'/exercisesets',	'2018-12-07 07:41:17',	'2018-12-07 07:41:17',	'pending'),
(8,	19,	0,	'Complete your profile',	'/user/profile/19',	'2018-12-07 07:43:05',	'2018-12-07 07:43:05',	'pending'),
(9,	19,	0,	'Create or buy an exercise set',	'/exercisesets',	'2018-12-07 07:43:05',	'2018-12-07 07:43:05',	'pending'),
(10,	19,	0,	'Create a Class',	'/courseclasses/myclasses',	'2018-12-07 07:43:06',	'2018-12-07 07:43:06',	'pending'),
(11,	20,	0,	'Complete your profile',	'/user/profile/20',	'2018-12-07 08:19:12',	'2018-12-07 08:19:12',	'pending'),
(12,	20,	0,	'Create or buy an exercise set',	'/exercisesets',	'2018-12-07 08:19:13',	'2018-12-07 08:19:13',	'pending'),
(13,	20,	0,	'Create a Class',	'/courseclasses/myclasses',	'2018-12-07 08:19:13',	'2018-12-07 08:19:13',	'pending'),
(14,	21,	0,	'Complete your profile',	'/user/profile/21',	'2018-12-07 12:04:27',	'2018-12-07 12:04:27',	'pending'),
(15,	21,	0,	'Create or buy an exercise set',	'/exercisesets',	'2018-12-07 12:04:27',	'2018-12-07 12:04:27',	'pending');

DROP TABLE IF EXISTS `practiceresults`;
CREATE TABLE `practiceresults` (
  `id` int(11) NOT NULL AUTO_INCREMENT,
  `question_id` int(11) NOT NULL,
  `user_id` int(11) NOT NULL,
  `answer_id` int(11) NOT NULL,
  `topics_id` int(11) DEFAULT NULL,
  `exercise_id` int(11) DEFAULT NULL,
  `iscorrect` tinyint(1) NOT NULL DEFAULT '0',
  `created_at` timestamp NOT NULL DEFAULT CURRENT_TIMESTAMP,
  PRIMARY KEY (`id`)
) ENGINE=InnoDB DEFAULT CHARSET=utf8mb4 COLLATE=utf8mb4_unicode_ci;


DROP TABLE IF EXISTS `questions`;
CREATE TABLE `questions` (
  `id` int(11) NOT NULL AUTO_INCREMENT,
  `param` varchar(250) COLLATE utf8mb4_unicode_ci DEFAULT NULL,
  `details` text COLLATE utf8mb4_unicode_ci NOT NULL,
  `json_details` text COLLATE utf8mb4_unicode_ci NOT NULL,
  `questiontype` enum('text','image','audio','video','richtext') COLLATE utf8mb4_unicode_ci NOT NULL,
  `skill_id` int(11) DEFAULT NULL,
  `skillcategory_id` int(11) DEFAULT NULL,
  `passage_id` int(11) DEFAULT NULL,
  `size` int(11) DEFAULT NULL,
  `maxtime` int(11) NOT NULL,
  `mmintime` int(11) NOT NULL DEFAULT '0',
  `exercise_id` int(11) DEFAULT NULL,
  `difficultylevel` enum('easy','medium','hard','') COLLATE utf8mb4_unicode_ci NOT NULL,
  `hint` text COLLATE utf8mb4_unicode_ci,
  `created_at` timestamp NULL DEFAULT NULL,
  `updated_at` timestamp NULL DEFAULT NULL,
  PRIMARY KEY (`id`),
  KEY `skill_id` (`skill_id`,`skillcategory_id`,`exercise_id`,`passage_id`)
) ENGINE=InnoDB DEFAULT CHARSET=utf8mb4 COLLATE=utf8mb4_unicode_ci;

INSERT INTO `questions` (`id`, `param`, `details`, `json_details`, `questiontype`, `skill_id`, `skillcategory_id`, `passage_id`, `size`, `maxtime`, `mmintime`, `exercise_id`, `difficultylevel`, `hint`, `created_at`, `updated_at`) VALUES
(1,	NULL,	'Q:What does the following mean? Nihil sunt odit aut.',	'',	'text',	15,	NULL,	NULL,	NULL,	30,	0,	1,	'easy',	'Consequatur.',	'2018-11-22 09:48:10',	'2018-11-22 09:48:10'),
(2,	NULL,	'Q:What does the following mean? Impedit id.',	'',	'text',	4,	NULL,	NULL,	NULL,	195,	0,	1,	'easy',	'Mollitia.',	'2018-11-22 09:48:10',	'2018-11-22 09:48:10'),
(3,	NULL,	'Q:What does the following mean? Aut alias.',	'',	'text',	18,	NULL,	NULL,	NULL,	41,	0,	1,	'easy',	'Aut quaerat.',	'2018-11-22 09:48:11',	'2018-11-22 09:48:11'),
(4,	NULL,	'Q:What does the following mean? A voluptatibus.',	'',	'text',	29,	NULL,	NULL,	NULL,	177,	0,	1,	'easy',	'Enim veritatis.',	'2018-11-22 09:48:11',	'2018-11-22 09:48:11'),
(5,	NULL,	'Q:What does the following mean? Velit voluptate.',	'',	'text',	9,	NULL,	NULL,	NULL,	54,	0,	2,	'easy',	'Cum distinctio.',	'2018-11-22 09:48:19',	'2018-11-22 09:48:19'),
(6,	NULL,	'Q:What does the following mean? Sit distinctio sit.',	'',	'text',	38,	NULL,	NULL,	NULL,	234,	0,	2,	'easy',	'Iste sit.',	'2018-11-22 09:48:19',	'2018-11-22 09:48:19'),
(7,	NULL,	'Q:What does the following mean? Dolorum explicabo.',	'',	'text',	6,	NULL,	NULL,	NULL,	19,	0,	2,	'easy',	'Unde qui.',	'2018-11-22 09:48:20',	'2018-11-22 09:48:20'),
(8,	NULL,	'Q:What does the following mean? Cum sit quam.',	'',	'text',	28,	NULL,	NULL,	NULL,	74,	0,	2,	'easy',	'Tempore.',	'2018-11-22 09:48:20',	'2018-11-22 09:48:20'),
(9,	NULL,	'Q:What does the following mean? Libero velit earum.',	'',	'text',	18,	NULL,	NULL,	NULL,	276,	0,	3,	'easy',	'Necessitatibus.',	'2018-11-22 09:48:28',	'2018-11-22 09:48:28'),
(10,	NULL,	'Q:What does the following mean? Sint saepe totam.',	'',	'text',	21,	NULL,	NULL,	NULL,	268,	0,	3,	'easy',	'Quia veritatis.',	'2018-11-22 09:48:29',	'2018-11-22 09:48:29'),
(11,	NULL,	'Q:What does the following mean? Veniam saepe error.',	'',	'text',	10,	NULL,	NULL,	NULL,	65,	0,	3,	'easy',	'Sapiente qui.',	'2018-11-22 09:48:29',	'2018-11-22 09:48:29'),
(12,	NULL,	'Q:What does the following mean? Autem eos.',	'',	'text',	17,	NULL,	NULL,	NULL,	168,	0,	4,	'easy',	'Minus.',	'2018-11-22 09:48:35',	'2018-11-22 09:48:35'),
(13,	NULL,	'Q:What does the following mean? Esse molestias.',	'',	'text',	14,	NULL,	NULL,	NULL,	237,	0,	4,	'easy',	'Quia aut.',	'2018-11-22 09:48:35',	'2018-11-22 09:48:35'),
(14,	NULL,	'Q:What does the following mean? Error dolor sed.',	'',	'text',	10,	NULL,	NULL,	NULL,	266,	0,	4,	'easy',	'Blanditiis.',	'2018-11-22 09:48:36',	'2018-11-22 09:48:36'),
(15,	NULL,	'Q:What does the following mean? Id voluptatibus.',	'',	'text',	8,	NULL,	NULL,	NULL,	18,	0,	4,	'easy',	'Eaque.',	'2018-11-22 09:48:36',	'2018-11-22 09:48:36'),
(16,	NULL,	'Q:What does the following mean? Exercitationem.',	'',	'text',	44,	NULL,	NULL,	NULL,	66,	0,	5,	'easy',	'Quas minus.',	'2018-11-22 09:48:44',	'2018-11-22 09:48:44'),
(17,	NULL,	'Q:What does the following mean? Autem cum repellat.',	'',	'text',	47,	NULL,	NULL,	NULL,	263,	0,	5,	'easy',	'Quis.',	'2018-11-22 09:48:44',	'2018-11-22 09:48:44'),
(18,	NULL,	'Q:What does the following mean? Odio quas et aut.',	'',	'text',	42,	NULL,	NULL,	NULL,	144,	0,	5,	'easy',	'Ea mollitia.',	'2018-11-22 09:48:45',	'2018-11-22 09:48:45'),
(19,	NULL,	'Q:What does the following mean? Aperiam architecto.',	'',	'text',	10,	NULL,	NULL,	NULL,	35,	0,	5,	'easy',	'Neque velit ut.',	'2018-11-22 09:48:45',	'2018-11-22 09:48:45'),
(20,	NULL,	'Q:What does the following mean? Veniam qui ex ipsum.',	'',	'text',	12,	NULL,	NULL,	NULL,	122,	0,	5,	'easy',	'Illum.',	'2018-11-22 09:48:46',	'2018-11-22 09:48:46'),
(21,	NULL,	'Q:What does the following mean? In cumque occaecati.',	'',	'text',	34,	NULL,	NULL,	NULL,	299,	0,	6,	'easy',	'Doloribus qui.',	'2018-11-22 09:48:55',	'2018-11-22 09:48:55'),
(22,	NULL,	'Q:What does the following mean? Perferendis aut.',	'',	'text',	32,	NULL,	NULL,	NULL,	17,	0,	6,	'easy',	'Dignissimos.',	'2018-11-22 09:48:56',	'2018-11-22 09:48:56'),
(23,	NULL,	'Q:What does the following mean? Et molestiae.',	'',	'text',	47,	NULL,	NULL,	NULL,	115,	0,	6,	'easy',	'Qui rerum.',	'2018-11-22 09:48:56',	'2018-11-22 09:48:56'),
(24,	NULL,	'Q:What does the following mean? Et earum id quia.',	'',	'text',	24,	NULL,	NULL,	NULL,	217,	0,	6,	'easy',	'Totam velit.',	'2018-11-22 09:48:57',	'2018-11-22 09:48:57'),
(25,	NULL,	'Q:What does the following mean? Nostrum ipsa.',	'',	'text',	27,	NULL,	NULL,	NULL,	12,	0,	6,	'easy',	'Vitae ut.',	'2018-11-22 09:48:57',	'2018-11-22 09:48:57'),
(26,	NULL,	'Q:What does the following mean? Ratione minima.',	'',	'text',	2,	NULL,	NULL,	NULL,	122,	0,	7,	'easy',	'Architecto.',	'2018-11-22 09:49:06',	'2018-11-22 09:49:06'),
(27,	NULL,	'Q:What does the following mean? Laudantium sapiente.',	'',	'text',	31,	NULL,	NULL,	NULL,	10,	0,	7,	'easy',	'Placeat.',	'2018-11-22 09:49:07',	'2018-11-22 09:49:07'),
(28,	NULL,	'Q:What does the following mean? Qui animi minima.',	'',	'text',	15,	NULL,	NULL,	NULL,	29,	0,	7,	'easy',	'Possimus animi.',	'2018-11-22 09:49:07',	'2018-11-22 09:49:07'),
(29,	NULL,	'Q:What does the following mean? Eius deserunt quasi.',	'',	'text',	27,	NULL,	NULL,	NULL,	151,	0,	7,	'easy',	'Illo minima.',	'2018-11-22 09:49:08',	'2018-11-22 09:49:08'),
(30,	NULL,	'Q:What does the following mean? Officia aspernatur.',	'',	'text',	48,	NULL,	NULL,	NULL,	262,	0,	7,	'easy',	'Error.',	'2018-11-22 09:49:08',	'2018-11-22 09:49:08'),
(31,	NULL,	'Q:What does the following mean? Odit at quo odio.',	'',	'text',	12,	NULL,	NULL,	NULL,	228,	0,	7,	'easy',	'Tempora quas.',	'2018-11-22 09:49:09',	'2018-11-22 09:49:09'),
(32,	NULL,	'Q:What does the following mean? Soluta magni.',	'',	'text',	41,	NULL,	NULL,	NULL,	196,	0,	7,	'easy',	'Distinctio.',	'2018-11-22 09:49:09',	'2018-11-22 09:49:09'),
(33,	NULL,	'Q:What does the following mean? Magni iusto ipsa.',	'',	'text',	43,	NULL,	NULL,	NULL,	199,	0,	7,	'easy',	'Ut quasi aut.',	'2018-11-22 09:49:10',	'2018-11-22 09:49:10'),
(34,	NULL,	'Q:What does the following mean? Quae culpa neque.',	'',	'text',	13,	NULL,	NULL,	NULL,	98,	0,	7,	'easy',	'Tempore hic ex.',	'2018-11-22 09:49:10',	'2018-11-22 09:49:10'),
(35,	NULL,	'Q:What does the following mean? Consequatur omnis.',	'',	'text',	11,	NULL,	NULL,	NULL,	264,	0,	8,	'easy',	'Consequatur.',	'2018-11-22 09:49:27',	'2018-11-22 09:49:27'),
(36,	NULL,	'Q:What does the following mean? Ut facilis voluptas.',	'',	'text',	5,	NULL,	NULL,	NULL,	139,	0,	8,	'easy',	'Magnam.',	'2018-11-22 09:49:27',	'2018-11-22 09:49:27'),
(37,	NULL,	'Q:What does the following mean? Amet architecto.',	'',	'text',	46,	NULL,	NULL,	NULL,	265,	0,	8,	'easy',	'Ut dolorem ex.',	'2018-11-22 09:49:27',	'2018-11-22 09:49:27'),
(38,	NULL,	'Q:What does the following mean? Nisi et saepe sit.',	'',	'text',	10,	NULL,	NULL,	NULL,	166,	0,	8,	'easy',	'Dolores est.',	'2018-11-22 09:49:28',	'2018-11-22 09:49:28'),
(39,	NULL,	'Q:What does the following mean? Deleniti eveniet.',	'',	'text',	20,	NULL,	NULL,	NULL,	278,	0,	8,	'easy',	'Est unde.',	'2018-11-22 09:49:28',	'2018-11-22 09:49:28'),
(40,	NULL,	'Q:What does the following mean? Porro rerum aut.',	'',	'text',	19,	NULL,	NULL,	NULL,	90,	0,	8,	'easy',	'Accusantium.',	'2018-11-22 09:49:29',	'2018-11-22 09:49:29'),
(41,	NULL,	'Q:What does the following mean? Animi illo itaque.',	'',	'text',	19,	NULL,	NULL,	NULL,	209,	0,	8,	'easy',	'Officia harum.',	'2018-11-22 09:49:29',	'2018-11-22 09:49:29'),
(42,	NULL,	'Q:What does the following mean? Sit velit animi eum.',	'',	'text',	38,	NULL,	NULL,	NULL,	120,	0,	8,	'easy',	'Voluptatibus.',	'2018-11-22 09:49:30',	'2018-11-22 09:49:30'),
(43,	NULL,	'Q:What does the following mean? Aut odit.',	'',	'text',	48,	NULL,	NULL,	NULL,	54,	0,	8,	'easy',	'Enim occaecati.',	'2018-11-22 09:49:30',	'2018-11-22 09:49:30'),
(44,	NULL,	'Q:What does the following mean? Ut reiciendis sunt.',	'',	'text',	48,	NULL,	NULL,	NULL,	293,	0,	9,	'easy',	'Similique quia.',	'2018-11-22 09:49:47',	'2018-11-22 09:49:47'),
(45,	NULL,	'Q:What does the following mean? Repudiandae ducimus.',	'',	'text',	24,	NULL,	NULL,	NULL,	25,	0,	9,	'easy',	'Laborum a.',	'2018-11-22 09:49:47',	'2018-11-22 09:49:47'),
(46,	NULL,	'Q:What does the following mean? Nisi qui illum aut.',	'',	'text',	20,	NULL,	NULL,	NULL,	158,	0,	9,	'easy',	'Fuga aut nihil.',	'2018-11-22 09:49:48',	'2018-11-22 09:49:48'),
(47,	NULL,	'Q:What does the following mean? Dignissimos id in.',	'',	'text',	47,	NULL,	NULL,	NULL,	27,	0,	9,	'easy',	'Atque.',	'2018-11-22 09:49:48',	'2018-11-22 09:49:48'),
(48,	NULL,	'Q:What does the following mean? Aspernatur.',	'',	'text',	6,	NULL,	NULL,	NULL,	142,	0,	10,	'easy',	'Et qui commodi.',	'2018-11-22 09:49:56',	'2018-11-22 09:49:56'),
(49,	NULL,	'Q:What does the following mean? Voluptas debitis.',	'',	'text',	50,	NULL,	NULL,	NULL,	298,	0,	10,	'easy',	'Consequatur.',	'2018-11-22 09:49:56',	'2018-11-22 09:49:56'),
(50,	NULL,	'Q:What does the following mean? Et velit dolor unde.',	'',	'text',	21,	NULL,	NULL,	NULL,	129,	0,	10,	'easy',	'Itaque.',	'2018-11-22 09:49:57',	'2018-11-22 09:49:57'),
(51,	NULL,	'Q:What does the following mean? Id sint eum ut.',	'',	'text',	47,	NULL,	NULL,	NULL,	232,	0,	10,	'easy',	'Qui unde.',	'2018-11-22 09:49:57',	'2018-11-22 09:49:57'),
(52,	NULL,	'Q:What does the following mean? Dolorem voluptas.',	'',	'text',	43,	NULL,	NULL,	NULL,	86,	0,	10,	'easy',	'Perspiciatis.',	'2018-11-22 09:49:58',	'2018-11-22 09:49:58'),
(53,	NULL,	'Q:What does the following mean? Nobis nobis magni.',	'',	'text',	27,	NULL,	NULL,	NULL,	249,	0,	11,	'easy',	'Non aut.',	'2018-11-22 09:50:07',	'2018-11-22 09:50:07'),
(54,	NULL,	'Q:What does the following mean? Officiis rem est.',	'',	'text',	30,	NULL,	NULL,	NULL,	10,	0,	11,	'easy',	'Quia et ipsa.',	'2018-11-22 09:50:08',	'2018-11-22 09:50:08'),
(55,	NULL,	'Q:What does the following mean? Et illo nesciunt ab.',	'',	'text',	20,	NULL,	NULL,	NULL,	89,	0,	11,	'easy',	'Pariatur.',	'2018-11-22 09:50:08',	'2018-11-22 09:50:08'),
(56,	NULL,	'Q:What does the following mean? Accusantium sequi.',	'',	'text',	34,	NULL,	NULL,	NULL,	9,	0,	11,	'easy',	'Vitae aut.',	'2018-11-22 09:50:09',	'2018-11-22 09:50:09'),
(57,	NULL,	'Q:What does the following mean? Repellat modi.',	'',	'text',	2,	NULL,	NULL,	NULL,	9,	0,	11,	'easy',	'Dignissimos.',	'2018-11-22 09:50:09',	'2018-11-22 09:50:09'),
(58,	NULL,	'Q:What does the following mean? Temporibus magnam.',	'',	'text',	13,	NULL,	NULL,	NULL,	260,	0,	11,	'easy',	'Eveniet natus.',	'2018-11-22 09:50:10',	'2018-11-22 09:50:10'),
(59,	NULL,	'Q:What does the following mean? Incidunt architecto.',	'',	'text',	25,	NULL,	NULL,	NULL,	12,	0,	11,	'easy',	'Quaerat.',	'2018-11-22 09:50:10',	'2018-11-22 09:50:10'),
(60,	NULL,	'Q:What does the following mean? Vel minus quasi sit.',	'',	'text',	19,	NULL,	NULL,	NULL,	63,	0,	11,	'easy',	'Et.',	'2018-11-22 09:50:11',	'2018-11-22 09:50:11'),
(61,	NULL,	'Q:What does the following mean? Modi necessitatibus.',	'',	'text',	7,	NULL,	NULL,	NULL,	84,	0,	12,	'easy',	'Voluptas.',	'2018-11-22 09:50:25',	'2018-11-22 09:50:25'),
(62,	NULL,	'Q:What does the following mean? Distinctio suscipit.',	'',	'text',	39,	NULL,	NULL,	NULL,	136,	0,	12,	'easy',	'Placeat.',	'2018-11-22 09:50:26',	'2018-11-22 09:50:26'),
(63,	NULL,	'Q:What does the following mean? Facilis ad ducimus.',	'',	'text',	32,	NULL,	NULL,	NULL,	131,	0,	12,	'easy',	'Facere.',	'2018-11-22 09:50:26',	'2018-11-22 09:50:26'),
(64,	NULL,	'Q:What does the following mean? Iusto nihil error.',	'',	'text',	25,	NULL,	NULL,	NULL,	228,	0,	12,	'easy',	'Rerum vero sit.',	'2018-11-22 09:50:27',	'2018-11-22 09:50:27'),
(65,	NULL,	'Q:What does the following mean? Sit deleniti libero.',	'',	'text',	35,	NULL,	NULL,	NULL,	203,	0,	13,	'easy',	'Sint quod.',	'2018-11-22 09:50:34',	'2018-11-22 09:50:34'),
(66,	NULL,	'Q:What does the following mean? Nulla quia nulla.',	'',	'text',	5,	NULL,	NULL,	NULL,	133,	0,	13,	'easy',	'Dolorem.',	'2018-11-22 09:50:35',	'2018-11-22 09:50:35'),
(67,	NULL,	'Q:What does the following mean? Sit provident.',	'',	'text',	18,	NULL,	NULL,	NULL,	29,	0,	13,	'easy',	'Dignissimos.',	'2018-11-22 09:50:35',	'2018-11-22 09:50:35'),
(68,	NULL,	'Q:What does the following mean? Eaque voluptatum.',	'',	'text',	19,	NULL,	NULL,	NULL,	172,	0,	13,	'easy',	'Quia et ut.',	'2018-11-22 09:50:36',	'2018-11-22 09:50:36'),
(69,	NULL,	'Q:What does the following mean? Totam eos ut.',	'',	'text',	11,	NULL,	NULL,	NULL,	12,	0,	13,	'easy',	'Et explicabo.',	'2018-11-22 09:50:36',	'2018-11-22 09:50:36'),
(70,	NULL,	'Q:What does the following mean? Laudantium labore.',	'',	'text',	12,	NULL,	NULL,	NULL,	145,	0,	14,	'easy',	'Doloribus.',	'2018-11-22 09:50:46',	'2018-11-22 09:50:46'),
(71,	NULL,	'Q:What does the following mean? Voluptatem corrupti.',	'',	'text',	28,	NULL,	NULL,	NULL,	184,	0,	14,	'easy',	'Nulla nam.',	'2018-11-22 09:50:46',	'2018-11-22 09:50:46'),
(72,	NULL,	'Q:What does the following mean? Debitis numquam.',	'',	'text',	29,	NULL,	NULL,	NULL,	57,	0,	14,	'easy',	'Laboriosam.',	'2018-11-22 09:50:47',	'2018-11-22 09:50:47'),
(73,	NULL,	'Q:What does the following mean? Velit est ut.',	'',	'text',	20,	NULL,	NULL,	NULL,	163,	0,	14,	'easy',	'Autem ducimus.',	'2018-11-22 09:50:47',	'2018-11-22 09:50:47'),
(74,	NULL,	'Q:What does the following mean? Qui rerum quia.',	'',	'text',	24,	NULL,	NULL,	NULL,	9,	0,	14,	'easy',	'Blanditiis ex.',	'2018-11-22 09:50:48',	'2018-11-22 09:50:48'),
(75,	NULL,	'Q:What does the following mean? Velit nobis modi.',	'',	'text',	43,	NULL,	NULL,	NULL,	245,	0,	15,	'easy',	'Quis.',	'2018-11-22 09:50:57',	'2018-11-22 09:50:57'),
(76,	NULL,	'Q:What does the following mean? Aut laudantium.',	'',	'text',	36,	NULL,	NULL,	NULL,	46,	0,	15,	'easy',	'Incidunt iste.',	'2018-11-22 09:50:57',	'2018-11-22 09:50:57'),
(77,	NULL,	'Q:What does the following mean? Natus et maiores.',	'',	'text',	44,	NULL,	NULL,	NULL,	211,	0,	15,	'easy',	'Repellendus.',	'2018-11-22 09:50:58',	'2018-11-22 09:50:58'),
(78,	NULL,	'Q:What does the following mean? Et aut.',	'',	'text',	21,	NULL,	NULL,	NULL,	125,	0,	16,	'easy',	'Est et aut et.',	'2018-11-22 09:51:04',	'2018-11-22 09:51:04'),
(79,	NULL,	'Q:What does the following mean? Sunt error quia.',	'',	'text',	46,	NULL,	NULL,	NULL,	205,	0,	16,	'easy',	'Reprehenderit.',	'2018-11-22 09:51:04',	'2018-11-22 09:51:04'),
(80,	NULL,	'Q:What does the following mean? Facere voluptate.',	'',	'text',	18,	NULL,	NULL,	NULL,	275,	0,	16,	'easy',	'Temporibus.',	'2018-11-22 09:51:05',	'2018-11-22 09:51:05'),
(81,	NULL,	'Q:What does the following mean? Quia nulla.',	'',	'text',	25,	NULL,	NULL,	NULL,	111,	0,	17,	'easy',	'Accusantium.',	'2018-11-22 09:51:11',	'2018-11-22 09:51:11'),
(82,	NULL,	'Q:What does the following mean? Consequatur rem non.',	'',	'text',	39,	NULL,	NULL,	NULL,	107,	0,	17,	'easy',	'Quis.',	'2018-11-22 09:51:11',	'2018-11-22 09:51:11'),
(83,	NULL,	'Q:What does the following mean? Nam modi ipsum.',	'',	'text',	28,	NULL,	NULL,	NULL,	42,	0,	17,	'easy',	'Tempore.',	'2018-11-22 09:51:12',	'2018-11-22 09:51:12'),
(84,	NULL,	'Q:What does the following mean? Ratione veritatis.',	'',	'text',	48,	NULL,	NULL,	NULL,	186,	0,	17,	'easy',	'Culpa quae.',	'2018-11-22 09:51:12',	'2018-11-22 09:51:12'),
(85,	NULL,	'Q:What does the following mean? Natus natus.',	'',	'text',	35,	NULL,	NULL,	NULL,	81,	0,	17,	'easy',	'Ut vel.',	'2018-11-22 09:51:13',	'2018-11-22 09:51:13'),
(86,	NULL,	'Q:What does the following mean? Ut et incidunt.',	'',	'text',	40,	NULL,	NULL,	NULL,	38,	0,	17,	'easy',	'Nulla.',	'2018-11-22 09:51:13',	'2018-11-22 09:51:13'),
(87,	NULL,	'Q:What does the following mean? Rem officia enim.',	'',	'text',	31,	NULL,	NULL,	NULL,	255,	0,	18,	'easy',	'Natus quis.',	'2018-11-22 09:51:24',	'2018-11-22 09:51:24'),
(88,	NULL,	'Q:What does the following mean? Architecto voluptas.',	'',	'text',	36,	NULL,	NULL,	NULL,	107,	0,	18,	'easy',	'Et sit qui et.',	'2018-11-22 09:51:25',	'2018-11-22 09:51:25'),
(89,	NULL,	'Q:What does the following mean? Assumenda culpa non.',	'',	'text',	12,	NULL,	NULL,	NULL,	289,	0,	19,	'easy',	'Aut et.',	'2018-11-22 09:51:29',	'2018-11-22 09:51:29'),
(90,	NULL,	'Q:What does the following mean? Nesciunt.',	'',	'text',	14,	NULL,	NULL,	NULL,	36,	0,	19,	'easy',	'Dolorem.',	'2018-11-22 09:51:29',	'2018-11-22 09:51:29'),
(91,	NULL,	'Q:What does the following mean? Et quis atque iusto.',	'',	'text',	42,	NULL,	NULL,	NULL,	106,	0,	20,	'easy',	'Quo esse aut.',	'2018-11-22 09:51:33',	'2018-11-22 09:51:33'),
(92,	NULL,	'Q:What does the following mean? Autem et ea.',	'',	'text',	30,	NULL,	NULL,	NULL,	263,	0,	20,	'easy',	'Neque vel hic.',	'2018-11-22 09:51:34',	'2018-11-22 09:51:34'),
(93,	NULL,	'Q:What does the following mean? Vitae nihil.',	'',	'text',	22,	NULL,	NULL,	NULL,	196,	0,	20,	'easy',	'Ea ipsa.',	'2018-11-22 09:51:34',	'2018-11-22 09:51:34'),
(94,	NULL,	'Q:What does the following mean? Corrupti.',	'',	'text',	19,	NULL,	NULL,	NULL,	226,	0,	20,	'easy',	'Pariatur.',	'2018-11-22 09:51:35',	'2018-11-22 09:51:35'),
(95,	NULL,	'Q:What does the following mean? Doloribus eos ut et.',	'',	'text',	28,	NULL,	NULL,	NULL,	172,	0,	21,	'easy',	'Ullam quod ea.',	'2018-11-22 09:51:43',	'2018-11-22 09:51:43'),
(96,	NULL,	'Q:What does the following mean? Cumque illum.',	'',	'text',	11,	NULL,	NULL,	NULL,	275,	0,	21,	'easy',	'Magnam natus.',	'2018-11-22 09:51:43',	'2018-11-22 09:51:43'),
(97,	NULL,	'Q:What does the following mean? Est placeat est.',	'',	'text',	40,	NULL,	NULL,	NULL,	240,	0,	21,	'easy',	'Repellat aut.',	'2018-11-22 09:51:43',	'2018-11-22 09:51:43'),
(98,	NULL,	'Q:What does the following mean? Nihil aperiam.',	'',	'text',	9,	NULL,	NULL,	NULL,	32,	0,	21,	'easy',	'Voluptatum.',	'2018-11-22 09:51:44',	'2018-11-22 09:51:44'),
(99,	NULL,	'Q:What does the following mean? Perferendis optio.',	'',	'text',	14,	NULL,	NULL,	NULL,	122,	0,	21,	'easy',	'Non tenetur.',	'2018-11-22 09:51:44',	'2018-11-22 09:51:44'),
(100,	NULL,	'Q:What does the following mean? Cupiditate ratione.',	'',	'text',	37,	NULL,	NULL,	NULL,	33,	0,	22,	'easy',	'Libero.',	'2018-11-22 09:51:54',	'2018-11-22 09:51:54'),
(101,	NULL,	'Q:What does the following mean? Id soluta.',	'',	'text',	23,	NULL,	NULL,	NULL,	14,	0,	22,	'easy',	'Ea dolor.',	'2018-11-22 09:51:54',	'2018-11-22 09:51:54'),
(102,	NULL,	'Q:What does the following mean? Adipisci alias.',	'',	'text',	39,	NULL,	NULL,	NULL,	111,	0,	22,	'easy',	'Aut molestias.',	'2018-11-22 09:51:55',	'2018-11-22 09:51:55'),
(103,	NULL,	'Q:What does the following mean? Et aut soluta id.',	'',	'text',	25,	NULL,	NULL,	NULL,	257,	0,	23,	'easy',	'Est.',	'2018-11-22 09:52:01',	'2018-11-22 09:52:01'),
(104,	NULL,	'Q:What does the following mean? At earum.',	'',	'text',	31,	NULL,	NULL,	NULL,	94,	0,	23,	'easy',	'Inventore enim.',	'2018-11-22 09:52:01',	'2018-11-22 09:52:01'),
(105,	NULL,	'Q:What does the following mean? Reiciendis sit sint.',	'',	'text',	22,	NULL,	NULL,	NULL,	247,	0,	23,	'easy',	'Incidunt.',	'2018-11-22 09:52:02',	'2018-11-22 09:52:02'),
(106,	NULL,	'Q:What does the following mean? Magnam ratione ea.',	'',	'text',	47,	NULL,	NULL,	NULL,	29,	0,	24,	'easy',	'Nulla debitis.',	'2018-11-22 09:52:08',	'2018-11-22 09:52:08'),
(107,	NULL,	'Q:What does the following mean? Odit voluptas.',	'',	'text',	1,	NULL,	NULL,	NULL,	116,	0,	24,	'easy',	'Fugiat.',	'2018-11-22 09:52:08',	'2018-11-22 09:52:08'),
(108,	NULL,	'Q:What does the following mean? Quibusdam beatae ut.',	'',	'text',	24,	NULL,	NULL,	NULL,	104,	0,	24,	'easy',	'Qui.',	'2018-11-22 09:52:08',	'2018-11-22 09:52:08'),
(109,	NULL,	'Q:What does the following mean? Maiores consectetur.',	'',	'text',	50,	NULL,	NULL,	NULL,	299,	0,	25,	'easy',	'Enim rerum.',	'2018-11-22 09:52:14',	'2018-11-22 09:52:14'),
(110,	NULL,	'Q:What does the following mean? Deleniti distinctio.',	'',	'text',	32,	NULL,	NULL,	NULL,	201,	0,	25,	'easy',	'Quia excepturi.',	'2018-11-22 09:52:15',	'2018-11-22 09:52:15'),
(111,	NULL,	'Q:What does the following mean? Aut id voluptatibus.',	'',	'text',	17,	NULL,	NULL,	NULL,	181,	0,	25,	'easy',	'Sit atque ab.',	'2018-11-22 09:52:15',	'2018-11-22 09:52:15'),
(112,	NULL,	'Q:What does the following mean? Eum voluptatem.',	'',	'text',	42,	NULL,	NULL,	NULL,	240,	0,	25,	'easy',	'Perferendis ut.',	'2018-11-22 09:52:16',	'2018-11-22 09:52:16'),
(113,	NULL,	'Q:What does the following mean? Quo quaerat et amet.',	'',	'text',	36,	NULL,	NULL,	NULL,	235,	0,	26,	'easy',	'Consequuntur.',	'2018-11-22 09:52:23',	'2018-11-22 09:52:23'),
(114,	NULL,	'Q:What does the following mean? Dolorem incidunt.',	'',	'text',	33,	NULL,	NULL,	NULL,	79,	0,	26,	'easy',	'Sint vitae.',	'2018-11-22 09:52:24',	'2018-11-22 09:52:24'),
(115,	NULL,	'Q:What does the following mean? Qui qui placeat.',	'',	'text',	45,	NULL,	NULL,	NULL,	135,	0,	26,	'easy',	'Fugiat rem.',	'2018-11-22 09:52:24',	'2018-11-22 09:52:24'),
(116,	NULL,	'Q:What does the following mean? Quo animi eos.',	'',	'text',	44,	NULL,	NULL,	NULL,	243,	0,	27,	'easy',	'Ut.',	'2018-11-22 09:52:30',	'2018-11-22 09:52:30'),
(117,	NULL,	'Q:What does the following mean? Repellat quia omnis.',	'',	'text',	4,	NULL,	NULL,	NULL,	263,	0,	27,	'easy',	'Voluptate.',	'2018-11-22 09:52:31',	'2018-11-22 09:52:31'),
(118,	NULL,	'Q:What does the following mean? Accusantium.',	'',	'text',	40,	NULL,	NULL,	NULL,	292,	0,	28,	'easy',	'Nam doloremque.',	'2018-11-22 09:52:35',	'2018-11-22 09:52:35'),
(119,	NULL,	'Q:What does the following mean? Et impedit modi.',	'',	'text',	2,	NULL,	NULL,	NULL,	17,	0,	29,	'easy',	'Ut ullam a.',	'2018-11-22 09:52:37',	'2018-11-22 09:52:37'),
(120,	NULL,	'Q:What does the following mean? Voluptas voluptatem.',	'',	'text',	23,	NULL,	NULL,	NULL,	134,	0,	29,	'easy',	'Voluptatem et.',	'2018-11-22 09:52:37',	'2018-11-22 09:52:37'),
(121,	NULL,	'Q:What does the following mean? Rerum amet aut illo.',	'',	'text',	44,	NULL,	NULL,	NULL,	251,	0,	29,	'easy',	'Est voluptas.',	'2018-11-22 09:52:38',	'2018-11-22 09:52:38'),
(122,	NULL,	'Q:What does the following mean? Est voluptatibus.',	'',	'text',	33,	NULL,	NULL,	NULL,	244,	0,	30,	'easy',	'Dolor quae.',	'2018-11-22 09:52:44',	'2018-11-22 09:52:44'),
(123,	NULL,	'Q:What does the following mean? Odio repudiandae.',	'',	'text',	12,	NULL,	NULL,	NULL,	128,	0,	30,	'easy',	'Qui aut in.',	'2018-11-22 09:52:44',	'2018-11-22 09:52:44'),
(124,	NULL,	'Q:What does the following mean? Magnam asperiores.',	'',	'text',	34,	NULL,	NULL,	NULL,	168,	0,	30,	'easy',	'Fugit et qui.',	'2018-11-22 09:52:45',	'2018-11-22 09:52:45'),
(125,	NULL,	'Q:What does the following mean? Ullam itaque omnis.',	'',	'text',	35,	NULL,	NULL,	NULL,	21,	0,	30,	'easy',	'Sunt hic aut.',	'2018-11-22 09:52:45',	'2018-11-22 09:52:45'),
(126,	NULL,	'Q:What does the following mean? Et dolores harum.',	'',	'text',	14,	NULL,	NULL,	NULL,	92,	0,	30,	'easy',	'Qui ut.',	'2018-11-22 09:52:46',	'2018-11-22 09:52:46'),
(127,	NULL,	'Q:What does the following mean? Magni neque et.',	'',	'text',	46,	NULL,	NULL,	NULL,	263,	0,	30,	'easy',	'Officiis ipsum.',	'2018-11-22 09:52:46',	'2018-11-22 09:52:46'),
(128,	NULL,	'Q:What does the following mean? Incidunt facere et.',	'',	'text',	50,	NULL,	NULL,	NULL,	208,	0,	30,	'easy',	'Quaerat animi.',	'2018-11-22 09:52:47',	'2018-11-22 09:52:47'),
(129,	NULL,	'Q:What does the following mean? Aspernatur facilis.',	'',	'text',	29,	NULL,	NULL,	NULL,	115,	0,	30,	'easy',	'Adipisci eum.',	'2018-11-22 09:52:47',	'2018-11-22 09:52:47'),
(130,	NULL,	'Q:What does the following mean? Odio similique.',	'',	'text',	21,	NULL,	NULL,	NULL,	139,	0,	30,	'easy',	'Enim eum fuga.',	'2018-11-22 09:52:47',	'2018-11-22 09:52:47'),
(131,	NULL,	'Q:What does the following mean? Est iusto eligendi.',	'',	'text',	15,	NULL,	NULL,	NULL,	94,	0,	30,	'easy',	'Quis veniam.',	'2018-11-22 09:52:48',	'2018-11-22 09:52:48'),
(132,	NULL,	'Q:What does the following mean? Ut nesciunt.',	'',	'text',	25,	NULL,	NULL,	NULL,	23,	0,	31,	'easy',	'Sunt.',	'2018-11-22 09:53:06',	'2018-11-22 09:53:06'),
(133,	NULL,	'Q:What does the following mean? Est facere earum ut.',	'',	'text',	1,	NULL,	NULL,	NULL,	101,	0,	32,	'easy',	'Ipsum saepe.',	'2018-11-22 09:53:09',	'2018-11-22 09:53:09'),
(134,	NULL,	'Q:What does the following mean? Omnis omnis et.',	'',	'text',	11,	NULL,	NULL,	NULL,	162,	0,	33,	'easy',	'Ut.',	'2018-11-22 09:53:11',	'2018-11-22 09:53:11'),
(135,	NULL,	'Q:What does the following mean? Molestiae ut.',	'',	'text',	37,	NULL,	NULL,	NULL,	182,	0,	33,	'easy',	'Voluptatem.',	'2018-11-22 09:53:11',	'2018-11-22 09:53:11'),
(136,	NULL,	'Q:What does the following mean? Maxime tempora.',	'',	'text',	27,	NULL,	NULL,	NULL,	138,	0,	33,	'easy',	'Ut possimus.',	'2018-11-22 09:53:12',	'2018-11-22 09:53:12'),
(137,	NULL,	'Q:What does the following mean? Omnis nihil quod.',	'',	'text',	40,	NULL,	NULL,	NULL,	170,	0,	34,	'easy',	'Voluptas aut.',	'2018-11-22 09:53:18',	'2018-11-22 09:53:18'),
(138,	NULL,	'Q:What does the following mean? Incidunt cumque.',	'',	'text',	18,	NULL,	NULL,	NULL,	197,	0,	34,	'easy',	'Aliquam.',	'2018-11-22 09:53:18',	'2018-11-22 09:53:18'),
(139,	NULL,	'Q:What does the following mean? Sed placeat quaerat.',	'',	'text',	31,	NULL,	NULL,	NULL,	49,	0,	34,	'easy',	'Laudantium.',	'2018-11-22 09:53:19',	'2018-11-22 09:53:19'),
(140,	NULL,	'Q:What does the following mean? Consequatur modi.',	'',	'text',	21,	NULL,	NULL,	NULL,	255,	0,	34,	'easy',	'Eligendi.',	'2018-11-22 09:53:19',	'2018-11-22 09:53:19'),
(141,	NULL,	'Q:What does the following mean? Error et et sunt.',	'',	'text',	11,	NULL,	NULL,	NULL,	220,	0,	34,	'easy',	'Dicta velit.',	'2018-11-22 09:53:20',	'2018-11-22 09:53:20'),
(142,	NULL,	'Q:What does the following mean? Fugit blanditiis.',	'',	'text',	22,	NULL,	NULL,	NULL,	83,	0,	34,	'easy',	'Voluptatem qui.',	'2018-11-22 09:53:20',	'2018-11-22 09:53:20'),
(143,	NULL,	'Q:What does the following mean? Sed quae.',	'',	'text',	16,	NULL,	NULL,	NULL,	206,	0,	34,	'easy',	'Earum.',	'2018-11-22 09:53:20',	'2018-11-22 09:53:20'),
(144,	NULL,	'Q:What does the following mean? Facilis sapiente.',	'',	'text',	10,	NULL,	NULL,	NULL,	172,	0,	34,	'easy',	'Qui quo culpa.',	'2018-11-22 09:53:21',	'2018-11-22 09:53:21'),
(145,	NULL,	'Q:What does the following mean? Enim magni error.',	'',	'text',	33,	NULL,	NULL,	NULL,	141,	0,	35,	'easy',	'Sint deleniti.',	'2018-11-22 09:53:36',	'2018-11-22 09:53:36'),
(146,	NULL,	'Q:What does the following mean? Voluptatibus.',	'',	'text',	26,	NULL,	NULL,	NULL,	80,	0,	35,	'easy',	'Accusamus vero.',	'2018-11-22 09:53:36',	'2018-11-22 09:53:36'),
(147,	NULL,	'Q:What does the following mean? Voluptatem omnis ut.',	'',	'text',	50,	NULL,	NULL,	NULL,	281,	0,	35,	'easy',	'Similique ad.',	'2018-11-22 09:53:37',	'2018-11-22 09:53:37'),
(148,	NULL,	'Q:What does the following mean? Corrupti quos quo.',	'',	'text',	34,	NULL,	NULL,	NULL,	218,	0,	35,	'easy',	'Molestias.',	'2018-11-22 09:53:37',	'2018-11-22 09:53:37'),
(149,	NULL,	'Q:What does the following mean? Voluptas dolore.',	'',	'text',	14,	NULL,	NULL,	NULL,	73,	0,	36,	'easy',	'Non incidunt.',	'2018-11-22 09:53:45',	'2018-11-22 09:53:45'),
(150,	NULL,	'Q:What does the following mean? Assumenda.',	'',	'text',	45,	NULL,	NULL,	NULL,	133,	0,	36,	'easy',	'Animi.',	'2018-11-22 09:53:45',	'2018-11-22 09:53:45'),
(151,	NULL,	'Q:What does the following mean? Quia non.',	'',	'text',	43,	NULL,	NULL,	NULL,	237,	0,	37,	'easy',	'Quaerat et.',	'2018-11-22 09:53:49',	'2018-11-22 09:53:49'),
(152,	NULL,	'Q:What does the following mean? Quas ducimus qui.',	'',	'text',	3,	NULL,	NULL,	NULL,	6,	0,	37,	'easy',	'Alias.',	'2018-11-22 09:53:50',	'2018-11-22 09:53:50'),
(153,	NULL,	'Q:What does the following mean? Nemo assumenda.',	'',	'text',	37,	NULL,	NULL,	NULL,	273,	0,	37,	'easy',	'Ullam maxime.',	'2018-11-22 09:53:50',	'2018-11-22 09:53:50'),
(154,	NULL,	'Q:What does the following mean? Modi excepturi.',	'',	'text',	48,	NULL,	NULL,	NULL,	264,	0,	37,	'easy',	'Saepe ut qui.',	'2018-11-22 09:53:51',	'2018-11-22 09:53:51'),
(155,	NULL,	'Q:What does the following mean? Ut dicta voluptate.',	'',	'text',	26,	NULL,	NULL,	NULL,	183,	0,	37,	'easy',	'Doloremque.',	'2018-11-22 09:53:51',	'2018-11-22 09:53:51'),
(156,	NULL,	'Q:What does the following mean? Hic esse nihil est.',	'',	'text',	20,	NULL,	NULL,	NULL,	263,	0,	37,	'easy',	'Libero vel.',	'2018-11-22 09:53:52',	'2018-11-22 09:53:52'),
(157,	NULL,	'Q:What does the following mean? Et qui fugiat qui.',	'',	'text',	43,	NULL,	NULL,	NULL,	168,	0,	37,	'easy',	'Porro sint.',	'2018-11-22 09:53:52',	'2018-11-22 09:53:52'),
(158,	NULL,	'Q:What does the following mean? Reiciendis labore.',	'',	'text',	46,	NULL,	NULL,	NULL,	258,	0,	37,	'easy',	'Odio expedita.',	'2018-11-22 09:53:52',	'2018-11-22 09:53:52'),
(159,	NULL,	'Q:What does the following mean? Aut perferendis.',	'',	'text',	5,	NULL,	NULL,	NULL,	136,	0,	38,	'easy',	'Possimus.',	'2018-11-22 09:54:07',	'2018-11-22 09:54:07'),
(160,	NULL,	'Q:What does the following mean? Inventore ut.',	'',	'text',	33,	NULL,	NULL,	NULL,	155,	0,	39,	'easy',	'Sit rem.',	'2018-11-22 09:54:10',	'2018-11-22 09:54:10'),
(161,	NULL,	'Q:What does the following mean? Facere ut et.',	'',	'text',	28,	NULL,	NULL,	NULL,	88,	0,	39,	'easy',	'Rem labore.',	'2018-11-22 09:54:10',	'2018-11-22 09:54:10'),
(162,	NULL,	'Q:What does the following mean? Beatae voluptatibus.',	'',	'text',	21,	NULL,	NULL,	NULL,	142,	0,	39,	'easy',	'Et maxime.',	'2018-11-22 09:54:10',	'2018-11-22 09:54:10'),
(163,	NULL,	'Q:What does the following mean? Vero aut sunt qui.',	'',	'text',	8,	NULL,	NULL,	NULL,	18,	0,	39,	'easy',	'Aperiam natus.',	'2018-11-22 09:54:11',	'2018-11-22 09:54:11'),
(164,	NULL,	'Q:What does the following mean? Temporibus ut error.',	'',	'text',	49,	NULL,	NULL,	NULL,	78,	0,	39,	'easy',	'Repellendus.',	'2018-11-22 09:54:11',	'2018-11-22 09:54:11'),
(165,	NULL,	'Q:What does the following mean? Quidem eum hic.',	'',	'text',	31,	NULL,	NULL,	NULL,	45,	0,	39,	'easy',	'Qui omnis.',	'2018-11-22 09:54:12',	'2018-11-22 09:54:12'),
(166,	NULL,	'Q:What does the following mean? Suscipit ut natus.',	'',	'text',	50,	NULL,	NULL,	NULL,	231,	0,	39,	'easy',	'Ea adipisci.',	'2018-11-22 09:54:12',	'2018-11-22 09:54:12'),
(167,	NULL,	'Q:What does the following mean? Voluptatem a vel.',	'',	'text',	20,	NULL,	NULL,	NULL,	270,	0,	39,	'easy',	'Sequi totam.',	'2018-11-22 09:54:13',	'2018-11-22 09:54:13'),
(168,	NULL,	'Q:What does the following mean? Laborum beatae in.',	'',	'text',	14,	NULL,	NULL,	NULL,	279,	0,	39,	'easy',	'Voluptatem.',	'2018-11-22 09:54:13',	'2018-11-22 09:54:13'),
(169,	NULL,	'Q:What does the following mean? Qui id et nesciunt.',	'',	'text',	12,	NULL,	NULL,	NULL,	251,	0,	40,	'easy',	'Voluptatem.',	'2018-11-22 09:54:30',	'2018-11-22 09:54:30'),
(170,	NULL,	'Q:What does the following mean? Doloribus quibusdam.',	'',	'text',	48,	NULL,	NULL,	NULL,	70,	0,	40,	'easy',	'Quia possimus.',	'2018-11-22 09:54:30',	'2018-11-22 09:54:30'),
(171,	NULL,	'Q:What does the following mean? Veniam modi.',	'',	'text',	43,	NULL,	NULL,	NULL,	139,	0,	40,	'easy',	'Amet deleniti.',	'2018-11-22 09:54:31',	'2018-11-22 09:54:31'),
(172,	NULL,	'Q:What does the following mean? Libero quia.',	'',	'text',	38,	NULL,	NULL,	NULL,	62,	0,	40,	'easy',	'Et et.',	'2018-11-22 09:54:31',	'2018-11-22 09:54:31'),
(173,	NULL,	'Q:What does the following mean? Molestiae debitis.',	'',	'text',	16,	NULL,	NULL,	NULL,	20,	0,	40,	'easy',	'Omnis.',	'2018-11-22 09:54:32',	'2018-11-22 09:54:32'),
(174,	NULL,	'Q:What does the following mean? Dolorum itaque.',	'',	'text',	10,	NULL,	NULL,	NULL,	17,	0,	40,	'easy',	'Expedita omnis.',	'2018-11-22 09:54:32',	'2018-11-22 09:54:32'),
(175,	NULL,	'Q:What does the following mean? Laboriosam.',	'',	'text',	7,	NULL,	NULL,	NULL,	249,	0,	40,	'easy',	'Optio corrupti.',	'2018-11-22 09:54:33',	'2018-11-22 09:54:33'),
(176,	NULL,	'Q:What does the following mean? Dicta dolor maiores.',	'',	'text',	22,	NULL,	NULL,	NULL,	276,	0,	40,	'easy',	'Et suscipit.',	'2018-11-22 09:54:33',	'2018-11-22 09:54:33'),
(177,	NULL,	'Q:What does the following mean? Quisquam saepe.',	'',	'text',	11,	NULL,	NULL,	NULL,	122,	0,	40,	'easy',	'Repellendus.',	'2018-11-22 09:54:33',	'2018-11-22 09:54:33'),
(178,	NULL,	'Q:What does the following mean? Quisquam corrupti.',	'',	'text',	46,	NULL,	NULL,	NULL,	114,	0,	40,	'easy',	'Quos ea ab.',	'2018-11-22 09:54:34',	'2018-11-22 09:54:34'),
(179,	NULL,	'Q:What does the following mean? Sunt dolor et porro.',	'',	'text',	24,	NULL,	NULL,	NULL,	300,	0,	41,	'easy',	'Repellendus.',	'2018-11-22 09:54:52',	'2018-11-22 09:54:52'),
(180,	NULL,	'Q:What does the following mean? Cum qui autem enim.',	'',	'text',	2,	NULL,	NULL,	NULL,	42,	0,	41,	'easy',	'Cum ut.',	'2018-11-22 09:54:53',	'2018-11-22 09:54:53'),
(181,	NULL,	'Q:What does the following mean? Reprehenderit esse.',	'',	'text',	46,	NULL,	NULL,	NULL,	206,	0,	41,	'easy',	'Sed sed quasi.',	'2018-11-22 09:54:53',	'2018-11-22 09:54:53'),
(182,	NULL,	'Q:What does the following mean? Ex sit ullam et.',	'',	'text',	35,	NULL,	NULL,	NULL,	9,	0,	41,	'easy',	'Doloribus.',	'2018-11-22 09:54:54',	'2018-11-22 09:54:54'),
(183,	NULL,	'Q:What does the following mean? Nisi quo amet.',	'',	'text',	27,	NULL,	NULL,	NULL,	214,	0,	41,	'easy',	'A enim totam.',	'2018-11-22 09:54:54',	'2018-11-22 09:54:54'),
(184,	NULL,	'Q:What does the following mean? Autem sunt vel quod.',	'',	'text',	47,	NULL,	NULL,	NULL,	201,	0,	41,	'easy',	'In aut ea.',	'2018-11-22 09:54:55',	'2018-11-22 09:54:55'),
(185,	NULL,	'Q:What does the following mean? Officiis doloribus.',	'',	'text',	12,	NULL,	NULL,	NULL,	60,	0,	41,	'easy',	'Sit laborum.',	'2018-11-22 09:54:55',	'2018-11-22 09:54:55'),
(186,	NULL,	'Q:What does the following mean? Ipsam accusantium.',	'',	'text',	28,	NULL,	NULL,	NULL,	195,	0,	42,	'easy',	'Quis atque.',	'2018-11-22 09:55:09',	'2018-11-22 09:55:09'),
(187,	NULL,	'Q:What does the following mean? Modi repudiandae.',	'',	'text',	29,	NULL,	NULL,	NULL,	7,	0,	42,	'easy',	'Beatae vel vel.',	'2018-11-22 09:55:09',	'2018-11-22 09:55:09'),
(188,	NULL,	'Q:What does the following mean? Reiciendis hic.',	'',	'text',	6,	NULL,	NULL,	NULL,	283,	0,	43,	'easy',	'Ea quisquam.',	'2018-11-22 09:55:13',	'2018-11-22 09:55:13'),
(189,	NULL,	'Q:What does the following mean? Et eius illum id.',	'',	'text',	31,	NULL,	NULL,	NULL,	80,	0,	44,	'easy',	'Error enim sit.',	'2018-11-22 09:55:16',	'2018-11-22 09:55:16'),
(190,	NULL,	'Q:What does the following mean? Eligendi aliquid.',	'',	'text',	34,	NULL,	NULL,	NULL,	293,	0,	44,	'easy',	'Assumenda.',	'2018-11-22 09:55:16',	'2018-11-22 09:55:16'),
(191,	NULL,	'Q:What does the following mean? Sunt sunt excepturi.',	'',	'text',	8,	NULL,	NULL,	NULL,	158,	0,	44,	'easy',	'Reprehenderit.',	'2018-11-22 09:55:16',	'2018-11-22 09:55:16'),
(192,	NULL,	'Q:What does the following mean? Vitae aliquam natus.',	'',	'text',	17,	NULL,	NULL,	NULL,	219,	0,	44,	'easy',	'Voluptate.',	'2018-11-22 09:55:17',	'2018-11-22 09:55:17'),
(193,	NULL,	'Q:What does the following mean? Excepturi minus aut.',	'',	'text',	37,	NULL,	NULL,	NULL,	149,	0,	44,	'easy',	'Velit possimus.',	'2018-11-22 09:55:17',	'2018-11-22 09:55:17'),
(194,	NULL,	'Q:What does the following mean? Perspiciatis et.',	'',	'text',	11,	NULL,	NULL,	NULL,	289,	0,	44,	'easy',	'Minima ab.',	'2018-11-22 09:55:18',	'2018-11-22 09:55:18'),
(195,	NULL,	'Q:What does the following mean? Quaerat est.',	'',	'text',	14,	NULL,	NULL,	NULL,	102,	0,	45,	'easy',	'Error adipisci.',	'2018-11-22 09:55:29',	'2018-11-22 09:55:29'),
(196,	NULL,	'Q:What does the following mean? Qui et ut quod.',	'',	'text',	30,	NULL,	NULL,	NULL,	291,	0,	46,	'easy',	'Error delectus.',	'2018-11-22 09:55:31',	'2018-11-22 09:55:31'),
(197,	NULL,	'Q:What does the following mean? Nihil qui alias.',	'',	'text',	35,	NULL,	NULL,	NULL,	197,	0,	46,	'easy',	'Delectus eum.',	'2018-11-22 09:55:32',	'2018-11-22 09:55:32'),
(198,	NULL,	'Q:What does the following mean? Explicabo modi.',	'',	'text',	20,	NULL,	NULL,	NULL,	163,	0,	46,	'easy',	'Pariatur vitae.',	'2018-11-22 09:55:32',	'2018-11-22 09:55:32'),
(199,	NULL,	'Q:What does the following mean? Molestiae ut est.',	'',	'text',	22,	NULL,	NULL,	NULL,	82,	0,	46,	'easy',	'Delectus.',	'2018-11-22 09:55:33',	'2018-11-22 09:55:33'),
(200,	NULL,	'Q:What does the following mean? Dicta sunt aliquid.',	'',	'text',	21,	NULL,	NULL,	NULL,	130,	0,	46,	'easy',	'Repellendus.',	'2018-11-22 09:55:33',	'2018-11-22 09:55:33'),
(201,	NULL,	'Q:What does the following mean? Laborum.',	'',	'text',	16,	NULL,	NULL,	NULL,	197,	0,	46,	'easy',	'Voluptatibus.',	'2018-11-22 09:55:34',	'2018-11-22 09:55:34'),
(202,	NULL,	'Q:What does the following mean? Ut modi et atque.',	'',	'text',	3,	NULL,	NULL,	NULL,	31,	0,	46,	'easy',	'Placeat.',	'2018-11-22 09:55:34',	'2018-11-22 09:55:34'),
(203,	NULL,	'Q:What does the following mean? Ea neque adipisci.',	'',	'text',	14,	NULL,	NULL,	NULL,	274,	0,	47,	'easy',	'Non.',	'2018-11-22 09:55:47',	'2018-11-22 09:55:47'),
(204,	NULL,	'Q:What does the following mean? Molestiae dolorum.',	'',	'text',	15,	NULL,	NULL,	NULL,	178,	0,	47,	'easy',	'Veritatis.',	'2018-11-22 09:55:48',	'2018-11-22 09:55:48'),
(205,	NULL,	'Q:What does the following mean? Suscipit ratione.',	'',	'text',	15,	NULL,	NULL,	NULL,	165,	0,	47,	'easy',	'Quibusdam.',	'2018-11-22 09:55:48',	'2018-11-22 09:55:48'),
(206,	NULL,	'Q:What does the following mean? Quam sunt quia et.',	'',	'text',	44,	NULL,	NULL,	NULL,	153,	0,	47,	'easy',	'Quasi.',	'2018-11-22 09:55:49',	'2018-11-22 09:55:49'),
(207,	NULL,	'Q:What does the following mean? Ea earum quos.',	'',	'text',	38,	NULL,	NULL,	NULL,	173,	0,	47,	'easy',	'Mollitia sit.',	'2018-11-22 09:55:49',	'2018-11-22 09:55:49'),
(208,	NULL,	'Q:What does the following mean? Facilis sunt in qui.',	'',	'text',	42,	NULL,	NULL,	NULL,	264,	0,	47,	'easy',	'Dolores quos.',	'2018-11-22 09:55:49',	'2018-11-22 09:55:49'),
(209,	NULL,	'Q:What does the following mean? Temporibus corrupti.',	'',	'text',	29,	NULL,	NULL,	NULL,	262,	0,	47,	'easy',	'Quaerat nihil.',	'2018-11-22 09:55:50',	'2018-11-22 09:55:50'),
(210,	NULL,	'Q:What does the following mean? At totam inventore.',	'',	'text',	29,	NULL,	NULL,	NULL,	159,	0,	47,	'easy',	'Ipsam sunt aut.',	'2018-11-22 09:55:50',	'2018-11-22 09:55:50'),
(211,	NULL,	'Q:What does the following mean? Aspernatur quo in.',	'',	'text',	15,	NULL,	NULL,	NULL,	259,	0,	48,	'easy',	'Maxime at.',	'2018-11-22 09:56:05',	'2018-11-22 09:56:05'),
(212,	NULL,	'Q:What does the following mean? Ut illo suscipit.',	'',	'text',	23,	NULL,	NULL,	NULL,	251,	0,	48,	'easy',	'Necessitatibus.',	'2018-11-22 09:56:06',	'2018-11-22 09:56:06'),
(213,	NULL,	'Q:What does the following mean? Nisi dolor.',	'',	'text',	25,	NULL,	NULL,	NULL,	141,	0,	48,	'easy',	'Magni sint.',	'2018-11-22 09:56:06',	'2018-11-22 09:56:06'),
(214,	NULL,	'Q:What does the following mean? Laudantium id quasi.',	'',	'text',	40,	NULL,	NULL,	NULL,	85,	0,	48,	'easy',	'Impedit rerum.',	'2018-11-22 09:56:06',	'2018-11-22 09:56:06'),
(215,	NULL,	'Q:What does the following mean? Alias fugit illo.',	'',	'text',	31,	NULL,	NULL,	NULL,	18,	0,	49,	'easy',	'Hic sunt iure.',	'2018-11-22 09:56:14',	'2018-11-22 09:56:14'),
(216,	NULL,	'Q:What does the following mean? Exercitationem ut.',	'',	'text',	4,	NULL,	NULL,	NULL,	243,	0,	49,	'easy',	'Quisquam magni.',	'2018-11-22 09:56:14',	'2018-11-22 09:56:14'),
(217,	NULL,	'Q:What does the following mean? Nostrum voluptatem.',	'',	'text',	22,	NULL,	NULL,	NULL,	254,	0,	49,	'easy',	'Soluta.',	'2018-11-22 09:56:15',	'2018-11-22 09:56:15'),
(218,	NULL,	'Q:What does the following mean? Minima aut aut.',	'',	'text',	17,	NULL,	NULL,	NULL,	81,	0,	49,	'easy',	'Molestiae.',	'2018-11-22 09:56:15',	'2018-11-22 09:56:15'),
(219,	NULL,	'Q:What does the following mean? Neque accusantium.',	'',	'text',	37,	NULL,	NULL,	NULL,	55,	0,	49,	'easy',	'Laboriosam.',	'2018-11-22 09:56:16',	'2018-11-22 09:56:16'),
(220,	NULL,	'Q:What does the following mean? Officiis beatae.',	'',	'text',	2,	NULL,	NULL,	NULL,	85,	0,	49,	'easy',	'Quod sunt.',	'2018-11-22 09:56:16',	'2018-11-22 09:56:16'),
(221,	NULL,	'Q:What does the following mean? Sint expedita vel.',	'',	'text',	47,	NULL,	NULL,	NULL,	7,	0,	50,	'easy',	'Ut similique.',	'2018-11-22 09:56:28',	'2018-11-22 09:56:28'),
(222,	NULL,	'Q:What does the following mean? Tenetur id quos est.',	'',	'text',	3,	NULL,	NULL,	NULL,	50,	0,	50,	'easy',	'Velit rerum.',	'2018-11-22 09:56:28',	'2018-11-22 09:56:28'),
(223,	NULL,	'Q:What does the following mean? Excepturi quo.',	'',	'text',	48,	NULL,	NULL,	NULL,	279,	0,	50,	'easy',	'Nihil sequi.',	'2018-11-22 09:56:28',	'2018-11-22 09:56:28'),
(224,	NULL,	'Q:What does the following mean? Nemo iusto non quia.',	'',	'text',	7,	NULL,	NULL,	NULL,	158,	0,	50,	'easy',	'Et reiciendis.',	'2018-11-22 09:56:29',	'2018-11-22 09:56:29'),
(225,	NULL,	'Q:What does the following mean? Veniam quo dolores.',	'',	'text',	2,	NULL,	NULL,	NULL,	115,	0,	50,	'easy',	'Possimus.',	'2018-11-22 09:56:29',	'2018-11-22 09:56:29'),
(226,	NULL,	'Q:What does the following mean? Sit nobis repellat.',	'',	'text',	2,	NULL,	NULL,	NULL,	131,	0,	50,	'easy',	'Ut earum rerum.',	'2018-11-22 09:56:30',	'2018-11-22 09:56:30'),
(227,	NULL,	'Q:What does the following mean? Ipsa voluptatum.',	'',	'text',	7,	NULL,	NULL,	NULL,	94,	0,	50,	'easy',	'Pariatur aut.',	'2018-11-22 09:56:31',	'2018-11-22 09:56:31'),
(228,	NULL,	'Q:What does the following mean? Ab voluptatem et.',	'',	'text',	15,	NULL,	NULL,	NULL,	290,	0,	50,	'easy',	'Deserunt non.',	'2018-11-22 09:56:31',	'2018-11-22 09:56:31'),
(229,	NULL,	'Q:What does the following mean? Dignissimos et.',	'',	'text',	45,	NULL,	NULL,	NULL,	121,	0,	50,	'easy',	'Vero iure.',	'2018-11-22 09:56:32',	'2018-11-22 09:56:32'),
(230,	NULL,	'Q:What does the following mean? Nostrum nihil.',	'',	'text',	22,	NULL,	NULL,	NULL,	185,	0,	50,	'easy',	'Dolor amet.',	'2018-11-22 09:56:32',	'2018-11-22 09:56:32');

DROP TABLE IF EXISTS `ratings`;
CREATE TABLE `ratings` (
  `id` int(11) NOT NULL AUTO_INCREMENT,
  `rating` int(11) NOT NULL,
  `title` varchar(100) COLLATE utf8mb4_unicode_ci NOT NULL,
  `body` varchar(250) COLLATE utf8mb4_unicode_ci NOT NULL,
  `reviewrateable_id` int(11) NOT NULL,
  `reviewrateable_type` varchar(250) COLLATE utf8mb4_unicode_ci NOT NULL,
  `author_id` int(11) NOT NULL,
  `author_type` varchar(250) COLLATE utf8mb4_unicode_ci NOT NULL,
  `created_at` timestamp NULL DEFAULT NULL,
  `updated_at` timestamp NULL DEFAULT NULL,
  PRIMARY KEY (`id`)
) ENGINE=InnoDB DEFAULT CHARSET=utf8mb4 COLLATE=utf8mb4_unicode_ci;


DROP TABLE IF EXISTS `roles`;
CREATE TABLE `roles` (
  `id` int(11) NOT NULL AUTO_INCREMENT,
  `name` varchar(100) COLLATE utf8mb4_unicode_ci NOT NULL,
  `description` int(11) DEFAULT NULL,
  PRIMARY KEY (`id`)
) ENGINE=InnoDB DEFAULT CHARSET=utf8mb4 COLLATE=utf8mb4_unicode_ci;

INSERT INTO `roles` (`id`, `name`, `description`) VALUES
(1,	'Learner',	1),
(2,	'Teacher',	1),
(3,	'Parent',	1),
(4,	'Admin',	1);

DROP TABLE IF EXISTS `role_user`;
CREATE TABLE `role_user` (
  `id` int(11) NOT NULL AUTO_INCREMENT,
  `role_id` int(11) NOT NULL,
  `user_id` int(11) NOT NULL,
  PRIMARY KEY (`id`)
) ENGINE=InnoDB DEFAULT CHARSET=utf8mb4 COLLATE=utf8mb4_unicode_ci;

INSERT INTO `role_user` (`id`, `role_id`, `user_id`) VALUES
(1,	1,	1),
(2,	2,	2),
(3,	3,	3),
(4,	4,	4),
(5,	3,	5),
(6,	3,	6),
(7,	3,	7),
(8,	1,	8),
(9,	1,	9),
(10,	3,	10),
(11,	3,	11),
(12,	1,	11),
(13,	2,	13),
(14,	3,	14),
(15,	1,	15),
(16,	1,	16),
(17,	1,	17),
(18,	2,	17),
(19,	1,	18),
(20,	1,	19),
(21,	2,	19),
(22,	1,	20),
(23,	2,	20),
(24,	3,	20),
(25,	1,	21);

DROP TABLE IF EXISTS `schools`;
CREATE TABLE `schools` (
  `id` int(11) NOT NULL AUTO_INCREMENT,
  `school_name` varchar(250) COLLATE utf8mb4_unicode_ci NOT NULL,
  `address` varchar(250) COLLATE utf8mb4_unicode_ci DEFAULT NULL,
  `created_at` timestamp NULL DEFAULT NULL,
  `updated_at` timestamp NULL DEFAULT NULL,
  PRIMARY KEY (`id`)
) ENGINE=InnoDB DEFAULT CHARSET=utf8mb4 COLLATE=utf8mb4_unicode_ci;


DROP TABLE IF EXISTS `skillcategories`;
CREATE TABLE `skillcategories` (
  `id` int(11) NOT NULL AUTO_INCREMENT,
  `skill_category_name` varchar(250) COLLATE utf8mb4_unicode_ci NOT NULL,
  `skill_category_decsription` varchar(500) COLLATE utf8mb4_unicode_ci NOT NULL,
  `version` int(11) NOT NULL,
  `origin_id` int(11) NOT NULL DEFAULT '0',
  `sort_order` int(11) NOT NULL,
  `new_sort_order` int(11) DEFAULT NULL,
  `duration` int(11) NOT NULL DEFAULT '0',
  `approve_status` enum('pending','approved','declined','changed','not changed') COLLATE utf8mb4_unicode_ci NOT NULL DEFAULT 'pending',
  `publish_status` enum('published','unpublished','deleted') COLLATE utf8mb4_unicode_ci NOT NULL DEFAULT 'unpublished',
  `discipline_id` int(11) DEFAULT NULL,
  `createdby` int(11) NOT NULL,
  `updatedby` int(11) NOT NULL,
  `moderatedby` int(11) NOT NULL DEFAULT '0',
  `publishedby` int(11) NOT NULL DEFAULT '0',
  `created_at` timestamp NULL DEFAULT NULL,
  `updated_at` timestamp NULL DEFAULT NULL,
  PRIMARY KEY (`id`),
  KEY `skillcategories_ibfk_1` (`discipline_id`),
  CONSTRAINT `skillcategories_ibfk_1` FOREIGN KEY (`discipline_id`) REFERENCES `disciplines` (`id`) ON DELETE SET NULL
) ENGINE=InnoDB DEFAULT CHARSET=utf8mb4 COLLATE=utf8mb4_unicode_ci;

INSERT INTO `skillcategories` (`id`, `skill_category_name`, `skill_category_decsription`, `version`, `origin_id`, `sort_order`, `new_sort_order`, `duration`, `approve_status`, `publish_status`, `discipline_id`, `createdby`, `updatedby`, `moderatedby`, `publishedby`, `created_at`, `updated_at`) VALUES
(1,	'skillcategoryTotam.',	'skillcategorydescriptionMaxime magnam possimus ea.',	1,	0,	7,	NULL,	0,	'not changed',	'published',	2,	1,	1,	0,	0,	'2018-11-22 09:46:17',	'2018-11-22 09:46:17'),
(2,	'skillcategoryUt.',	'skillcategorydescriptionIllo quia unde nihil incidunt hic soluta ad.',	1,	0,	8,	NULL,	0,	'not changed',	'published',	2,	1,	1,	0,	0,	'2018-11-22 09:46:17',	'2018-11-22 09:46:17'),
(3,	'skillcategorySapiente.',	'skillcategorydescriptionDolorem voluptatum veritatis fuga nihil deserunt.',	1,	0,	8,	NULL,	0,	'not changed',	'published',	2,	1,	1,	0,	0,	'2018-11-22 09:46:17',	'2018-11-22 09:46:17'),
(4,	'skillcategoryProvident.',	'skillcategorydescriptionUt vel non laboriosam autem quis itaque non.',	1,	0,	2,	NULL,	0,	'not changed',	'published',	2,	1,	1,	0,	0,	'2018-11-22 09:46:18',	'2018-11-22 09:46:18'),
(5,	'skillcategoryQuisquam.',	'skillcategorydescriptionIusto ut facere quis suscipit veniam sunt enim.',	1,	0,	6,	NULL,	0,	'not changed',	'published',	2,	1,	1,	0,	0,	'2018-11-22 09:46:18',	'2018-11-22 09:46:18'),
(6,	'skillcategoryVeniam.',	'skillcategorydescriptionDolor animi aliquid quos assumenda.',	1,	0,	1,	NULL,	0,	'not changed',	'published',	2,	1,	1,	0,	0,	'2018-11-22 09:46:19',	'2018-11-22 09:46:19'),
(7,	'skillcategoryIpsam.',	'skillcategorydescriptionQuia aut aut repellendus porro veritatis.',	1,	0,	4,	NULL,	0,	'not changed',	'published',	2,	1,	1,	0,	0,	'2018-11-22 09:46:19',	'2018-11-22 09:46:19'),
(8,	'skillcategoryQui magni.',	'skillcategorydescriptionUt et quia quia repellendus.',	1,	0,	7,	NULL,	0,	'not changed',	'published',	2,	1,	1,	0,	0,	'2018-11-22 09:46:20',	'2018-11-22 09:46:20'),
(9,	'skillcategoryCum.',	'skillcategorydescriptionPossimus exercitationem nobis repudiandae harum.',	1,	0,	6,	NULL,	0,	'not changed',	'published',	2,	1,	1,	0,	0,	'2018-11-22 09:46:20',	'2018-11-22 09:46:20'),
(10,	'skillcategoryQuis.',	'skillcategorydescriptionFuga natus veniam rerum maxime nam ea totam.',	1,	0,	7,	NULL,	0,	'not changed',	'published',	2,	1,	1,	0,	0,	'2018-11-22 09:46:21',	'2018-11-22 09:46:21'),
(11,	'skillcategoryEarum quo.',	'skillcategorydescriptionVoluptatem quia et at aperiam.',	1,	0,	8,	NULL,	0,	'not changed',	'published',	2,	1,	1,	0,	0,	'2018-11-22 09:46:21',	'2018-11-22 09:46:21'),
(12,	'skillcategoryRem ut.',	'skillcategorydescriptionExpedita dolorem molestiae distinctio ullam.',	1,	0,	1,	NULL,	0,	'not changed',	'published',	2,	1,	1,	0,	0,	'2018-11-22 09:46:21',	'2018-11-22 09:46:21'),
(13,	'skillcategoryEarum eum.',	'skillcategorydescriptionEa rerum aut corrupti eius.',	1,	0,	2,	NULL,	0,	'not changed',	'published',	2,	1,	1,	0,	0,	'2018-11-22 09:46:22',	'2018-11-22 09:46:22'),
(14,	'skillcategoryHic non.',	'skillcategorydescriptionPariatur omnis aut voluptas adipisci aut sunt.',	1,	0,	8,	NULL,	0,	'not changed',	'published',	2,	1,	1,	0,	0,	'2018-11-22 09:46:22',	'2018-11-22 09:46:22'),
(15,	'skillcategoryIllo.',	'skillcategorydescriptionAut ut labore quisquam ut dolor debitis.',	1,	0,	2,	NULL,	0,	'not changed',	'published',	2,	1,	1,	0,	0,	'2018-11-22 09:46:23',	'2018-11-22 09:46:23'),
(16,	'skillcategoryQui.',	'skillcategorydescriptionQuis voluptatum voluptatem in quae.',	1,	0,	2,	NULL,	0,	'not changed',	'published',	2,	1,	1,	0,	0,	'2018-11-22 09:46:23',	'2018-11-22 09:46:23'),
(17,	'skillcategoryTenetur.',	'skillcategorydescriptionQuia eius quisquam et impedit aperiam et culpa.',	1,	0,	3,	NULL,	0,	'not changed',	'published',	2,	1,	1,	0,	0,	'2018-11-22 09:46:24',	'2018-11-22 09:46:24'),
(18,	'skillcategoryAlias.',	'skillcategorydescriptionDoloremque neque eos porro laudantium alias.',	1,	0,	1,	NULL,	0,	'not changed',	'published',	2,	1,	1,	0,	0,	'2018-11-22 09:46:24',	'2018-11-22 09:46:24'),
(19,	'skillcategoryIure quod.',	'skillcategorydescriptionVeritatis vel labore explicabo nihil.',	1,	0,	5,	NULL,	0,	'not changed',	'published',	2,	1,	1,	0,	0,	'2018-11-22 09:46:25',	'2018-11-22 09:46:25'),
(20,	'skillcategoryHic.',	'skillcategorydescriptionEaque quibusdam aspernatur soluta similique ut.',	1,	0,	7,	NULL,	0,	'not changed',	'published',	2,	1,	1,	0,	0,	'2018-11-22 09:46:25',	'2018-11-22 09:46:25'),
(21,	'skillcategoryRerum est.',	'skillcategorydescriptionNam consectetur ex quia praesentium fugit.',	1,	0,	6,	NULL,	0,	'not changed',	'published',	2,	1,	1,	0,	0,	'2018-11-22 09:46:26',	'2018-11-22 09:46:26'),
(22,	'skillcategoryAccusamus.',	'skillcategorydescriptionEst dicta occaecati repellendus sit.',	1,	0,	1,	NULL,	0,	'not changed',	'published',	2,	1,	1,	0,	0,	'2018-11-22 09:46:26',	'2018-11-22 09:46:26'),
(23,	'skillcategoryDolores.',	'skillcategorydescriptionQui odit debitis vel et enim quam voluptatem.',	1,	0,	3,	NULL,	0,	'not changed',	'published',	2,	1,	1,	0,	0,	'2018-11-22 09:46:26',	'2018-11-22 09:46:26'),
(24,	'skillcategoryEt totam.',	'skillcategorydescriptionRepellendus dolorum excepturi quis quas.',	1,	0,	9,	NULL,	0,	'not changed',	'published',	2,	1,	1,	0,	0,	'2018-11-22 09:46:27',	'2018-11-22 09:46:27'),
(25,	'skillcategoryId amet.',	'skillcategorydescriptionDicta nobis aut et architecto qui fugiat veniam.',	1,	0,	8,	NULL,	0,	'not changed',	'published',	2,	1,	1,	0,	0,	'2018-11-22 09:46:27',	'2018-11-22 09:46:27'),
(26,	'skillcategoryModi.',	'skillcategorydescriptionLaudantium dolor ut velit ut.',	1,	0,	6,	NULL,	0,	'not changed',	'published',	2,	1,	1,	0,	0,	'2018-11-22 09:46:28',	'2018-11-22 09:46:28'),
(27,	'skillcategoryQuia.',	'skillcategorydescriptionTotam voluptatem sint dicta iusto in.',	1,	0,	4,	NULL,	0,	'not changed',	'published',	2,	1,	1,	0,	0,	'2018-11-22 09:46:28',	'2018-11-22 09:46:28'),
(28,	'skillcategorySit minus.',	'skillcategorydescriptionEsse ex est praesentium et officiis.',	1,	0,	8,	NULL,	0,	'not changed',	'published',	2,	1,	1,	0,	0,	'2018-11-22 09:46:29',	'2018-11-22 09:46:29'),
(29,	'skillcategoryQuia.',	'skillcategorydescriptionEx architecto nihil ut totam pariatur itaque.',	1,	0,	7,	NULL,	0,	'not changed',	'published',	2,	1,	1,	0,	0,	'2018-11-22 09:46:29',	'2018-11-22 09:46:29'),
(30,	'skillcategoryEius.',	'skillcategorydescriptionIpsam consequuntur non asperiores minus.',	1,	0,	5,	NULL,	0,	'not changed',	'published',	2,	1,	1,	0,	0,	'2018-11-22 09:46:30',	'2018-11-22 09:46:30'),
(31,	'skillcategoryCum dicta.',	'skillcategorydescriptionDolore alias dolorum dolor dolor quisquam alias.',	1,	0,	7,	NULL,	0,	'not changed',	'published',	2,	1,	1,	0,	0,	'2018-11-22 09:46:30',	'2018-11-22 09:46:30'),
(32,	'skillcategoryExplicabo.',	'skillcategorydescriptionSaepe temporibus culpa quis ullam.',	1,	0,	9,	NULL,	0,	'not changed',	'published',	2,	1,	1,	0,	0,	'2018-11-22 09:46:31',	'2018-11-22 09:46:31'),
(33,	'skillcategoryProvident.',	'skillcategorydescriptionQui veniam qui enim nesciunt ut.',	1,	0,	8,	NULL,	0,	'not changed',	'published',	2,	1,	1,	0,	0,	'2018-11-22 09:46:31',	'2018-11-22 09:46:31'),
(34,	'skillcategoryOccaecati.',	'skillcategorydescriptionOdit reiciendis earum sit voluptas.',	1,	0,	4,	NULL,	0,	'not changed',	'published',	2,	1,	1,	0,	0,	'2018-11-22 09:46:31',	'2018-11-22 09:46:31'),
(35,	'skillcategoryDolorem.',	'skillcategorydescriptionEt consequatur ad et commodi.',	1,	0,	1,	NULL,	0,	'not changed',	'published',	2,	1,	1,	0,	0,	'2018-11-22 09:46:32',	'2018-11-22 09:46:32'),
(36,	'skillcategoryDicta.',	'skillcategorydescriptionAnimi qui tenetur quasi quasi.',	1,	0,	5,	NULL,	0,	'not changed',	'published',	2,	1,	1,	0,	0,	'2018-11-22 09:46:32',	'2018-11-22 09:46:32'),
(37,	'skillcategoryA.',	'skillcategorydescriptionIncidunt ut quia provident fugit culpa officiis.',	1,	0,	6,	NULL,	0,	'not changed',	'published',	2,	1,	1,	0,	0,	'2018-11-22 09:46:33',	'2018-11-22 09:46:33'),
(38,	'skillcategoryDicta.',	'skillcategorydescriptionFuga neque autem ut animi et laudantium ut.',	1,	0,	2,	NULL,	0,	'not changed',	'published',	2,	1,	1,	0,	0,	'2018-11-22 09:46:33',	'2018-11-22 09:46:33'),
(39,	'skillcategoryUnde.',	'skillcategorydescriptionVel incidunt nemo delectus animi est saepe quo.',	1,	0,	6,	NULL,	0,	'not changed',	'published',	2,	1,	1,	0,	0,	'2018-11-22 09:46:34',	'2018-11-22 09:46:34'),
(40,	'skillcategoryAut rem.',	'skillcategorydescriptionAut eligendi aliquam veniam porro sed officiis.',	1,	0,	7,	NULL,	0,	'not changed',	'published',	2,	1,	1,	0,	0,	'2018-11-22 09:46:34',	'2018-11-22 09:46:34'),
(41,	'skillcategoryIste ea.',	'skillcategorydescriptionDolor alias debitis consectetur nihil.',	1,	0,	4,	NULL,	0,	'not changed',	'published',	2,	1,	1,	0,	0,	'2018-11-22 09:46:35',	'2018-11-22 09:46:35'),
(42,	'skillcategoryEt.',	'skillcategorydescriptionExpedita repellat est mollitia quis.',	1,	0,	7,	NULL,	0,	'not changed',	'published',	2,	1,	1,	0,	0,	'2018-11-22 09:46:35',	'2018-11-22 09:46:35'),
(43,	'skillcategoryUt.',	'skillcategorydescriptionNon quod veniam id.',	1,	0,	5,	NULL,	0,	'not changed',	'published',	2,	1,	1,	0,	0,	'2018-11-22 09:46:36',	'2018-11-22 09:46:36'),
(44,	'skillcategoryRerum qui.',	'skillcategorydescriptionDucimus eum facilis dolorum aut.',	1,	0,	8,	NULL,	0,	'not changed',	'published',	2,	1,	1,	0,	0,	'2018-11-22 09:46:36',	'2018-11-22 09:46:36'),
(45,	'skillcategoryEum fuga.',	'skillcategorydescriptionVelit incidunt enim voluptatem.',	1,	0,	7,	NULL,	0,	'not changed',	'published',	2,	1,	1,	0,	0,	'2018-11-22 09:46:36',	'2018-11-22 09:46:36'),
(46,	'skillcategoryTotam.',	'skillcategorydescriptionSit culpa dolor itaque.',	1,	0,	9,	NULL,	0,	'not changed',	'published',	2,	1,	1,	0,	0,	'2018-11-22 09:46:37',	'2018-11-22 09:46:37'),
(47,	'skillcategoryExplicabo.',	'skillcategorydescriptionIusto quia nihil praesentium ut.',	1,	0,	1,	NULL,	0,	'not changed',	'published',	2,	1,	1,	0,	0,	'2018-11-22 09:46:37',	'2018-11-22 09:46:37'),
(48,	'skillcategoryQuia in.',	'skillcategorydescriptionSaepe nisi dolorem vel doloremque.',	1,	0,	5,	NULL,	0,	'not changed',	'published',	2,	1,	1,	0,	0,	'2018-11-22 09:46:38',	'2018-11-22 09:46:38'),
(49,	'skillcategoryRem nihil.',	'skillcategorydescriptionEa ut voluptatibus aut sapiente impedit.',	1,	0,	4,	NULL,	0,	'not changed',	'published',	2,	1,	1,	0,	0,	'2018-11-22 09:46:38',	'2018-11-22 09:46:38'),
(50,	'skillcategoryDeserunt.',	'skillcategorydescriptionIn quisquam omnis facilis eveniet.',	1,	0,	9,	NULL,	0,	'not changed',	'published',	2,	1,	1,	0,	0,	'2018-11-22 09:46:39',	'2018-11-22 09:46:39');

DROP TABLE IF EXISTS `skillmasterylevels`;
CREATE TABLE `skillmasterylevels` (
  `id` int(10) unsigned NOT NULL AUTO_INCREMENT,
  `levelname` varchar(250) COLLATE utf8mb4_unicode_ci DEFAULT NULL,
  `level_massage` varchar(250) COLLATE utf8mb4_unicode_ci DEFAULT NULL,
  `min_score` int(11) NOT NULL DEFAULT '0',
  `max_score` int(11) NOT NULL DEFAULT '0',
  `min_consecutive_value` int(11) NOT NULL DEFAULT '0',
  `max_consecutive_value` int(11) NOT NULL DEFAULT '0',
  `created_at` timestamp NULL DEFAULT NULL,
  `updated_at` timestamp NULL DEFAULT NULL,
  PRIMARY KEY (`id`)
) ENGINE=InnoDB DEFAULT CHARSET=utf8mb4 COLLATE=utf8mb4_unicode_ci;

INSERT INTO `skillmasterylevels` (`id`, `levelname`, `level_massage`, `min_score`, `max_score`, `min_consecutive_value`, `max_consecutive_value`, `created_at`, `updated_at`) VALUES
(1,	'Not started',	'You didnt start practicing this skill',	0,	0,	0,	0,	NULL,	NULL),
(2,	'Needs More Practice',	'You started practicing but you are struggling',	0,	50,	0,	2,	NULL,	NULL),
(3,	'Under Acquisition',	'You are able to answer questions that depend on this skill',	50,	80,	3,	4,	NULL,	NULL),
(4,	'Acquired',	'You are answering correctly majority of questions but not with the required time',	80,	90,	5,	100,	NULL,	NULL),
(5,	'Mastered',	'You are answering majority questions correctly and within the required time in a consistent manner',	95,	100,	5,	100,	NULL,	NULL);

DROP TABLE IF EXISTS `skills`;
CREATE TABLE `skills` (
  `id` int(11) NOT NULL AUTO_INCREMENT,
  `skill_name` varchar(250) COLLATE utf8mb4_unicode_ci NOT NULL,
  `skill_description` varchar(500) COLLATE utf8mb4_unicode_ci NOT NULL,
  `skill_category_id` int(11) NOT NULL,
  `grade_id` int(11) DEFAULT NULL,
  `version` int(11) NOT NULL,
  `origin_id` int(11) NOT NULL DEFAULT '0',
  `sort_order` int(11) DEFAULT NULL,
  `new_sort_order` int(11) DEFAULT NULL,
  `publish_status` enum('published','unpublished','deleted') COLLATE utf8mb4_unicode_ci NOT NULL DEFAULT 'unpublished',
  `approve_status` enum('pending','approved','declined','changed','not changed') COLLATE utf8mb4_unicode_ci NOT NULL DEFAULT 'pending',
  `createdby` int(11) NOT NULL,
  `updatedby` int(11) NOT NULL,
  `moderatedby` int(11) NOT NULL DEFAULT '0',
  `publishedby` int(11) NOT NULL DEFAULT '0',
  `created_at` timestamp NULL DEFAULT NULL,
  `updated_at` timestamp NULL DEFAULT NULL,
  PRIMARY KEY (`id`),
  KEY `skill_category_id` (`skill_category_id`,`grade_id`),
  CONSTRAINT `skills_ibfk_1` FOREIGN KEY (`skill_category_id`) REFERENCES `skillcategories` (`id`) ON DELETE CASCADE
) ENGINE=InnoDB DEFAULT CHARSET=utf8mb4 COLLATE=utf8mb4_unicode_ci;

INSERT INTO `skills` (`id`, `skill_name`, `skill_description`, `skill_category_id`, `grade_id`, `version`, `origin_id`, `sort_order`, `new_sort_order`, `publish_status`, `approve_status`, `createdby`, `updatedby`, `moderatedby`, `publishedby`, `created_at`, `updated_at`) VALUES
(1,	'skillAut et.',	'skilldescriptionAut ipsam iure et labore veritatis.',	1,	9,	1,	0,	6,	NULL,	'published',	'not changed',	1,	1,	0,	0,	'2018-11-22 09:46:39',	'2018-11-22 09:46:39'),
(2,	'skillOfficiis.',	'skilldescriptionIn corrupti eveniet est quaerat et ut illo totam.',	1,	1,	1,	0,	7,	NULL,	'published',	'not changed',	1,	1,	0,	0,	'2018-11-22 09:46:40',	'2018-11-22 09:46:40'),
(3,	'skillDolor.',	'skilldescriptionEsse ratione tempore incidunt aspernatur aperiam.',	1,	7,	1,	0,	3,	NULL,	'published',	'not changed',	1,	1,	0,	0,	'2018-11-22 09:46:40',	'2018-11-22 09:46:40'),
(4,	'skillInventore.',	'skilldescriptionCorrupti laborum omnis tempora qui ducimus.',	2,	7,	1,	0,	4,	NULL,	'published',	'not changed',	1,	1,	0,	0,	'2018-11-22 09:46:41',	'2018-11-22 09:46:41'),
(5,	'skillSint quia.',	'skilldescriptionQuia numquam consectetur necessitatibus et ut ut.',	2,	12,	1,	0,	7,	NULL,	'published',	'not changed',	1,	1,	0,	0,	'2018-11-22 09:46:41',	'2018-11-22 09:46:41'),
(6,	'skillSint nemo.',	'skilldescriptionAut voluptas expedita fugit praesentium placeat.',	2,	10,	1,	0,	7,	NULL,	'published',	'not changed',	1,	1,	0,	0,	'2018-11-22 09:46:41',	'2018-11-22 09:46:41'),
(7,	'skillTempora.',	'skilldescriptionPariatur quia eum ut vero.',	3,	11,	1,	0,	8,	NULL,	'published',	'not changed',	1,	1,	0,	0,	'2018-11-22 09:46:42',	'2018-11-22 09:46:42'),
(8,	'skillIpsum et.',	'skilldescriptionAccusamus aliquid animi ut.',	3,	8,	1,	0,	5,	NULL,	'published',	'not changed',	1,	1,	0,	0,	'2018-11-22 09:46:42',	'2018-11-22 09:46:42'),
(9,	'skillEarum.',	'skilldescriptionEt dolore commodi voluptatem voluptatum.',	3,	11,	1,	0,	2,	NULL,	'published',	'not changed',	1,	1,	0,	0,	'2018-11-22 09:46:43',	'2018-11-22 09:46:43'),
(10,	'skillEst enim.',	'skilldescriptionId hic vitae aut dignissimos aliquid quia aut.',	4,	6,	1,	0,	5,	NULL,	'published',	'not changed',	1,	1,	0,	0,	'2018-11-22 09:46:43',	'2018-11-22 09:46:43'),
(11,	'skillMolestiae.',	'skilldescriptionExcepturi officia porro et molestiae est quis.',	4,	4,	1,	0,	2,	NULL,	'published',	'not changed',	1,	1,	0,	0,	'2018-11-22 09:46:44',	'2018-11-22 09:46:44'),
(12,	'skillAt.',	'skilldescriptionVel aut recusandae sunt excepturi.',	4,	2,	1,	0,	1,	NULL,	'published',	'not changed',	1,	1,	0,	0,	'2018-11-22 09:46:44',	'2018-11-22 09:46:44'),
(13,	'skillHic.',	'skilldescriptionExcepturi aut expedita eligendi vel natus quia.',	5,	9,	1,	0,	7,	NULL,	'published',	'not changed',	1,	1,	0,	0,	'2018-11-22 09:46:45',	'2018-11-22 09:46:45'),
(14,	'skillSit et.',	'skilldescriptionQuia fugit libero ratione.',	5,	10,	1,	0,	6,	NULL,	'published',	'not changed',	1,	1,	0,	0,	'2018-11-22 09:46:45',	'2018-11-22 09:46:45'),
(15,	'skillEnim.',	'skilldescriptionDoloremque quia possimus laudantium optio.',	5,	6,	1,	0,	9,	NULL,	'published',	'not changed',	1,	1,	0,	0,	'2018-11-22 09:46:46',	'2018-11-22 09:46:46'),
(16,	'skillIpsum.',	'skilldescriptionIusto quaerat et recusandae minus.',	6,	8,	1,	0,	9,	NULL,	'published',	'not changed',	1,	1,	0,	0,	'2018-11-22 09:46:46',	'2018-11-22 09:46:46'),
(17,	'skillNatus.',	'skilldescriptionNam veritatis iure quos sit.',	6,	2,	1,	0,	9,	NULL,	'published',	'not changed',	1,	1,	0,	0,	'2018-11-22 09:46:47',	'2018-11-22 09:46:47'),
(18,	'skillEnim.',	'skilldescriptionVoluptates optio aut omnis error sed sunt.',	6,	8,	1,	0,	6,	NULL,	'published',	'not changed',	1,	1,	0,	0,	'2018-11-22 09:46:47',	'2018-11-22 09:46:47'),
(19,	'skillDolor.',	'skilldescriptionQuam vel laudantium qui.',	7,	3,	1,	0,	7,	NULL,	'published',	'not changed',	1,	1,	0,	0,	'2018-11-22 09:46:47',	'2018-11-22 09:46:47'),
(20,	'skillUllam non.',	'skilldescriptionDolor odit beatae at ad.',	7,	6,	1,	0,	4,	NULL,	'published',	'not changed',	1,	1,	0,	0,	'2018-11-22 09:46:48',	'2018-11-22 09:46:48'),
(21,	'skillCum amet.',	'skilldescriptionAut tempore minus voluptate molestiae neque.',	7,	5,	1,	0,	7,	NULL,	'published',	'not changed',	1,	1,	0,	0,	'2018-11-22 09:46:48',	'2018-11-22 09:46:48'),
(22,	'skillNihil.',	'skilldescriptionUnde magnam ex dicta rem eveniet.',	8,	10,	1,	0,	8,	NULL,	'published',	'not changed',	1,	1,	0,	0,	'2018-11-22 09:46:49',	'2018-11-22 09:46:49'),
(23,	'skillAliquid.',	'skilldescriptionAutem vel qui corrupti explicabo dolorem.',	8,	1,	1,	0,	3,	NULL,	'published',	'not changed',	1,	1,	0,	0,	'2018-11-22 09:46:49',	'2018-11-22 09:46:49'),
(24,	'skillQuasi.',	'skilldescriptionLibero sequi velit quod beatae.',	8,	1,	1,	0,	2,	NULL,	'published',	'not changed',	1,	1,	0,	0,	'2018-11-22 09:46:50',	'2018-11-22 09:46:50'),
(25,	'skillDeleniti.',	'skilldescriptionQuos recusandae quae soluta aut.',	9,	11,	1,	0,	1,	NULL,	'published',	'not changed',	1,	1,	0,	0,	'2018-11-22 09:46:50',	'2018-11-22 09:46:50'),
(26,	'skillAut.',	'skilldescriptionQui veniam facere tempora.',	9,	8,	1,	0,	5,	NULL,	'published',	'not changed',	1,	1,	0,	0,	'2018-11-22 09:46:51',	'2018-11-22 09:46:51'),
(27,	'skillAut.',	'skilldescriptionAut veritatis non natus maiores eos enim dolorem.',	9,	1,	1,	0,	5,	NULL,	'published',	'not changed',	1,	1,	0,	0,	'2018-11-22 09:46:51',	'2018-11-22 09:46:51'),
(28,	'skillPariatur.',	'skilldescriptionAssumenda omnis architecto omnis vel qui.',	10,	12,	1,	0,	4,	NULL,	'published',	'not changed',	1,	1,	0,	0,	'2018-11-22 09:46:51',	'2018-11-22 09:46:51'),
(29,	'skillRepellat.',	'skilldescriptionMinima deserunt quisquam id excepturi.',	10,	4,	1,	0,	8,	NULL,	'published',	'not changed',	1,	1,	0,	0,	'2018-11-22 09:46:52',	'2018-11-22 09:46:52'),
(30,	'skillAd aut.',	'skilldescriptionSunt veniam delectus voluptatum architecto.',	10,	1,	1,	0,	6,	NULL,	'published',	'not changed',	1,	1,	0,	0,	'2018-11-22 09:46:52',	'2018-11-22 09:46:52'),
(31,	'skillEveniet.',	'skilldescriptionQui natus et atque sed molestias voluptas.',	11,	1,	1,	0,	4,	NULL,	'published',	'not changed',	1,	1,	0,	0,	'2018-11-22 09:46:53',	'2018-11-22 09:46:53'),
(32,	'skillFacere.',	'skilldescriptionUt voluptate vero sint voluptas est ut mollitia.',	11,	9,	1,	0,	7,	NULL,	'published',	'not changed',	1,	1,	0,	0,	'2018-11-22 09:46:53',	'2018-11-22 09:46:53'),
(33,	'skillDolorem.',	'skilldescriptionQuia quia voluptatem voluptatem doloribus dolore.',	11,	4,	1,	0,	2,	NULL,	'published',	'not changed',	1,	1,	0,	0,	'2018-11-22 09:46:54',	'2018-11-22 09:46:54'),
(34,	'skillInventore.',	'skilldescriptionHarum incidunt repudiandae molestiae vero sit.',	12,	7,	1,	0,	2,	NULL,	'published',	'not changed',	1,	1,	0,	0,	'2018-11-22 09:46:54',	'2018-11-22 09:46:54'),
(35,	'skillUnde sed.',	'skilldescriptionVoluptas aut ut beatae quia fugiat.',	12,	2,	1,	0,	3,	NULL,	'published',	'not changed',	1,	1,	0,	0,	'2018-11-22 09:46:55',	'2018-11-22 09:46:55'),
(36,	'skillEt id sed.',	'skilldescriptionEt ea perferendis beatae qui est voluptatibus.',	12,	12,	1,	0,	3,	NULL,	'published',	'not changed',	1,	1,	0,	0,	'2018-11-22 09:46:55',	'2018-11-22 09:46:55'),
(37,	'skillOfficiis.',	'skilldescriptionBeatae id doloribus et.',	13,	4,	1,	0,	9,	NULL,	'published',	'not changed',	1,	1,	0,	0,	'2018-11-22 09:46:56',	'2018-11-22 09:46:56'),
(38,	'skillNumquam.',	'skilldescriptionRepellat fugit rerum soluta sequi.',	13,	8,	1,	0,	3,	NULL,	'published',	'not changed',	1,	1,	0,	0,	'2018-11-22 09:46:56',	'2018-11-22 09:46:56'),
(39,	'skillQuis eum.',	'skilldescriptionUt eaque architecto quis sunt voluptatibus.',	13,	7,	1,	0,	9,	NULL,	'published',	'not changed',	1,	1,	0,	0,	'2018-11-22 09:46:56',	'2018-11-22 09:46:56'),
(40,	'skillVeritatis.',	'skilldescriptionSoluta totam eos aspernatur voluptas.',	14,	4,	1,	0,	9,	NULL,	'published',	'not changed',	1,	1,	0,	0,	'2018-11-22 09:46:57',	'2018-11-22 09:46:57'),
(41,	'skillNisi quam.',	'skilldescriptionNatus eaque quo ea minima alias.',	14,	10,	1,	0,	9,	NULL,	'published',	'not changed',	1,	1,	0,	0,	'2018-11-22 09:46:57',	'2018-11-22 09:46:57'),
(42,	'skillNon.',	'skilldescriptionEt ut vel aut sed ut maiores doloribus.',	14,	8,	1,	0,	9,	NULL,	'published',	'not changed',	1,	1,	0,	0,	'2018-11-22 09:46:58',	'2018-11-22 09:46:58'),
(43,	'skillIpsam.',	'skilldescriptionIpsam qui non qui molestias itaque suscipit.',	15,	7,	1,	0,	3,	NULL,	'published',	'not changed',	1,	1,	0,	0,	'2018-11-22 09:46:58',	'2018-11-22 09:46:58'),
(44,	'skillQuia a.',	'skilldescriptionFacere ab nemo reiciendis nostrum.',	15,	1,	1,	0,	7,	NULL,	'published',	'not changed',	1,	1,	0,	0,	'2018-11-22 09:46:59',	'2018-11-22 09:46:59'),
(45,	'skillIncidunt.',	'skilldescriptionNulla alias vel quis minima aut.',	15,	12,	1,	0,	2,	NULL,	'published',	'not changed',	1,	1,	0,	0,	'2018-11-22 09:46:59',	'2018-11-22 09:46:59'),
(46,	'skillFugit.',	'skilldescriptionAdipisci impedit fuga perferendis consequatur.',	16,	11,	1,	0,	2,	NULL,	'published',	'not changed',	1,	1,	0,	0,	'2018-11-22 09:47:00',	'2018-11-22 09:47:00'),
(47,	'skillQuibusdam.',	'skilldescriptionCulpa fuga impedit molestiae assumenda.',	16,	5,	1,	0,	7,	NULL,	'published',	'not changed',	1,	1,	0,	0,	'2018-11-22 09:47:00',	'2018-11-22 09:47:00'),
(48,	'skillFugiat.',	'skilldescriptionTenetur nulla similique eum.',	16,	9,	1,	0,	7,	NULL,	'published',	'not changed',	1,	1,	0,	0,	'2018-11-22 09:47:00',	'2018-11-22 09:47:00'),
(49,	'skillIpsam.',	'skilldescriptionQui ea nostrum cupiditate assumenda.',	17,	1,	1,	0,	7,	NULL,	'published',	'not changed',	1,	1,	0,	0,	'2018-11-22 09:47:01',	'2018-11-22 09:47:01'),
(50,	'skillDucimus.',	'skilldescriptionVoluptas voluptatem placeat qui vel quos.',	17,	6,	1,	0,	1,	NULL,	'published',	'not changed',	1,	1,	0,	0,	'2018-11-22 09:47:01',	'2018-11-22 09:47:01'),
(51,	'skillSint sed.',	'skilldescriptionOccaecati itaque et deserunt quaerat assumenda.',	17,	11,	1,	0,	8,	NULL,	'published',	'not changed',	1,	1,	0,	0,	'2018-11-22 09:47:02',	'2018-11-22 09:47:02'),
(52,	'skillIllo et.',	'skilldescriptionSit quod voluptate voluptatum quaerat.',	18,	6,	1,	0,	2,	NULL,	'published',	'not changed',	1,	1,	0,	0,	'2018-11-22 09:47:02',	'2018-11-22 09:47:02'),
(53,	'skillMinima.',	'skilldescriptionId et nobis dolores asperiores autem quis.',	18,	12,	1,	0,	2,	NULL,	'published',	'not changed',	1,	1,	0,	0,	'2018-11-22 09:47:03',	'2018-11-22 09:47:03'),
(54,	'skillEt magni.',	'skilldescriptionNihil modi ea est earum debitis est aliquid.',	18,	9,	1,	0,	2,	NULL,	'published',	'not changed',	1,	1,	0,	0,	'2018-11-22 09:47:03',	'2018-11-22 09:47:03'),
(55,	'skillOfficiis.',	'skilldescriptionDebitis magnam eveniet inventore nemo.',	19,	8,	1,	0,	7,	NULL,	'published',	'not changed',	1,	1,	0,	0,	'2018-11-22 09:47:04',	'2018-11-22 09:47:04'),
(56,	'skillCum sequi.',	'skilldescriptionAb omnis numquam veniam praesentium.',	19,	2,	1,	0,	9,	NULL,	'published',	'not changed',	1,	1,	0,	0,	'2018-11-22 09:47:04',	'2018-11-22 09:47:04'),
(57,	'skillVel.',	'skilldescriptionEt aut voluptatem rerum consequatur magni aut.',	19,	7,	1,	0,	4,	NULL,	'published',	'not changed',	1,	1,	0,	0,	'2018-11-22 09:47:05',	'2018-11-22 09:47:05'),
(58,	'skillEarum et.',	'skilldescriptionNihil est ad fugit illo et tempora.',	20,	3,	1,	0,	7,	NULL,	'published',	'not changed',	1,	1,	0,	0,	'2018-11-22 09:47:05',	'2018-11-22 09:47:05'),
(59,	'skillDolores.',	'skilldescriptionLibero voluptas occaecati sed.',	20,	12,	1,	0,	3,	NULL,	'published',	'not changed',	1,	1,	0,	0,	'2018-11-22 09:47:06',	'2018-11-22 09:47:06'),
(60,	'skillUt minus.',	'skilldescriptionAut cupiditate voluptas rerum harum numquam.',	20,	1,	1,	0,	5,	NULL,	'published',	'not changed',	1,	1,	0,	0,	'2018-11-22 09:47:06',	'2018-11-22 09:47:06'),
(61,	'skillAliquid.',	'skilldescriptionReprehenderit aut consequuntur vel iure atque ut.',	21,	10,	1,	0,	4,	NULL,	'published',	'not changed',	1,	1,	0,	0,	'2018-11-22 09:47:07',	'2018-11-22 09:47:07'),
(62,	'skillUnde.',	'skilldescriptionAut dolor et ad provident.',	21,	5,	1,	0,	3,	NULL,	'published',	'not changed',	1,	1,	0,	0,	'2018-11-22 09:47:07',	'2018-11-22 09:47:07'),
(63,	'skillHic.',	'skilldescriptionPossimus et voluptatum optio est.',	21,	10,	1,	0,	8,	NULL,	'published',	'not changed',	1,	1,	0,	0,	'2018-11-22 09:47:07',	'2018-11-22 09:47:07'),
(64,	'skillDoloribus.',	'skilldescriptionAlias aut exercitationem suscipit quia quo sit.',	22,	1,	1,	0,	5,	NULL,	'published',	'not changed',	1,	1,	0,	0,	'2018-11-22 09:47:08',	'2018-11-22 09:47:08'),
(65,	'skillEst autem.',	'skilldescriptionQui non et at amet.',	22,	8,	1,	0,	1,	NULL,	'published',	'not changed',	1,	1,	0,	0,	'2018-11-22 09:47:08',	'2018-11-22 09:47:08'),
(66,	'skillCommodi.',	'skilldescriptionOfficia et beatae ut quia molestias.',	22,	10,	1,	0,	8,	NULL,	'published',	'not changed',	1,	1,	0,	0,	'2018-11-22 09:47:09',	'2018-11-22 09:47:09'),
(67,	'skillSimilique.',	'skilldescriptionIllo qui aspernatur voluptatem et debitis.',	23,	9,	1,	0,	4,	NULL,	'published',	'not changed',	1,	1,	0,	0,	'2018-11-22 09:47:09',	'2018-11-22 09:47:09'),
(68,	'skillDolores.',	'skilldescriptionMaxime animi accusantium nobis.',	23,	8,	1,	0,	5,	NULL,	'published',	'not changed',	1,	1,	0,	0,	'2018-11-22 09:47:10',	'2018-11-22 09:47:10'),
(69,	'skillOdio.',	'skilldescriptionAut ullam est alias ipsam voluptas.',	23,	1,	1,	0,	4,	NULL,	'published',	'not changed',	1,	1,	0,	0,	'2018-11-22 09:47:10',	'2018-11-22 09:47:10'),
(70,	'skillEt earum.',	'skilldescriptionEa consequatur illo voluptatem nostrum.',	24,	6,	1,	0,	8,	NULL,	'published',	'not changed',	1,	1,	0,	0,	'2018-11-22 09:47:11',	'2018-11-22 09:47:11'),
(71,	'skillDolore.',	'skilldescriptionEa rerum tempore ab rerum fuga.',	24,	8,	1,	0,	3,	NULL,	'published',	'not changed',	1,	1,	0,	0,	'2018-11-22 09:47:11',	'2018-11-22 09:47:11'),
(72,	'skillEt veniam.',	'skilldescriptionRepudiandae maxime quis ipsam.',	24,	10,	1,	0,	3,	NULL,	'published',	'not changed',	1,	1,	0,	0,	'2018-11-22 09:47:12',	'2018-11-22 09:47:12'),
(73,	'skillDolorem.',	'skilldescriptionId dolores eum magnam rerum vel et.',	25,	3,	1,	0,	4,	NULL,	'published',	'not changed',	1,	1,	0,	0,	'2018-11-22 09:47:12',	'2018-11-22 09:47:12'),
(74,	'skillHic.',	'skilldescriptionDelectus et nisi quae.',	25,	2,	1,	0,	5,	NULL,	'published',	'not changed',	1,	1,	0,	0,	'2018-11-22 09:47:12',	'2018-11-22 09:47:12'),
(75,	'skillOmnis.',	'skilldescriptionRecusandae accusantium omnis quia architecto.',	25,	6,	1,	0,	8,	NULL,	'published',	'not changed',	1,	1,	0,	0,	'2018-11-22 09:47:13',	'2018-11-22 09:47:13'),
(76,	'skillQuia.',	'skilldescriptionNon assumenda quibusdam sunt.',	26,	2,	1,	0,	8,	NULL,	'published',	'not changed',	1,	1,	0,	0,	'2018-11-22 09:47:13',	'2018-11-22 09:47:13'),
(77,	'skillVoluptas.',	'skilldescriptionSoluta reprehenderit sit maiores.',	26,	1,	1,	0,	6,	NULL,	'published',	'not changed',	1,	1,	0,	0,	'2018-11-22 09:47:14',	'2018-11-22 09:47:14'),
(78,	'skillQuidem.',	'skilldescriptionNemo tempore fugiat sunt eius dolorum qui.',	26,	4,	1,	0,	5,	NULL,	'published',	'not changed',	1,	1,	0,	0,	'2018-11-22 09:47:14',	'2018-11-22 09:47:14'),
(79,	'skillQui aut.',	'skilldescriptionIste facilis ad vitae rem et similique soluta.',	27,	2,	1,	0,	5,	NULL,	'published',	'not changed',	1,	1,	0,	0,	'2018-11-22 09:47:15',	'2018-11-22 09:47:15'),
(80,	'skillIpsam.',	'skilldescriptionEst quo ut saepe corporis.',	27,	9,	1,	0,	6,	NULL,	'published',	'not changed',	1,	1,	0,	0,	'2018-11-22 09:47:15',	'2018-11-22 09:47:15'),
(81,	'skillSaepe.',	'skilldescriptionEt consequatur non et eos odio.',	27,	7,	1,	0,	9,	NULL,	'published',	'not changed',	1,	1,	0,	0,	'2018-11-22 09:47:16',	'2018-11-22 09:47:16'),
(82,	'skillQuibusdam.',	'skilldescriptionAperiam culpa soluta quaerat enim atque et atque.',	28,	4,	1,	0,	9,	NULL,	'published',	'not changed',	1,	1,	0,	0,	'2018-11-22 09:47:16',	'2018-11-22 09:47:16'),
(83,	'skillEt.',	'skilldescriptionProvident cumque totam aut mollitia laudantium.',	28,	4,	1,	0,	7,	NULL,	'published',	'not changed',	1,	1,	0,	0,	'2018-11-22 09:47:17',	'2018-11-22 09:47:17'),
(84,	'skillCorporis.',	'skilldescriptionEt debitis odit ea nostrum.',	28,	11,	1,	0,	2,	NULL,	'published',	'not changed',	1,	1,	0,	0,	'2018-11-22 09:47:17',	'2018-11-22 09:47:17'),
(85,	'skillUt.',	'skilldescriptionRepellendus quasi ut id harum.',	29,	12,	1,	0,	9,	NULL,	'published',	'not changed',	1,	1,	0,	0,	'2018-11-22 09:47:17',	'2018-11-22 09:47:17'),
(86,	'skillNon illum.',	'skilldescriptionVel distinctio quia ut voluptatem laudantium aut.',	29,	9,	1,	0,	1,	NULL,	'published',	'not changed',	1,	1,	0,	0,	'2018-11-22 09:47:18',	'2018-11-22 09:47:18'),
(87,	'skillEt nam.',	'skilldescriptionSuscipit quasi deserunt fugiat provident.',	29,	11,	1,	0,	4,	NULL,	'published',	'not changed',	1,	1,	0,	0,	'2018-11-22 09:47:18',	'2018-11-22 09:47:18'),
(88,	'skillEt.',	'skilldescriptionQuasi et esse odit in ea.',	30,	9,	1,	0,	7,	NULL,	'published',	'not changed',	1,	1,	0,	0,	'2018-11-22 09:47:19',	'2018-11-22 09:47:19'),
(89,	'skillTenetur.',	'skilldescriptionFacere est quia veniam ipsum autem.',	30,	10,	1,	0,	2,	NULL,	'published',	'not changed',	1,	1,	0,	0,	'2018-11-22 09:47:19',	'2018-11-22 09:47:19'),
(90,	'skillRem.',	'skilldescriptionVitae sapiente omnis maxime adipisci et ut.',	30,	9,	1,	0,	6,	NULL,	'published',	'not changed',	1,	1,	0,	0,	'2018-11-22 09:47:20',	'2018-11-22 09:47:20'),
(91,	'skillFacere.',	'skilldescriptionTotam dolores voluptatem quos doloremque.',	31,	9,	1,	0,	7,	NULL,	'published',	'not changed',	1,	1,	0,	0,	'2018-11-22 09:47:20',	'2018-11-22 09:47:20'),
(92,	'skillIllum.',	'skilldescriptionNatus dolore eos atque ullam rerum sequi enim.',	31,	10,	1,	0,	1,	NULL,	'published',	'not changed',	1,	1,	0,	0,	'2018-11-22 09:47:21',	'2018-11-22 09:47:21'),
(93,	'skillMolestias.',	'skilldescriptionConsectetur enim non quasi debitis.',	31,	5,	1,	0,	2,	NULL,	'published',	'not changed',	1,	1,	0,	0,	'2018-11-22 09:47:21',	'2018-11-22 09:47:21'),
(94,	'skillEa iure.',	'skilldescriptionDignissimos blanditiis rerum eveniet in eos.',	32,	4,	1,	0,	6,	NULL,	'published',	'not changed',	1,	1,	0,	0,	'2018-11-22 09:47:21',	'2018-11-22 09:47:21'),
(95,	'skillInventore.',	'skilldescriptionAt omnis quis placeat esse.',	32,	4,	1,	0,	5,	NULL,	'published',	'not changed',	1,	1,	0,	0,	'2018-11-22 09:47:22',	'2018-11-22 09:47:22'),
(96,	'skillQuod.',	'skilldescriptionMolestias non mollitia facere eum.',	32,	1,	1,	0,	4,	NULL,	'published',	'not changed',	1,	1,	0,	0,	'2018-11-22 09:47:22',	'2018-11-22 09:47:22'),
(97,	'skillQuia quis.',	'skilldescriptionEt quo doloremque sequi officiis.',	33,	4,	1,	0,	8,	NULL,	'published',	'not changed',	1,	1,	0,	0,	'2018-11-22 09:47:23',	'2018-11-22 09:47:23'),
(98,	'skillQui.',	'skilldescriptionVoluptatem ipsa corrupti nostrum dignissimos.',	33,	5,	1,	0,	9,	NULL,	'published',	'not changed',	1,	1,	0,	0,	'2018-11-22 09:47:23',	'2018-11-22 09:47:23'),
(99,	'skillEos qui.',	'skilldescriptionIllo qui hic et magni excepturi porro sunt.',	33,	1,	1,	0,	6,	NULL,	'published',	'not changed',	1,	1,	0,	0,	'2018-11-22 09:47:24',	'2018-11-22 09:47:24'),
(100,	'skillEius id.',	'skilldescriptionEt nesciunt minima id.',	34,	6,	1,	0,	8,	NULL,	'published',	'not changed',	1,	1,	0,	0,	'2018-11-22 09:47:24',	'2018-11-22 09:47:24'),
(101,	'skillMolestiae.',	'skilldescriptionRepellendus repellendus voluptatem sunt eligendi.',	34,	2,	1,	0,	4,	NULL,	'published',	'not changed',	1,	1,	0,	0,	'2018-11-22 09:47:25',	'2018-11-22 09:47:25'),
(102,	'skillEt sed ut.',	'skilldescriptionEt voluptatem modi sint maxime est.',	34,	11,	1,	0,	7,	NULL,	'published',	'not changed',	1,	1,	0,	0,	'2018-11-22 09:47:25',	'2018-11-22 09:47:25'),
(103,	'skillQuo ipsa.',	'skilldescriptionDignissimos accusamus illo dolores.',	35,	3,	1,	0,	2,	NULL,	'published',	'not changed',	1,	1,	0,	0,	'2018-11-22 09:47:26',	'2018-11-22 09:47:26'),
(104,	'skillUt id qui.',	'skilldescriptionMagni cupiditate eaque eos unde aut voluptatem.',	35,	5,	1,	0,	9,	NULL,	'published',	'not changed',	1,	1,	0,	0,	'2018-11-22 09:47:26',	'2018-11-22 09:47:26'),
(105,	'skillSunt.',	'skilldescriptionQui et animi at nulla tenetur facere illum.',	35,	8,	1,	0,	9,	NULL,	'published',	'not changed',	1,	1,	0,	0,	'2018-11-22 09:47:27',	'2018-11-22 09:47:27'),
(106,	'skillQuo.',	'skilldescriptionFacere dolore qui repudiandae rerum ea est.',	36,	4,	1,	0,	5,	NULL,	'published',	'not changed',	1,	1,	0,	0,	'2018-11-22 09:47:27',	'2018-11-22 09:47:27'),
(107,	'skillQuae.',	'skilldescriptionQuisquam doloremque possimus molestiae.',	36,	11,	1,	0,	8,	NULL,	'published',	'not changed',	1,	1,	0,	0,	'2018-11-22 09:47:27',	'2018-11-22 09:47:27'),
(108,	'skillMinus et.',	'skilldescriptionEt ea dolor quia.',	36,	2,	1,	0,	9,	NULL,	'published',	'not changed',	1,	1,	0,	0,	'2018-11-22 09:47:28',	'2018-11-22 09:47:28'),
(109,	'skillAutem est.',	'skilldescriptionBeatae voluptatem tenetur accusamus qui.',	37,	3,	1,	0,	9,	NULL,	'published',	'not changed',	1,	1,	0,	0,	'2018-11-22 09:47:28',	'2018-11-22 09:47:28'),
(110,	'skillEaque.',	'skilldescriptionCum et expedita aut voluptas.',	37,	7,	1,	0,	2,	NULL,	'published',	'not changed',	1,	1,	0,	0,	'2018-11-22 09:47:29',	'2018-11-22 09:47:29'),
(111,	'skillQuibusdam.',	'skilldescriptionAperiam nemo ut quam sint qui.',	37,	2,	1,	0,	1,	NULL,	'published',	'not changed',	1,	1,	0,	0,	'2018-11-22 09:47:29',	'2018-11-22 09:47:29'),
(112,	'skillDolores.',	'skilldescriptionQuia quis commodi voluptas quia ea.',	38,	9,	1,	0,	2,	NULL,	'published',	'not changed',	1,	1,	0,	0,	'2018-11-22 09:47:30',	'2018-11-22 09:47:30'),
(113,	'skillRem.',	'skilldescriptionEt et itaque non delectus exercitationem ad.',	38,	11,	1,	0,	9,	NULL,	'published',	'not changed',	1,	1,	0,	0,	'2018-11-22 09:47:30',	'2018-11-22 09:47:30'),
(114,	'skillEnim.',	'skilldescriptionMaxime aperiam ratione quis voluptatem quos.',	38,	5,	1,	0,	6,	NULL,	'published',	'not changed',	1,	1,	0,	0,	'2018-11-22 09:47:31',	'2018-11-22 09:47:31'),
(115,	'skillRem quam.',	'skilldescriptionExpedita nisi optio asperiores corrupti et est.',	39,	1,	1,	0,	8,	NULL,	'published',	'not changed',	1,	1,	0,	0,	'2018-11-22 09:47:31',	'2018-11-22 09:47:31'),
(116,	'skillQui quis.',	'skilldescriptionAutem culpa numquam rerum dolorem saepe.',	39,	2,	1,	0,	5,	NULL,	'published',	'not changed',	1,	1,	0,	0,	'2018-11-22 09:47:32',	'2018-11-22 09:47:32'),
(117,	'skillQui.',	'skilldescriptionEst omnis eaque eum iste consequuntur non.',	39,	4,	1,	0,	6,	NULL,	'published',	'not changed',	1,	1,	0,	0,	'2018-11-22 09:47:32',	'2018-11-22 09:47:32'),
(118,	'skillQuo eos.',	'skilldescriptionNulla incidunt deserunt maiores at placeat.',	40,	8,	1,	0,	5,	NULL,	'published',	'not changed',	1,	1,	0,	0,	'2018-11-22 09:47:32',	'2018-11-22 09:47:32'),
(119,	'skillIpsa.',	'skilldescriptionModi autem et suscipit atque.',	40,	12,	1,	0,	7,	NULL,	'published',	'not changed',	1,	1,	0,	0,	'2018-11-22 09:47:33',	'2018-11-22 09:47:33'),
(120,	'skillEligendi.',	'skilldescriptionExpedita et voluptatem in distinctio.',	40,	11,	1,	0,	9,	NULL,	'published',	'not changed',	1,	1,	0,	0,	'2018-11-22 09:47:33',	'2018-11-22 09:47:33'),
(121,	'skillEt qui ut.',	'skilldescriptionId cupiditate quia quae eius commodi blanditiis.',	41,	9,	1,	0,	9,	NULL,	'published',	'not changed',	1,	1,	0,	0,	'2018-11-22 09:47:34',	'2018-11-22 09:47:34'),
(122,	'skillAut.',	'skilldescriptionAsperiores quod cumque ut.',	41,	3,	1,	0,	7,	NULL,	'published',	'not changed',	1,	1,	0,	0,	'2018-11-22 09:47:34',	'2018-11-22 09:47:34'),
(123,	'skillEt iusto.',	'skilldescriptionDolorem vitae ratione aut sapiente.',	41,	4,	1,	0,	8,	NULL,	'published',	'not changed',	1,	1,	0,	0,	'2018-11-22 09:47:35',	'2018-11-22 09:47:35'),
(124,	'skillVoluptas.',	'skilldescriptionVel consequuntur ducimus id est aut.',	42,	2,	1,	0,	7,	NULL,	'published',	'not changed',	1,	1,	0,	0,	'2018-11-22 09:47:35',	'2018-11-22 09:47:35'),
(125,	'skillQuis.',	'skilldescriptionVoluptatem omnis aut dicta placeat rem.',	42,	6,	1,	0,	4,	NULL,	'published',	'not changed',	1,	1,	0,	0,	'2018-11-22 09:47:36',	'2018-11-22 09:47:36'),
(126,	'skillIn ut.',	'skilldescriptionQuod earum laudantium et accusamus sunt qui.',	42,	11,	1,	0,	9,	NULL,	'published',	'not changed',	1,	1,	0,	0,	'2018-11-22 09:47:36',	'2018-11-22 09:47:36'),
(127,	'skillAdipisci.',	'skilldescriptionDucimus sapiente repudiandae dolore sequi.',	43,	5,	1,	0,	4,	NULL,	'published',	'not changed',	1,	1,	0,	0,	'2018-11-22 09:47:37',	'2018-11-22 09:47:37'),
(128,	'skillQuam qui.',	'skilldescriptionConsectetur minima et dolores qui.',	43,	11,	1,	0,	5,	NULL,	'published',	'not changed',	1,	1,	0,	0,	'2018-11-22 09:47:37',	'2018-11-22 09:47:37'),
(129,	'skillPlaceat.',	'skilldescriptionOdio saepe quos illo omnis.',	43,	12,	1,	0,	4,	NULL,	'published',	'not changed',	1,	1,	0,	0,	'2018-11-22 09:47:37',	'2018-11-22 09:47:37'),
(130,	'skillQuasi.',	'skilldescriptionAut deleniti magnam sit consequatur.',	44,	11,	1,	0,	8,	NULL,	'published',	'not changed',	1,	1,	0,	0,	'2018-11-22 09:47:38',	'2018-11-22 09:47:38'),
(131,	'skillAperiam.',	'skilldescriptionUt voluptas dolorum nisi eum eum.',	44,	8,	1,	0,	7,	NULL,	'published',	'not changed',	1,	1,	0,	0,	'2018-11-22 09:47:38',	'2018-11-22 09:47:38'),
(132,	'skillQuia quia.',	'skilldescriptionPerspiciatis corporis sapiente et dolores.',	44,	8,	1,	0,	2,	NULL,	'published',	'not changed',	1,	1,	0,	0,	'2018-11-22 09:47:39',	'2018-11-22 09:47:39'),
(133,	'skillFugiat.',	'skilldescriptionVelit officiis sequi ullam accusantium quod.',	45,	3,	1,	0,	9,	NULL,	'published',	'not changed',	1,	1,	0,	0,	'2018-11-22 09:47:39',	'2018-11-22 09:47:39'),
(134,	'skillSed non.',	'skilldescriptionDolor quae ipsam delectus velit optio nesciunt.',	45,	6,	1,	0,	2,	NULL,	'published',	'not changed',	1,	1,	0,	0,	'2018-11-22 09:47:40',	'2018-11-22 09:47:40'),
(135,	'skillDoloribus.',	'skilldescriptionDistinctio id voluptas ut in suscipit.',	45,	7,	1,	0,	6,	NULL,	'published',	'not changed',	1,	1,	0,	0,	'2018-11-22 09:47:40',	'2018-11-22 09:47:40'),
(136,	'skillNon et.',	'skilldescriptionNam qui voluptatibus beatae vel similique.',	46,	6,	1,	0,	1,	NULL,	'published',	'not changed',	1,	1,	0,	0,	'2018-11-22 09:47:41',	'2018-11-22 09:47:41'),
(137,	'skillDolores.',	'skilldescriptionOmnis maiores facilis sint.',	46,	10,	1,	0,	9,	NULL,	'published',	'not changed',	1,	1,	0,	0,	'2018-11-22 09:47:41',	'2018-11-22 09:47:41'),
(138,	'skillA.',	'skilldescriptionExercitationem veritatis quis expedita velit.',	46,	7,	1,	0,	8,	NULL,	'published',	'not changed',	1,	1,	0,	0,	'2018-11-22 09:47:41',	'2018-11-22 09:47:41'),
(139,	'skillVitae.',	'skilldescriptionInventore magni et ut.',	47,	8,	1,	0,	9,	NULL,	'published',	'not changed',	1,	1,	0,	0,	'2018-11-22 09:47:42',	'2018-11-22 09:47:42'),
(140,	'skillVel.',	'skilldescriptionDolores sint optio nihil nihil assumenda.',	47,	3,	1,	0,	1,	NULL,	'published',	'not changed',	1,	1,	0,	0,	'2018-11-22 09:47:42',	'2018-11-22 09:47:42'),
(141,	'skillTotam.',	'skilldescriptionAutem amet dolor qui aliquam tempora excepturi.',	47,	2,	1,	0,	4,	NULL,	'published',	'not changed',	1,	1,	0,	0,	'2018-11-22 09:47:43',	'2018-11-22 09:47:43'),
(142,	'skillSimilique.',	'skilldescriptionError et nisi iure et aut reiciendis.',	48,	4,	1,	0,	8,	NULL,	'published',	'not changed',	1,	1,	0,	0,	'2018-11-22 09:47:43',	'2018-11-22 09:47:43'),
(143,	'skillNihil ut.',	'skilldescriptionIure voluptatum explicabo placeat et.',	48,	2,	1,	0,	8,	NULL,	'published',	'not changed',	1,	1,	0,	0,	'2018-11-22 09:47:44',	'2018-11-22 09:47:44'),
(144,	'skillAut quia.',	'skilldescriptionIure repudiandae doloremque aut inventore.',	48,	5,	1,	0,	1,	NULL,	'published',	'not changed',	1,	1,	0,	0,	'2018-11-22 09:47:44',	'2018-11-22 09:47:44'),
(145,	'skillOmnis.',	'skilldescriptionEnim optio eligendi facilis dolor.',	49,	8,	1,	0,	3,	NULL,	'published',	'not changed',	1,	1,	0,	0,	'2018-11-22 09:47:45',	'2018-11-22 09:47:45'),
(146,	'skillOfficiis.',	'skilldescriptionIpsum praesentium occaecati deserunt.',	49,	4,	1,	0,	2,	NULL,	'published',	'not changed',	1,	1,	0,	0,	'2018-11-22 09:47:45',	'2018-11-22 09:47:45'),
(147,	'skillAssumenda.',	'skilldescriptionDoloribus ut sint dolor magnam.',	49,	2,	1,	0,	8,	NULL,	'published',	'not changed',	1,	1,	0,	0,	'2018-11-22 09:47:46',	'2018-11-22 09:47:46'),
(148,	'skillUt.',	'skilldescriptionRepellendus molestiae eligendi dolore harum.',	50,	8,	1,	0,	5,	NULL,	'published',	'not changed',	1,	1,	0,	0,	'2018-11-22 09:47:46',	'2018-11-22 09:47:46'),
(149,	'skillVitae.',	'skilldescriptionQuo qui dolorum expedita doloribus libero quos.',	50,	3,	1,	0,	9,	NULL,	'published',	'not changed',	1,	1,	0,	0,	'2018-11-22 09:47:46',	'2018-11-22 09:47:46'),
(150,	'skillAd ipsum.',	'skilldescriptionEt quia quaerat sit deleniti pariatur.',	50,	2,	1,	0,	5,	NULL,	'published',	'not changed',	1,	1,	0,	0,	'2018-11-22 09:47:47',	'2018-11-22 09:47:47');

DROP TABLE IF EXISTS `tagging_tagged`;
CREATE TABLE `tagging_tagged` (
  `id` int(10) unsigned NOT NULL AUTO_INCREMENT,
  `taggable_id` int(10) unsigned NOT NULL,
  `taggable_type` varchar(125) COLLATE utf8mb4_unicode_ci NOT NULL,
  `tag_name` varchar(125) COLLATE utf8mb4_unicode_ci NOT NULL,
  `tag_slug` varchar(125) COLLATE utf8mb4_unicode_ci NOT NULL,
  PRIMARY KEY (`id`),
  KEY `tagging_tagged_taggable_id_index` (`taggable_id`),
  KEY `tagging_tagged_taggable_type_index` (`taggable_type`),
  KEY `tagging_tagged_tag_slug_index` (`tag_slug`)
) ENGINE=InnoDB DEFAULT CHARSET=utf8mb4 COLLATE=utf8mb4_unicode_ci;


DROP TABLE IF EXISTS `tagging_tags`;
CREATE TABLE `tagging_tags` (
  `id` int(10) unsigned NOT NULL AUTO_INCREMENT,
  `tag_group_id` int(10) unsigned DEFAULT NULL,
  `slug` varchar(125) COLLATE utf8mb4_unicode_ci NOT NULL,
  `name` varchar(125) COLLATE utf8mb4_unicode_ci NOT NULL,
  `suggest` tinyint(1) NOT NULL DEFAULT '0',
  `count` int(10) unsigned NOT NULL DEFAULT '0',
  PRIMARY KEY (`id`),
  KEY `tagging_tags_slug_index` (`slug`),
  KEY `tagging_tags_tag_group_id_foreign` (`tag_group_id`),
  CONSTRAINT `tagging_tags_tag_group_id_foreign` FOREIGN KEY (`tag_group_id`) REFERENCES `tagging_tag_groups` (`id`)
) ENGINE=InnoDB DEFAULT CHARSET=utf8mb4 COLLATE=utf8mb4_unicode_ci;


DROP TABLE IF EXISTS `tagging_tag_groups`;
CREATE TABLE `tagging_tag_groups` (
  `id` int(10) unsigned NOT NULL AUTO_INCREMENT,
  `slug` varchar(125) COLLATE utf8mb4_unicode_ci NOT NULL,
  `name` varchar(125) COLLATE utf8mb4_unicode_ci NOT NULL,
  PRIMARY KEY (`id`),
  KEY `tagging_tag_groups_slug_index` (`slug`)
) ENGINE=InnoDB DEFAULT CHARSET=utf8mb4 COLLATE=utf8mb4_unicode_ci;


DROP TABLE IF EXISTS `topics`;
CREATE TABLE `topics` (
  `id` int(11) NOT NULL AUTO_INCREMENT,
  `topic_name` varchar(250) COLLATE utf8mb4_unicode_ci NOT NULL,
  `iconurl` varchar(250) COLLATE utf8mb4_unicode_ci DEFAULT NULL,
  `approve_status` enum('pending','approved','declined','') COLLATE utf8mb4_unicode_ci NOT NULL DEFAULT 'pending',
  `createdby` int(11) NOT NULL,
  `updatedby` int(11) NOT NULL,
  `created_at` timestamp NULL DEFAULT NULL,
  `updated_at` timestamp NULL DEFAULT NULL,
  PRIMARY KEY (`id`)
) ENGINE=InnoDB DEFAULT CHARSET=utf8mb4 COLLATE=utf8mb4_unicode_ci;

INSERT INTO `topics` (`id`, `topic_name`, `iconurl`, `approve_status`, `createdby`, `updatedby`, `created_at`, `updated_at`) VALUES
(1,	'Chemistry',	NULL,	'approved',	1,	1,	NULL,	NULL),
(2,	'Math',	NULL,	'approved',	1,	1,	NULL,	NULL),
(3,	'Biology',	NULL,	'approved',	1,	1,	NULL,	NULL);

DROP TABLE IF EXISTS `useractivitylogs`;
CREATE TABLE `useractivitylogs` (
  `id` int(11) NOT NULL AUTO_INCREMENT,
  `created_at` timestamp NOT NULL DEFAULT CURRENT_TIMESTAMP,
  `activity_id` int(11) NOT NULL,
  `user_id` int(11) NOT NULL,
  `points` int(11) NOT NULL,
  `accumulated_points` int(11) NOT NULL,
  `details` text COLLATE utf8mb4_unicode_ci,
  `device` varchar(500) COLLATE utf8mb4_unicode_ci DEFAULT NULL,
  `browserinformation` varchar(500) COLLATE utf8mb4_unicode_ci DEFAULT NULL,
  PRIMARY KEY (`id`),
  KEY `user_id` (`user_id`),
  CONSTRAINT `useractivitylogs_ibfk_1` FOREIGN KEY (`user_id`) REFERENCES `users` (`id`) ON DELETE CASCADE
) ENGINE=InnoDB DEFAULT CHARSET=utf8mb4 COLLATE=utf8mb4_unicode_ci;

INSERT INTO `useractivitylogs` (`id`, `created_at`, `activity_id`, `user_id`, `points`, `accumulated_points`, `details`, `device`, `browserinformation`) VALUES
(1,	'2018-11-22 15:24:45',	0,	1,	1,	1,	'login',	NULL,	NULL),
(2,	'2018-11-23 05:34:49',	0,	1,	1,	2,	'login',	NULL,	NULL),
(3,	'2018-11-23 06:02:06',	0,	1,	1,	3,	'login',	NULL,	NULL),
(4,	'2018-11-23 06:44:17',	0,	2,	1,	1,	'login',	NULL,	NULL),
(5,	'2018-11-23 06:44:37',	0,	2,	1,	2,	'login',	NULL,	NULL),
(6,	'2018-11-23 06:44:39',	0,	2,	1,	3,	'login',	NULL,	NULL),
(7,	'2018-11-23 06:50:57',	0,	1,	1,	4,	'login',	NULL,	NULL),
(8,	'2018-11-23 06:59:06',	0,	2,	1,	4,	'login',	NULL,	NULL),
(9,	'2018-11-23 06:59:24',	0,	1,	1,	5,	'login',	NULL,	NULL),
(10,	'2018-11-28 05:16:15',	0,	1,	1,	6,	'login',	NULL,	NULL),
(11,	'2018-11-28 05:33:09',	0,	1,	1,	7,	'login',	NULL,	NULL),
(12,	'2018-12-06 09:21:59',	0,	16,	1,	1,	'login',	NULL,	NULL),
(13,	'2018-12-07 13:10:03',	0,	17,	1,	1,	'login',	NULL,	NULL),
(14,	'2018-12-07 13:11:49',	0,	18,	1,	1,	'login',	NULL,	NULL),
(15,	'2018-12-07 13:13:58',	0,	19,	1,	1,	'login',	NULL,	NULL),
(16,	'2018-12-07 13:49:34',	0,	20,	1,	1,	'login',	NULL,	NULL),
(17,	'2018-12-07 13:50:52',	0,	20,	1,	2,	'login',	NULL,	NULL),
(18,	'2018-12-07 13:51:29',	0,	20,	1,	3,	'login',	NULL,	NULL),
(19,	'2018-12-07 14:19:23',	0,	1,	1,	8,	'login',	NULL,	NULL),
(20,	'2018-12-07 14:32:24',	0,	1,	1,	9,	'login',	NULL,	NULL),
(21,	'2018-12-07 17:37:10',	0,	1,	1,	10,	'login',	NULL,	NULL),
(22,	'2018-12-08 06:59:12',	0,	1,	1,	11,	'login',	NULL,	NULL),
(23,	'2018-12-10 10:11:53',	0,	1,	1,	12,	'login',	NULL,	NULL),
(24,	'2018-12-11 05:18:52',	0,	2,	1,	5,	'login',	NULL,	NULL),
(25,	'2018-12-12 06:58:26',	0,	2,	1,	6,	'login',	NULL,	NULL),
(26,	'2018-12-12 15:02:06',	0,	2,	1,	7,	'login',	NULL,	NULL),
(27,	'2018-12-13 08:00:23',	0,	2,	1,	8,	'login',	NULL,	NULL),
(28,	'2018-12-14 09:40:40',	8,	2,	1,	9,	'login',	NULL,	NULL),
(29,	'2018-12-14 09:52:54',	7,	11,	1,	1,	'login',	NULL,	NULL),
(30,	'2018-12-14 12:30:20',	8,	2,	1,	10,	'login',	NULL,	NULL),
(31,	'2018-12-17 05:18:57',	7,	1,	1,	13,	'login',	NULL,	NULL),
(32,	'2018-12-17 05:23:54',	8,	2,	1,	11,	'login',	NULL,	NULL),
(33,	'2018-12-17 05:52:24',	7,	1,	1,	14,	'login',	NULL,	NULL),
(34,	'2018-12-17 05:56:49',	9,	11,	1,	2,	'login',	NULL,	NULL),
(35,	'2018-12-17 09:30:26',	9,	11,	1,	3,	'login',	NULL,	NULL),
(36,	'2018-12-18 05:03:34',	9,	11,	1,	4,	'login',	NULL,	NULL),
(37,	'2018-12-18 08:01:25',	8,	2,	1,	12,	'login',	NULL,	NULL),
(38,	'2018-12-18 10:12:50',	9,	11,	1,	5,	'login',	NULL,	NULL),
(39,	'2018-12-18 13:16:54',	8,	2,	1,	13,	'login',	NULL,	NULL),
(40,	'2018-12-18 13:17:15',	7,	1,	1,	15,	'login',	NULL,	NULL),
(41,	'2018-12-19 05:17:54',	8,	2,	1,	14,	'login',	NULL,	NULL),
(42,	'2018-12-19 05:24:05',	8,	2,	1,	15,	'login',	NULL,	NULL),
(43,	'2018-12-19 05:24:23',	7,	1,	1,	16,	'login',	NULL,	NULL),
(44,	'2018-12-19 05:24:46',	8,	2,	1,	16,	'login',	NULL,	NULL),
(45,	'2018-12-20 06:20:28',	8,	2,	1,	17,	'login',	NULL,	NULL),
(46,	'2018-12-20 07:28:08',	8,	2,	1,	18,	'login',	NULL,	NULL),
(47,	'2018-12-20 10:55:40',	8,	2,	1,	19,	'login',	NULL,	NULL),
(48,	'2018-12-20 11:51:28',	7,	1,	1,	17,	'login',	NULL,	NULL),
(49,	'2018-12-20 11:52:01',	9,	11,	1,	6,	'login',	NULL,	NULL),
(50,	'2018-12-20 11:59:07',	8,	2,	1,	20,	'login',	NULL,	NULL),
(51,	'2018-12-20 14:06:34',	7,	1,	1,	18,	'login',	NULL,	NULL),
(52,	'2018-12-20 14:21:12',	7,	11,	1,	7,	'login',	NULL,	NULL),
(53,	'2018-12-21 05:24:56',	7,	11,	1,	8,	'login',	NULL,	NULL),
(54,	'2018-12-21 11:12:28',	8,	2,	1,	21,	'login',	NULL,	NULL),
(55,	'2018-12-21 11:13:12',	7,	11,	1,	9,	'login',	NULL,	NULL),
(56,	'2018-12-22 05:02:41',	7,	11,	1,	10,	'login',	NULL,	NULL),
(57,	'2018-12-22 10:19:58',	7,	11,	1,	11,	'login',	NULL,	NULL),
(58,	'2018-12-24 05:34:29',	7,	11,	1,	12,	'login',	NULL,	NULL);

DROP TABLE IF EXISTS `userbadges`;
CREATE TABLE `userbadges` (
  `id` int(11) NOT NULL AUTO_INCREMENT,
  `user_id` int(11) NOT NULL,
  `badge_id` int(11) NOT NULL,
  `dateacquired` timestamp NOT NULL DEFAULT CURRENT_TIMESTAMP,
  PRIMARY KEY (`id`),
  KEY `user_id` (`user_id`),
  CONSTRAINT `userbadges_ibfk_1` FOREIGN KEY (`user_id`) REFERENCES `users` (`id`) ON DELETE CASCADE
) ENGINE=InnoDB DEFAULT CHARSET=utf8mb4 COLLATE=utf8mb4_unicode_ci;

INSERT INTO `userbadges` (`id`, `user_id`, `badge_id`, `dateacquired`) VALUES
(1,	1,	24,	'2018-11-22 15:24:47'),
(2,	2,	24,	'2018-11-23 06:44:18'),
(3,	16,	24,	'2018-12-06 09:22:00'),
(4,	17,	24,	'2018-12-07 13:10:05'),
(5,	18,	24,	'2018-12-07 13:11:51'),
(6,	19,	24,	'2018-12-07 13:13:59'),
(7,	20,	24,	'2018-12-07 13:49:35'),
(8,	1,	18,	'2018-12-07 14:19:24'),
(9,	1,	2,	'2018-12-08 06:59:13'),
(10,	1,	29,	'2018-12-10 10:11:56'),
(11,	2,	18,	'2018-12-13 08:00:25'),
(12,	11,	24,	'2018-12-14 09:52:54'),
(13,	2,	2,	'2018-12-17 05:23:54'),
(14,	2,	29,	'2018-12-18 08:01:25'),
(15,	11,	18,	'2018-12-21 05:24:56'),
(16,	11,	2,	'2018-12-22 10:19:58'),
(17,	11,	29,	'2018-12-24 05:34:29');

DROP TABLE IF EXISTS `userexamanswers`;
CREATE TABLE `userexamanswers` (
  `id` int(11) NOT NULL AUTO_INCREMENT,
  `answerdate` timestamp NOT NULL DEFAULT CURRENT_TIMESTAMP,
  `user_id` int(11) NOT NULL,
  `exam_id` int(11) NOT NULL,
  `class_id` int(11) NOT NULL,
  `classexam_id` int(11) NOT NULL,
  `attempt_number` int(11) NOT NULL DEFAULT '0',
  `question_id` int(11) NOT NULL,
  `answer_id` int(11) NOT NULL,
  `timespent` int(11) NOT NULL,
  `iscorrect` int(11) NOT NULL,
  `match_uid` int(11) NOT NULL,
  `match_datetime` timestamp NOT NULL DEFAULT '0000-00-00 00:00:00',
  `teachermark` int(11) NOT NULL,
  `pointsgained` int(11) DEFAULT NULL,
  `gameid` int(11) DEFAULT NULL,
  `user_agent` text COLLATE utf8mb4_unicode_ci,
  PRIMARY KEY (`id`),
  KEY `user_id` (`user_id`,`exam_id`),
  KEY `exam_id` (`exam_id`),
  CONSTRAINT `userexamanswers_ibfk_1` FOREIGN KEY (`exam_id`) REFERENCES `exams` (`id`),
  CONSTRAINT `userexamanswers_ibfk_2` FOREIGN KEY (`user_id`) REFERENCES `users` (`id`) ON DELETE CASCADE
) ENGINE=InnoDB DEFAULT CHARSET=utf8mb4 COLLATE=utf8mb4_unicode_ci;

INSERT INTO `userexamanswers` (`id`, `answerdate`, `user_id`, `exam_id`, `class_id`, `classexam_id`, `attempt_number`, `question_id`, `answer_id`, `timespent`, `iscorrect`, `match_uid`, `match_datetime`, `teachermark`, `pointsgained`, `gameid`, `user_agent`) VALUES
(1,	'1990-08-01 18:30:00',	11,	3,	11,	3,	1,	5,	1,	0,	0,	0,	'0000-00-00 00:00:00',	0,	NULL,	NULL,	NULL),
(2,	'1994-08-23 18:30:00',	11,	2,	11,	2,	1,	12,	5,	0,	1,	0,	'0000-00-00 00:00:00',	0,	NULL,	NULL,	NULL),
(3,	'2009-09-29 18:30:00',	11,	3,	11,	2,	2,	5,	1,	0,	0,	0,	'0000-00-00 00:00:00',	0,	NULL,	NULL,	NULL),
(4,	'2017-07-10 18:30:00',	11,	1,	11,	3,	0,	9,	4,	0,	0,	0,	'0000-00-00 00:00:00',	0,	NULL,	NULL,	NULL),
(5,	'1993-06-17 18:30:00',	11,	2,	11,	1,	2,	5,	3,	0,	0,	0,	'0000-00-00 00:00:00',	0,	NULL,	NULL,	NULL),
(6,	'1998-04-14 18:30:00',	11,	2,	11,	2,	1,	13,	9,	0,	0,	0,	'0000-00-00 00:00:00',	0,	NULL,	NULL,	NULL),
(7,	'1978-02-13 18:30:00',	11,	3,	11,	3,	1,	3,	7,	0,	0,	0,	'0000-00-00 00:00:00',	0,	NULL,	NULL,	NULL),
(8,	'1996-06-19 18:30:00',	11,	2,	11,	1,	2,	20,	9,	0,	0,	0,	'0000-00-00 00:00:00',	0,	NULL,	NULL,	NULL),
(9,	'1997-10-26 18:30:00',	11,	2,	11,	1,	2,	20,	9,	0,	0,	0,	'0000-00-00 00:00:00',	0,	NULL,	NULL,	NULL),
(10,	'1980-10-16 18:30:00',	11,	2,	11,	3,	2,	20,	1,	0,	0,	0,	'0000-00-00 00:00:00',	0,	NULL,	NULL,	NULL),
(11,	'1994-11-19 18:30:00',	11,	2,	11,	2,	2,	11,	4,	0,	0,	0,	'0000-00-00 00:00:00',	0,	NULL,	NULL,	NULL),
(12,	'1976-01-14 18:30:00',	12,	3,	11,	2,	1,	5,	10,	0,	1,	0,	'0000-00-00 00:00:00',	0,	NULL,	NULL,	NULL),
(13,	'1996-07-25 18:30:00',	12,	2,	11,	1,	1,	9,	3,	0,	1,	0,	'0000-00-00 00:00:00',	0,	NULL,	NULL,	NULL),
(14,	'2001-02-08 18:30:00',	12,	1,	11,	2,	1,	2,	9,	0,	1,	0,	'0000-00-00 00:00:00',	0,	NULL,	NULL,	NULL),
(15,	'1998-01-13 18:30:00',	12,	1,	11,	3,	0,	7,	7,	0,	0,	0,	'0000-00-00 00:00:00',	0,	NULL,	NULL,	NULL),
(16,	'2005-01-03 18:30:00',	12,	2,	11,	3,	2,	2,	5,	0,	1,	0,	'0000-00-00 00:00:00',	0,	NULL,	NULL,	NULL),
(17,	'2018-05-08 18:30:00',	12,	1,	11,	2,	1,	8,	10,	0,	1,	0,	'0000-00-00 00:00:00',	0,	NULL,	NULL,	NULL),
(18,	'1998-07-02 18:30:00',	12,	2,	11,	2,	0,	20,	5,	0,	1,	0,	'0000-00-00 00:00:00',	0,	NULL,	NULL,	NULL),
(19,	'2008-01-04 18:30:00',	12,	2,	11,	1,	2,	16,	1,	0,	1,	0,	'0000-00-00 00:00:00',	0,	NULL,	NULL,	NULL),
(20,	'2005-09-19 18:30:00',	12,	2,	11,	3,	0,	18,	8,	0,	1,	0,	'0000-00-00 00:00:00',	0,	NULL,	NULL,	NULL);

DROP TABLE IF EXISTS `userexamscores`;
CREATE TABLE `userexamscores` (
  `id` int(11) NOT NULL AUTO_INCREMENT,
  `user_id` int(11) NOT NULL,
  `exam_id` int(11) NOT NULL DEFAULT '0',
  `classexam_id` int(11) NOT NULL DEFAULT '0',
  `game_id` int(11) NOT NULL DEFAULT '0',
  `match_uid` int(11) DEFAULT NULL,
  `score` int(11) NOT NULL,
  `totaltimespent` int(11) NOT NULL,
  `created_at` timestamp NOT NULL DEFAULT CURRENT_TIMESTAMP,
  `skill_id` int(11) DEFAULT NULL,
  PRIMARY KEY (`id`),
  KEY `game_id` (`game_id`),
  KEY `userexamscores_ibfk_2` (`user_id`),
  CONSTRAINT `userexamscores_ibfk_2` FOREIGN KEY (`user_id`) REFERENCES `users` (`id`) ON DELETE CASCADE
) ENGINE=InnoDB DEFAULT CHARSET=utf8mb4 COLLATE=utf8mb4_unicode_ci;

INSERT INTO `userexamscores` (`id`, `user_id`, `exam_id`, `classexam_id`, `game_id`, `match_uid`, `score`, `totaltimespent`, `created_at`, `skill_id`) VALUES
(1,	11,	1,	1,	0,	NULL,	35,	20,	'2018-12-13 09:50:32',	1),
(2,	12,	1,	1,	0,	NULL,	25,	20,	'2018-12-13 09:50:32',	1),
(3,	13,	1,	1,	0,	NULL,	45,	20,	'2018-12-13 09:50:32',	1),
(4,	11,	2,	2,	0,	NULL,	50,	20,	'2018-12-13 09:50:32',	1),
(5,	12,	2,	2,	0,	NULL,	40,	20,	'2018-12-13 09:50:32',	1),
(6,	13,	2,	2,	0,	NULL,	45,	20,	'2018-12-13 09:50:32',	1),
(7,	11,	3,	3,	0,	NULL,	18,	20,	'2018-12-13 09:50:32',	1),
(8,	12,	3,	3,	0,	NULL,	37,	20,	'2018-12-13 09:50:32',	1),
(9,	13,	3,	3,	0,	NULL,	23,	20,	'2018-12-13 09:50:32',	1),
(10,	14,	4,	4,	0,	NULL,	5,	20,	'2018-12-13 09:50:32',	1),
(11,	15,	4,	4,	0,	NULL,	35,	20,	'2018-12-13 09:50:32',	1),
(12,	16,	4,	4,	0,	NULL,	15,	20,	'2018-12-13 09:50:32',	1),
(13,	14,	5,	5,	0,	NULL,	20,	20,	'2018-12-13 09:50:32',	1),
(14,	15,	5,	5,	0,	NULL,	10,	20,	'2018-12-13 09:50:32',	1),
(15,	16,	5,	5,	0,	NULL,	22,	20,	'2018-12-13 09:50:32',	1),
(16,	14,	6,	6,	0,	NULL,	48,	20,	'2018-12-13 09:50:32',	1),
(17,	15,	6,	6,	0,	NULL,	17,	20,	'2018-12-13 09:50:32',	1),
(18,	16,	6,	6,	0,	NULL,	33,	20,	'2018-12-13 09:50:32',	1),
(25,	17,	7,	7,	0,	NULL,	3,	20,	'2018-12-13 09:50:32',	1),
(26,	18,	7,	7,	0,	NULL,	50,	20,	'2018-12-13 09:50:32',	1),
(27,	19,	7,	7,	0,	NULL,	36,	20,	'2018-12-13 09:50:32',	1),
(28,	17,	8,	8,	0,	NULL,	18,	20,	'2018-12-13 09:50:32',	1),
(29,	18,	8,	8,	0,	NULL,	35,	20,	'2018-12-13 09:50:32',	1),
(30,	19,	8,	8,	0,	NULL,	44,	20,	'2018-12-13 09:50:32',	1),
(31,	17,	9,	9,	0,	NULL,	28,	20,	'2018-12-13 09:50:32',	1),
(32,	18,	9,	9,	0,	NULL,	7,	20,	'2018-12-13 09:50:32',	1),
(33,	19,	9,	9,	0,	NULL,	43,	20,	'2018-12-13 09:50:32',	1),
(34,	20,	10,	10,	0,	NULL,	50,	20,	'2018-12-13 09:50:32',	1),
(35,	21,	10,	10,	0,	NULL,	15,	20,	'2018-12-13 09:50:32',	1),
(36,	22,	10,	10,	0,	NULL,	35,	20,	'2018-12-13 09:50:32',	1),
(37,	20,	11,	11,	0,	NULL,	40,	20,	'2018-12-13 09:50:32',	1),
(38,	21,	11,	11,	0,	NULL,	50,	20,	'2018-12-13 09:50:32',	1),
(39,	22,	11,	11,	0,	NULL,	42,	20,	'2018-12-13 09:50:32',	1),
(40,	20,	12,	12,	0,	NULL,	48,	20,	'2018-12-13 09:50:32',	1),
(41,	21,	12,	12,	0,	NULL,	47,	20,	'2018-12-13 09:50:32',	1),
(42,	22,	12,	12,	0,	NULL,	13,	20,	'2018-12-13 09:50:32',	1);

DROP TABLE IF EXISTS `userinterests`;
CREATE TABLE `userinterests` (
  `id` int(11) NOT NULL AUTO_INCREMENT,
  `discipline_id` int(11) DEFAULT NULL,
  `user_id` int(11) NOT NULL,
  `language_id` int(11) DEFAULT NULL,
  `grade_id` int(11) DEFAULT NULL,
  `topic_id` int(11) DEFAULT NULL,
  `exercise_type` int(11) NOT NULL DEFAULT '0',
  `created_at` timestamp NOT NULL DEFAULT CURRENT_TIMESTAMP,
  PRIMARY KEY (`id`),
  KEY `user_interest` (`user_id`),
  CONSTRAINT `userinterests_ibfk_1` FOREIGN KEY (`user_id`) REFERENCES `users` (`id`) ON DELETE CASCADE
) ENGINE=InnoDB DEFAULT CHARSET=utf8mb4 COLLATE=utf8mb4_unicode_ci;

INSERT INTO `userinterests` (`id`, `discipline_id`, `user_id`, `language_id`, `grade_id`, `topic_id`, `exercise_type`, `created_at`) VALUES
(1,	NULL,	16,	NULL,	NULL,	1,	0,	'2018-12-06 09:21:55'),
(2,	NULL,	16,	NULL,	NULL,	2,	0,	'2018-12-06 09:21:55');

DROP TABLE IF EXISTS `usernotifications`;
CREATE TABLE `usernotifications` (
  `id` int(11) NOT NULL AUTO_INCREMENT,
  `receiver_userid` int(11) NOT NULL,
  `sender_userid` int(11) NOT NULL,
  `notification` text COLLATE utf8mb4_unicode_ci NOT NULL,
  `action_id` int(11) DEFAULT NULL,
  `created_at` timestamp NULL DEFAULT NULL,
  `updated_at` timestamp NULL DEFAULT NULL,
  `status` enum('Y','N','') COLLATE utf8mb4_unicode_ci DEFAULT NULL,
  PRIMARY KEY (`id`),
  KEY `receiver_userid` (`sender_userid`)
) ENGINE=InnoDB DEFAULT CHARSET=utf8mb4 COLLATE=utf8mb4_unicode_ci;


DROP TABLE IF EXISTS `users`;
CREATE TABLE `users` (
  `id` int(11) NOT NULL AUTO_INCREMENT,
  `name` varchar(250) COLLATE utf8mb4_unicode_ci NOT NULL,
  `email` varchar(50) COLLATE utf8mb4_unicode_ci NOT NULL,
  `provider` varchar(500) COLLATE utf8mb4_unicode_ci DEFAULT NULL,
  `provider_id` varchar(500) COLLATE utf8mb4_unicode_ci DEFAULT NULL,
  `mobile` varchar(50) COLLATE utf8mb4_unicode_ci DEFAULT NULL,
  `devicetype` varchar(250) COLLATE utf8mb4_unicode_ci DEFAULT NULL,
  `gender` enum('M','F','') COLLATE utf8mb4_unicode_ci DEFAULT NULL,
  `totalpoints` int(11) NOT NULL DEFAULT '0',
  `aboutme` varchar(500) COLLATE utf8mb4_unicode_ci DEFAULT NULL,
  `password` varchar(1000) COLLATE utf8mb4_unicode_ci DEFAULT NULL,
  `user_image` varchar(250) COLLATE utf8mb4_unicode_ci DEFAULT NULL,
  `isactive` tinyint(1) NOT NULL DEFAULT '1',
  `lastloggedon` timestamp NOT NULL DEFAULT CURRENT_TIMESTAMP ON UPDATE CURRENT_TIMESTAMP,
  `registeredon` timestamp NOT NULL DEFAULT CURRENT_TIMESTAMP,
  `isverified` tinyint(1) NOT NULL DEFAULT '1',
  `role_type_id` int(11) DEFAULT NULL,
  `grade_id` int(11) DEFAULT NULL,
  `school_id` int(11) DEFAULT NULL,
  `parent_id` int(11) DEFAULT NULL,
  `country_id` int(11) DEFAULT NULL,
  `uilanguage_id` int(11) DEFAULT NULL,
  `dob` date DEFAULT NULL,
  `phone` varchar(50) COLLATE utf8mb4_unicode_ci DEFAULT NULL,
  `parentmail` varchar(250) COLLATE utf8mb4_unicode_ci DEFAULT NULL,
  `isapproved_byparent` tinyint(1) NOT NULL DEFAULT '1',
  `confirmation_code` varchar(250) COLLATE utf8mb4_unicode_ci DEFAULT NULL,
  `isintroinfo_displayed` tinyint(1) NOT NULL DEFAULT '0',
  `passwordtoken` varchar(500) COLLATE utf8mb4_unicode_ci DEFAULT NULL,
  `registeredby` enum('email','facebook','google','API','registeredby') COLLATE utf8mb4_unicode_ci NOT NULL DEFAULT 'email',
  `remember_token` varchar(100) COLLATE utf8mb4_unicode_ci DEFAULT NULL,
  `api_token` varchar(60) COLLATE utf8mb4_unicode_ci DEFAULT NULL,
  `created_at` timestamp NULL DEFAULT NULL,
  `updated_at` timestamp NULL DEFAULT NULL,
  `native_language` varchar(250) COLLATE utf8mb4_unicode_ci NOT NULL,
  `linkedin_url` varchar(250) COLLATE utf8mb4_unicode_ci NOT NULL,
  `city` varchar(250) COLLATE utf8mb4_unicode_ci NOT NULL,
  `state` varchar(250) COLLATE utf8mb4_unicode_ci NOT NULL,
  PRIMARY KEY (`id`),
  UNIQUE KEY `email` (`email`),
  UNIQUE KEY `users_api_token_unique` (`api_token`),
  KEY `school` (`school_id`)
) ENGINE=InnoDB DEFAULT CHARSET=utf8mb4 COLLATE=utf8mb4_unicode_ci;

INSERT INTO `users` (`id`, `name`, `email`, `provider`, `provider_id`, `mobile`, `devicetype`, `gender`, `totalpoints`, `aboutme`, `password`, `user_image`, `isactive`, `lastloggedon`, `registeredon`, `isverified`, `role_type_id`, `grade_id`, `school_id`, `parent_id`, `country_id`, `uilanguage_id`, `dob`, `phone`, `parentmail`, `isapproved_byparent`, `confirmation_code`, `isintroinfo_displayed`, `passwordtoken`, `registeredby`, `remember_token`, `api_token`, `created_at`, `updated_at`, `native_language`, `linkedin_url`, `city`, `state`) VALUES
(1,	'Learner1',	'learner1@test.com',	NULL,	NULL,	'81-87-3366225',	NULL,	'',	0,	'Demo discreption',	'$2y$10$dpd2EfIneqcOVGjT00u6N.fENvTqb.YKcnvFVH6fby9.2Bfr7Sa/e',	'default.jpg',	1,	'2018-12-20 14:21:03',	'2018-11-22 15:15:40',	1,	NULL,	1,	NULL,	NULL,	1,	2,	NULL,	NULL,	NULL,	1,	NULL,	0,	NULL,	'email',	'8sV2NcfqaAKeBfYSBMKA642rOFda5JNb4nJHGHW9JtZ2VRYdu7n1svAL2ye1',	NULL,	NULL,	'2018-11-23 01:15:05',	'English',	'https://in.linkedin.com/',	'Ahmedabad',	'Gujrat'),
(2,	'Teacher1',	'teacher1@test.com',	NULL,	NULL,	'789789789',	NULL,	'',	0,	'demo discription',	'$2y$10$dpd2EfIneqcOVGjT00u6N.fENvTqb.YKcnvFVH6fby9.2Bfr7Sa/e',	NULL,	1,	'2018-12-21 11:12:56',	'2018-11-22 15:15:40',	1,	NULL,	1,	NULL,	NULL,	1,	1,	NULL,	NULL,	NULL,	1,	NULL,	0,	NULL,	'email',	'hJ5o8JLhjL2uJzLkGflPhXug4ZODJwezFuqNdxjMVTe7P8COFjzJa2uTJr39',	NULL,	NULL,	'2018-11-23 01:16:12',	'English',	'https://appcluesstudio.in',	'abad',	'Gujrat'),
(3,	'Parent1',	'omar@test.com',	NULL,	NULL,	NULL,	NULL,	NULL,	0,	NULL,	'$2y$10$A0tEsIshF6xgWdbe815qeOo2RrMK7eGPMVeFiZY9gL2zZ37fZ7zbe',	NULL,	1,	'2018-11-22 15:15:40',	'2018-11-22 15:15:40',	1,	NULL,	NULL,	NULL,	NULL,	NULL,	NULL,	NULL,	NULL,	NULL,	1,	NULL,	0,	NULL,	'email',	'ALbEYd1bdh',	NULL,	NULL,	NULL,	'',	'',	'',	''),
(4,	'Admin',	'admin@eduplaycloud.com',	NULL,	NULL,	NULL,	NULL,	NULL,	0,	NULL,	'$2y$10$gsNch.z5Gs6zK5e9Av3ViuCU/zvWUNBymhMTlpHqgrMdX2yhx9N.e',	NULL,	1,	'2018-11-22 15:15:40',	'2018-11-22 15:15:40',	1,	NULL,	NULL,	NULL,	NULL,	NULL,	NULL,	NULL,	NULL,	NULL,	1,	NULL,	0,	NULL,	'email',	'KbyglWL5sr',	NULL,	NULL,	NULL,	'',	'',	'',	''),
(5,	'Eve Bergnaum',	'gaylord.parker@example.org',	NULL,	NULL,	'0502614583',	NULL,	'M',	0,	NULL,	'$2y$10$TKh8H1.PfQx37YgCzwiKb.KjNyWgaHb9cbcoQgdIVFlYg7B77UdFm',	'https://lorempixel.com/640/480/?75879',	1,	'2018-11-22 15:15:40',	'2018-11-22 15:15:40',	1,	NULL,	NULL,	NULL,	NULL,	1,	NULL,	NULL,	NULL,	NULL,	1,	NULL,	0,	NULL,	'email',	'uZ9QySU2Ff',	NULL,	'2018-11-22 09:45:40',	'2018-11-22 09:45:40',	'',	'',	'',	''),
(6,	'Riley O\'Keefe IV',	'wgrimes@example.org',	NULL,	NULL,	'0506281534',	NULL,	'M',	0,	NULL,	'$2y$10$TKh8H1.PfQx37YgCzwiKb.KjNyWgaHb9cbcoQgdIVFlYg7B77UdFm',	'https://lorempixel.com/640/480/?23685',	1,	'2018-11-22 15:15:41',	'2018-11-22 15:15:41',	1,	NULL,	NULL,	NULL,	NULL,	2,	NULL,	NULL,	NULL,	NULL,	1,	NULL,	0,	NULL,	'email',	'3oSEpli754',	NULL,	'2018-11-22 09:45:41',	'2018-11-22 09:45:41',	'',	'',	'',	''),
(7,	'Mr. Jack Brakus',	'cmraz@example.org',	NULL,	NULL,	'0505382164',	NULL,	'M',	0,	NULL,	'$2y$10$TKh8H1.PfQx37YgCzwiKb.KjNyWgaHb9cbcoQgdIVFlYg7B77UdFm',	'https://lorempixel.com/640/480/?61921',	1,	'2018-11-22 15:15:41',	'2018-11-22 15:15:41',	1,	NULL,	NULL,	NULL,	NULL,	1,	NULL,	NULL,	NULL,	NULL,	1,	NULL,	0,	NULL,	'email',	'I27D889unN',	NULL,	'2018-11-22 09:45:41',	'2018-11-22 09:45:41',	'',	'',	'',	''),
(8,	'Prof. Naomi Schulist',	'gibson.ernest@example.com',	NULL,	NULL,	'0501426538',	NULL,	'M',	0,	NULL,	'$2y$10$TKh8H1.PfQx37YgCzwiKb.KjNyWgaHb9cbcoQgdIVFlYg7B77UdFm',	'https://lorempixel.com/640/480/?33954',	1,	'2018-11-22 15:15:42',	'2018-11-22 15:15:42',	1,	NULL,	NULL,	NULL,	NULL,	2,	NULL,	NULL,	NULL,	NULL,	1,	NULL,	0,	NULL,	'email',	'Hg7nwTM010',	NULL,	'2018-11-22 09:45:42',	'2018-11-22 09:45:42',	'',	'',	'',	''),
(9,	'Adeline Wiza',	'ftromp@example.com',	NULL,	NULL,	'0504386125',	NULL,	'M',	0,	NULL,	'$2y$10$TKh8H1.PfQx37YgCzwiKb.KjNyWgaHb9cbcoQgdIVFlYg7B77UdFm',	'https://lorempixel.com/640/480/?59594',	1,	'2018-11-22 15:15:42',	'2018-11-22 15:15:42',	1,	NULL,	NULL,	NULL,	NULL,	2,	NULL,	NULL,	NULL,	NULL,	1,	NULL,	0,	NULL,	'email',	'X8q8lIGPHz',	NULL,	'2018-11-22 09:45:42',	'2018-11-22 09:45:42',	'',	'',	'',	''),
(10,	'Ms. Virginia Shanahan',	'csmith@example.com',	NULL,	NULL,	'0506142583',	NULL,	'M',	0,	NULL,	'$2y$10$TKh8H1.PfQx37YgCzwiKb.KjNyWgaHb9cbcoQgdIVFlYg7B77UdFm',	'https://lorempixel.com/640/480/?56221',	1,	'2018-12-17 12:32:56',	'2018-11-22 15:15:43',	1,	NULL,	NULL,	NULL,	NULL,	1,	NULL,	NULL,	NULL,	NULL,	1,	NULL,	0,	NULL,	'email',	'52Vu3nU37M',	NULL,	'2018-11-22 09:45:42',	'2018-11-22 09:45:42',	'',	'',	'',	''),
(11,	'Brigitte Ledner',	'heloise.kerluke@example.com',	NULL,	NULL,	'0503251846',	NULL,	'',	0,	NULL,	'$2y$10$dpd2EfIneqcOVGjT00u6N.fENvTqb.YKcnvFVH6fby9.2Bfr7Sa/e',	'https://lorempixel.com/640/480/?45470',	1,	'2018-12-22 10:20:05',	'2018-11-22 15:15:43',	1,	NULL,	NULL,	NULL,	NULL,	1,	NULL,	NULL,	NULL,	NULL,	1,	NULL,	0,	NULL,	'email',	'WnMGr7LSDyesC2I0reTNoFZh2ssjPUUidRkkijjJ2trFIMmZiWlEfvxdDBLj',	NULL,	'2018-11-22 09:45:43',	'2018-12-22 04:50:05',	'',	'',	'',	'State'),
(12,	'Brittany Franecki',	'percy.kutch@example.com',	NULL,	NULL,	'0506213584',	NULL,	'M',	0,	NULL,	'$2y$10$TKh8H1.PfQx37YgCzwiKb.KjNyWgaHb9cbcoQgdIVFlYg7B77UdFm',	'https://lorempixel.com/640/480/?93052',	1,	'2018-12-17 13:41:05',	'2018-11-22 15:15:44',	1,	NULL,	NULL,	NULL,	11,	1,	NULL,	NULL,	NULL,	NULL,	1,	NULL,	0,	NULL,	'email',	'sJBh0tr6RG',	NULL,	'2018-11-22 09:45:43',	'2018-11-22 09:45:43',	'',	'',	'',	''),
(13,	'Brennon Hilpert',	'jewel.glover@example.com',	NULL,	NULL,	'0508653142',	NULL,	'M',	0,	NULL,	'$2y$10$TKh8H1.PfQx37YgCzwiKb.KjNyWgaHb9cbcoQgdIVFlYg7B77UdFm',	'https://lorempixel.com/640/480/?27011',	1,	'2018-12-17 13:41:05',	'2018-11-22 15:15:44',	1,	NULL,	NULL,	NULL,	11,	2,	NULL,	NULL,	NULL,	NULL,	1,	NULL,	0,	NULL,	'email',	'QixWAqnRCm',	NULL,	'2018-11-22 09:45:44',	'2018-11-22 09:45:44',	'',	'',	'',	''),
(14,	'Cordia Lindgren',	'della.barton@example.org',	NULL,	NULL,	'0502168453',	NULL,	'M',	0,	NULL,	'$2y$10$TKh8H1.PfQx37YgCzwiKb.KjNyWgaHb9cbcoQgdIVFlYg7B77UdFm',	'https://lorempixel.com/640/480/?10435',	1,	'2018-12-17 13:40:51',	'2018-11-22 15:15:45',	1,	NULL,	NULL,	NULL,	NULL,	2,	NULL,	NULL,	NULL,	NULL,	1,	NULL,	0,	NULL,	'email',	'KL9e6DSs3D',	NULL,	'2018-11-22 09:45:44',	'2018-11-22 09:45:44',	'',	'',	'',	''),
(15,	'Ila Hester',	'wezizajur@mailinator.com',	NULL,	NULL,	NULL,	NULL,	'M',	0,	NULL,	'$2y$10$2g2GeW.XG/LqUWeK3xurseTuLHAKyiHICF0lgX8AmvTecD02qs10a',	NULL,	1,	'2018-12-17 13:40:51',	'2018-11-23 06:12:23',	1,	NULL,	NULL,	0,	NULL,	NULL,	NULL,	'1970-01-01',	NULL,	'learner1@test.com',	1,	NULL,	0,	NULL,	'email',	'oEKkvATYfh4DSNbYP1TFeN0kjFYWxAgZbqxr7XK8aK7d8hzDyERdjHO4Cyok',	NULL,	'2018-11-23 00:42:23',	'2018-11-23 00:42:23',	'',	'',	'',	''),
(16,	'Frances Mcdowell',	'raqac@mailinator.com',	NULL,	NULL,	NULL,	NULL,	NULL,	0,	NULL,	'$2y$10$cOIJcVnwkUtCyfbqSvy2jOlq68G8HrH8yC36op8PqFQV.G5EuQ3/e',	NULL,	1,	'2018-12-06 09:22:01',	'2018-12-06 09:21:53',	1,	NULL,	NULL,	NULL,	NULL,	NULL,	NULL,	'2018-11-29',	NULL,	'rebytofyjy@mailinator.com',	0,	'0XoaScH4u3tSZFC1fGBrOYfxsQ20uOMOY4aRfPfu8N8USKiW0LwP52Lw4mplPp1QD6B3brmzn5fMaBFXiJgPmBWKnPbDpKs13jZj',	0,	NULL,	'email',	'BTYPh76DBBxXWSMaY6F2IENfJukHDgTmERz5wTcPNUJuRqx1CVEtm7JIgIoO',	NULL,	'2018-12-06 03:51:53',	'2018-12-06 03:51:56',	'',	'',	'',	''),
(17,	'Quinlan York',	'lyxuhalefy@mailinator.com',	NULL,	NULL,	NULL,	NULL,	NULL,	0,	NULL,	'$2y$10$jW7g.uXeDEMkSJarxJtP6OZT5i4cGcuvr4coFLKSc9LZCjbMPQnOG',	NULL,	1,	'2018-12-07 13:10:40',	'2018-12-07 13:09:42',	1,	NULL,	NULL,	NULL,	NULL,	NULL,	NULL,	'2000-12-06',	NULL,	NULL,	1,	NULL,	0,	NULL,	'email',	'hkNgdxMW8tSB0C2P2dTmTYeF9oRqchluW1E8G2kgXqxgBC39W7RqMd7H7jvL',	NULL,	'2018-12-07 07:39:40',	'2018-12-07 07:39:45',	'',	'',	'',	''),
(18,	'Judah Figueroa',	'metiw@mailinator.com',	NULL,	NULL,	NULL,	NULL,	NULL,	0,	NULL,	'$2y$10$RX4jngf7u1pdlRMcV.fPnOlN8O1OurrPhD.INvJDNYN9JOGL0FLUe',	NULL,	1,	'2018-12-07 13:12:27',	'2018-12-07 13:11:14',	1,	NULL,	NULL,	NULL,	NULL,	NULL,	NULL,	'1970-01-01',	NULL,	'rejoloryma@mailinator.com',	1,	NULL,	0,	NULL,	'email',	'pusmKlAJGqpDpUB3f44UvJABnpoXYtKzpJRIjHXotiFRmHUjThJR2KCLvZD4',	NULL,	'2018-12-07 07:41:12',	'2018-12-07 07:41:16',	'',	'',	'',	''),
(19,	'Lunea Mcmahon',	'cocanyr@mailinator.com',	NULL,	NULL,	NULL,	NULL,	NULL,	0,	NULL,	'$2y$10$TXR7HZUPErN8aRKnOtHcLuIj5iMhduCyhmsOsI78U1K2h7Y9hiIFm',	NULL,	1,	'2018-12-07 13:48:33',	'2018-12-07 13:13:02',	1,	NULL,	NULL,	NULL,	NULL,	NULL,	NULL,	'1970-01-01',	NULL,	'kudec@mailinator.com',	1,	NULL,	0,	NULL,	'email',	'wkx8xNp7UElY2ybls8PU4Rwik9gfKjHbE7evKPnz318QAgbQcILy3kSW8hKL',	NULL,	'2018-12-07 07:43:00',	'2018-12-07 07:43:04',	'',	'',	'',	''),
(20,	'Dennis Battle',	'xydof@mailinator.com',	NULL,	NULL,	NULL,	NULL,	NULL,	0,	NULL,	'$2y$10$AiwjzQYLrZc.2mjMiZE8YugE0CHEFVFPVusvpNAJgJo1EqkDAOPYW',	NULL,	1,	'2018-12-17 12:34:05',	'2018-12-07 13:49:04',	1,	NULL,	NULL,	NULL,	NULL,	NULL,	NULL,	'2018-12-05',	NULL,	'minuniwu@mailinator.com',	0,	'oNUKdRGAWd7p6tgn1br4TXcxEQ0xiPuFl2CCYUQR0GPhwqKZVFj1ms5I7laodC7TMDyf1EfP6QpLNa5hCZwAtOGugLxM82ECIFtD',	0,	NULL,	'email',	'nHTYd5TjLKBrvWasY3LkpCiHyP5oNCcHD25cBRFcPXqKh1waUQUX6r3p1Id2',	NULL,	'2018-12-07 08:19:02',	'2018-12-07 08:19:08',	'',	'',	'',	''),
(21,	'Ismail Ouaydah',	'ismail.ouaydah@gmail.com',	NULL,	NULL,	NULL,	NULL,	NULL,	0,	NULL,	'$2y$10$wUwJKoJ7VAkkayXkXlKuROTj2Bk1TdE/S0djUm.CYXXy.91aiJ9nC',	NULL,	1,	'2018-12-07 17:34:26',	'2018-12-07 17:34:24',	1,	NULL,	NULL,	NULL,	NULL,	NULL,	NULL,	'1971-07-25',	NULL,	NULL,	1,	NULL,	0,	NULL,	'email',	'wbsuSpkrOgxl6CBSnK5dAIyd_MQnBVxPQNGBrexqN4BHaN3JuLfXj0p49k6L',	NULL,	'2018-12-07 12:04:22',	'2018-12-07 12:04:26',	'',	'',	'',	''),
(22,	'Sam',	'sam@mailinator.com',	NULL,	NULL,	NULL,	NULL,	NULL,	0,	NULL,	'$2y$10$wUwJKoJ7VAkkayXkXlKuROTj2Bk1TdE/S0djUm.CYXXy.91aiJ9nC',	NULL,	1,	'2018-12-13 10:36:05',	'2018-12-07 17:34:24',	1,	NULL,	NULL,	NULL,	NULL,	NULL,	NULL,	'1971-07-25',	NULL,	NULL,	1,	NULL,	0,	NULL,	'email',	'wbsuSpkrOgxl6CBSnK5dAIyd_MQnBVxPQNGBrexqN4BHaN3JuLfXj0p49k6L',	NULL,	'2018-12-07 12:04:22',	'2018-12-07 12:04:26',	'',	'',	'',	'');

DROP TABLE IF EXISTS `userskillmasterylevels`;
CREATE TABLE `userskillmasterylevels` (
  `id` int(11) NOT NULL AUTO_INCREMENT,
  `user_id` int(11) NOT NULL,
  `skill_id` int(11) NOT NULL,
  `classexam_id` int(11) NOT NULL,
  `score` int(11) NOT NULL,
  `masteryLevel` int(11) NOT NULL,
  `created_at` timestamp NULL DEFAULT NULL,
  `updated_at` timestamp NULL DEFAULT NULL,
  PRIMARY KEY (`id`),
  KEY `user_id` (`user_id`,`skill_id`)
) ENGINE=InnoDB DEFAULT CHARSET=utf8mb4 COLLATE=utf8mb4_unicode_ci;

INSERT INTO `userskillmasterylevels` (`id`, `user_id`, `skill_id`, `classexam_id`, `score`, `masteryLevel`, `created_at`, `updated_at`) VALUES
(1,	11,	12,	1,	44,	5,	'2018-12-21 00:33:49',	'2018-12-21 00:33:49'),
(2,	11,	9,	2,	29,	2,	'2018-12-21 00:33:50',	'2018-12-21 00:33:50'),
(3,	11,	19,	3,	1,	5,	'2018-12-21 00:33:50',	'2018-12-21 00:33:50'),
(4,	11,	4,	1,	42,	3,	'2018-12-21 00:33:50',	'2018-12-21 00:33:50'),
(5,	11,	17,	2,	27,	5,	'2018-12-21 00:33:50',	'2018-12-21 00:33:50'),
(6,	11,	12,	1,	40,	1,	'2018-12-21 00:33:50',	'2018-12-21 00:33:50'),
(7,	11,	5,	3,	9,	1,	'2018-12-21 00:33:50',	'2018-12-21 00:33:50'),
(8,	11,	16,	2,	4,	4,	'2018-12-21 00:33:50',	'2018-12-21 00:33:50'),
(9,	11,	5,	3,	3,	3,	'2018-12-21 00:33:50',	'2018-12-21 00:33:50'),
(10,	11,	9,	1,	46,	3,	'2018-12-21 00:33:50',	'2018-12-21 00:33:50'),
(11,	11,	10,	7,	24,	2,	'2018-12-21 00:33:50',	'2018-12-21 00:33:50'),
(12,	11,	18,	1,	44,	1,	'2018-12-21 00:33:50',	'2018-12-21 00:33:50'),
(13,	11,	3,	2,	37,	5,	'2018-12-21 00:33:50',	'2018-12-21 00:33:50'),
(14,	11,	12,	3,	41,	5,	'2018-12-21 00:33:50',	'2018-12-21 00:33:50'),
(15,	11,	8,	3,	17,	4,	'2018-12-21 00:33:50',	'2018-12-21 00:33:50');

DROP TABLE IF EXISTS `xp_points`;
CREATE TABLE `xp_points` (
  `id` int(10) unsigned NOT NULL AUTO_INCREMENT,
  `activity_name` varchar(250) COLLATE utf8mb4_unicode_ci DEFAULT NULL,
  `min_score` int(11) NOT NULL DEFAULT '0',
  `point` int(11) NOT NULL DEFAULT '0',
  `created_at` timestamp NULL DEFAULT NULL,
  `updated_at` timestamp NULL DEFAULT NULL,
  PRIMARY KEY (`id`)
) ENGINE=InnoDB DEFAULT CHARSET=utf8mb4 COLLATE=utf8mb4_unicode_ci;

INSERT INTO `xp_points` (`id`, `activity_name`, `min_score`, `point`, `created_at`, `updated_at`) VALUES
(1,	'login',	0,	1,	NULL,	NULL),
(2,	'createexercise',	0,	1,	NULL,	NULL),
(3,	'createclass',	0,	2,	NULL,	NULL),
(4,	'takepractice',	0,	3,	NULL,	NULL),
(5,	'Invitefriend',	0,	2,	NULL,	NULL),
(6,	'takeexam',	0,	1,	NULL,	NULL);

-- 2018-12-24 09:57:25
