-- Adminer 4.6.3 MySQL dump

SET NAMES utf8;
SET time_zone = '+00:00';
SET foreign_key_checks = 0;
SET sql_mode = 'NO_AUTO_VALUE_ON_ZERO';

SET NAMES utf8mb4;

DROP TABLE IF EXISTS `activities`;
CREATE TABLE `activities` (
  `id` int(11) NOT NULL AUTO_INCREMENT,
  `role_type` varchar(50) COLLATE utf8mb4_unicode_ci NOT NULL,
  `activity_description` varchar(250) COLLATE utf8mb4_unicode_ci NOT NULL,
  `activity_action` varchar(250) COLLATE utf8mb4_unicode_ci NOT NULL,
  `order` int(11) NOT NULL,
  PRIMARY KEY (`id`)
) ENGINE=InnoDB DEFAULT CHARSET=utf8mb4 COLLATE=utf8mb4_unicode_ci;

INSERT INTO `activities` (`id`, `role_type`, `activity_description`, `activity_action`, `order`) VALUES
(1,	'Teacher',	'Complete Profile',	'/profile',	1),
(2,	'Teacher',	'Add Class',	'/courseclasses/create',	2),
(3,	'Teacher',	'Create Exercise Set',	'/exercisesets/create',	3),
(4,	'Learner',	'Complete Profile',	'/profile',	4),
(5,	'Learner',	'Enroll Class',	'/courseclasses',	5),
(6,	'Learner',	'Practice Exercise Set',	'/exrecisesets',	6),
(7,	'Learner',	'Login',	'/login',	7),
(8,	'Teacher',	'Login',	'/login',	8),
(9,	'Parent',	'Login',	'/login',	9),
(10,	'Admin',	'Login',	'/login',	10);

DROP TABLE IF EXISTS `activity_log`;
CREATE TABLE `activity_log` (
  `id` int(11) NOT NULL AUTO_INCREMENT,
  `log_name` varchar(255) COLLATE utf8mb4_unicode_ci DEFAULT NULL,
  `description` text COLLATE utf8mb4_unicode_ci NOT NULL,
  `subject_id` int(11) DEFAULT NULL,
  `subject_type` varchar(255) COLLATE utf8mb4_unicode_ci DEFAULT NULL,
  `causer_id` int(11) DEFAULT NULL,
  `causer_type` varchar(255) COLLATE utf8mb4_unicode_ci DEFAULT NULL,
  `properties` text COLLATE utf8mb4_unicode_ci,
  `created_at` timestamp NULL DEFAULT NULL,
  `updated_at` timestamp NULL DEFAULT NULL,
  PRIMARY KEY (`id`)
) ENGINE=InnoDB DEFAULT CHARSET=utf8mb4 COLLATE=utf8mb4_unicode_ci;


DROP TABLE IF EXISTS `answeroptions`;
CREATE TABLE `answeroptions` (
  `id` int(11) NOT NULL AUTO_INCREMENT,
  `question_id` int(11) NOT NULL,
  `answer_type` enum('text','image','audio','video','richtext') COLLATE utf8mb4_unicode_ci NOT NULL,
  `details` text COLLATE utf8mb4_unicode_ci NOT NULL,
  `iscorrect` tinyint(1) NOT NULL DEFAULT '0',
  `sort_order` int(11) NOT NULL,
  PRIMARY KEY (`id`),
  KEY `question_id` (`question_id`),
  CONSTRAINT `answeroptions_ibfk_1` FOREIGN KEY (`question_id`) REFERENCES `questions` (`id`) ON DELETE CASCADE
) ENGINE=InnoDB DEFAULT CHARSET=utf8mb4 COLLATE=utf8mb4_unicode_ci;

INSERT INTO `answeroptions` (`id`, `question_id`, `answer_type`, `details`, `iscorrect`, `sort_order`) VALUES
(1,	1,	'text',	'Ans: Et.',	0,	3),
(2,	1,	'text',	'Ans: Id.',	0,	1),
(3,	1,	'text',	'Ans: In.',	0,	1),
(4,	1,	'text',	'Ans: Quia.',	1,	2),
(5,	2,	'text',	'Ans: Odio.',	0,	1),
(6,	2,	'text',	'Ans: Rem.',	0,	3),
(7,	2,	'text',	'Ans: Ipsa.',	0,	3),
(8,	2,	'text',	'Ans: Rem.',	1,	1),
(9,	3,	'text',	'Ans: Ut.',	0,	4),
(10,	3,	'text',	'Ans: Qui.',	0,	1),
(11,	3,	'text',	'Ans: Quo.',	0,	2),
(12,	3,	'text',	'Ans: Nisi.',	1,	2),
(13,	4,	'text',	'Ans: Quia.',	0,	4),
(14,	4,	'text',	'Ans: Aut.',	0,	2),
(15,	4,	'text',	'Ans: Et.',	0,	3),
(16,	4,	'text',	'Ans: Sed.',	1,	1),
(17,	5,	'text',	'Ans: Et.',	0,	3),
(18,	5,	'text',	'Ans: Quis.',	0,	3),
(19,	5,	'text',	'Ans: Id.',	0,	2),
(20,	5,	'text',	'Ans: Ab.',	1,	2),
(21,	6,	'text',	'Ans: Eum.',	0,	2),
(22,	6,	'text',	'Ans: Ex.',	0,	2),
(23,	6,	'text',	'Ans: Sunt.',	0,	3),
(24,	6,	'text',	'Ans: Est.',	1,	4),
(25,	7,	'text',	'Ans: Sit.',	0,	1),
(26,	7,	'text',	'Ans: Aut.',	0,	2),
(27,	7,	'text',	'Ans: Eos.',	0,	1),
(28,	7,	'text',	'Ans: Ea.',	1,	4),
(29,	8,	'text',	'Ans: Eos.',	0,	1),
(30,	8,	'text',	'Ans: Ipsa.',	0,	2),
(31,	8,	'text',	'Ans: Est.',	0,	3),
(32,	8,	'text',	'Ans: In.',	1,	4),
(33,	9,	'text',	'Ans: Eos.',	0,	4),
(34,	9,	'text',	'Ans: Sunt.',	0,	1),
(35,	9,	'text',	'Ans: Illo.',	0,	1),
(36,	9,	'text',	'Ans: Ad.',	1,	1),
(37,	10,	'text',	'Ans: Nam.',	0,	4),
(38,	10,	'text',	'Ans: At.',	0,	3),
(39,	10,	'text',	'Ans: Esse.',	0,	3),
(40,	10,	'text',	'Ans: Qui.',	1,	3),
(41,	11,	'text',	'Ans: Ut.',	0,	2),
(42,	11,	'text',	'Ans: Quae.',	0,	2),
(43,	11,	'text',	'Ans: Et.',	0,	2),
(44,	11,	'text',	'Ans: Enim.',	1,	1),
(45,	12,	'text',	'Ans: Et.',	0,	2),
(46,	12,	'text',	'Ans: Rem.',	0,	3),
(47,	12,	'text',	'Ans: Hic.',	0,	4),
(48,	12,	'text',	'Ans: Quis.',	1,	3),
(49,	13,	'text',	'Ans: Modi.',	0,	3),
(50,	13,	'text',	'Ans: Aut.',	0,	3),
(51,	13,	'text',	'Ans: Quia.',	0,	1),
(52,	13,	'text',	'Ans: Quas.',	1,	2),
(53,	14,	'text',	'Ans: Sunt.',	0,	2),
(54,	14,	'text',	'Ans: Et.',	0,	4),
(55,	14,	'text',	'Ans: Non.',	0,	3),
(56,	14,	'text',	'Ans: Vel.',	1,	3),
(57,	15,	'text',	'Ans: Sit.',	0,	1),
(58,	15,	'text',	'Ans: Sint.',	0,	1),
(59,	15,	'text',	'Ans: Ut.',	0,	4),
(60,	15,	'text',	'Ans: Ea.',	1,	2),
(61,	16,	'text',	'Ans: Ut.',	0,	3),
(62,	16,	'text',	'Ans: Ut.',	0,	1),
(63,	16,	'text',	'Ans: Quis.',	0,	1),
(64,	16,	'text',	'Ans: Eum.',	1,	3),
(65,	17,	'text',	'Ans: Et.',	0,	2),
(66,	17,	'text',	'Ans: Aut.',	0,	3),
(67,	17,	'text',	'Ans: Iure.',	0,	2),
(68,	17,	'text',	'Ans: Et.',	1,	3),
(69,	18,	'text',	'Ans: Quis.',	0,	3),
(70,	18,	'text',	'Ans: Qui.',	0,	2),
(71,	18,	'text',	'Ans: Non.',	0,	1),
(72,	18,	'text',	'Ans: Quod.',	1,	1),
(73,	19,	'text',	'Ans: Rem.',	0,	3),
(74,	19,	'text',	'Ans: Ut.',	0,	4),
(75,	19,	'text',	'Ans: Ea.',	0,	1),
(76,	19,	'text',	'Ans: Non.',	1,	4),
(77,	20,	'text',	'Ans: Aut.',	0,	1),
(78,	20,	'text',	'Ans: Rem.',	0,	3),
(79,	20,	'text',	'Ans: Est.',	0,	4),
(80,	20,	'text',	'Ans: Quos.',	1,	1),
(81,	21,	'text',	'Ans: Aut.',	0,	2),
(82,	21,	'text',	'Ans: Ea.',	0,	4),
(83,	21,	'text',	'Ans: Quos.',	0,	3),
(84,	21,	'text',	'Ans: Vero.',	1,	1),
(85,	22,	'text',	'Ans: Id.',	0,	2),
(86,	22,	'text',	'Ans: Fuga.',	0,	3),
(87,	22,	'text',	'Ans: Odio.',	0,	2),
(88,	22,	'text',	'Ans: Est.',	1,	2),
(89,	23,	'text',	'Ans: Et.',	0,	2),
(90,	23,	'text',	'Ans: Amet.',	0,	4),
(91,	23,	'text',	'Ans: Sed.',	0,	1),
(92,	23,	'text',	'Ans: Eos.',	1,	2),
(93,	24,	'text',	'Ans: Ut.',	0,	4),
(94,	24,	'text',	'Ans: Quia.',	0,	1),
(95,	24,	'text',	'Ans: Odio.',	0,	1),
(96,	24,	'text',	'Ans: Ab.',	1,	1),
(97,	25,	'text',	'Ans: Est.',	0,	4),
(98,	25,	'text',	'Ans: Qui.',	0,	1),
(99,	25,	'text',	'Ans: Aut.',	0,	3),
(100,	25,	'text',	'Ans: Amet.',	1,	4),
(101,	26,	'text',	'Ans: Et.',	0,	2),
(102,	26,	'text',	'Ans: Ut.',	0,	1),
(103,	26,	'text',	'Ans: Unde.',	0,	2),
(104,	26,	'text',	'Ans: Ut.',	1,	1),
(105,	27,	'text',	'Ans: Non.',	0,	4),
(106,	27,	'text',	'Ans: Quos.',	0,	3),
(107,	27,	'text',	'Ans: Ipsa.',	0,	3),
(108,	27,	'text',	'Ans: Enim.',	1,	1),
(109,	28,	'text',	'Ans: Quo.',	0,	2),
(110,	28,	'text',	'Ans: Aut.',	0,	1),
(111,	28,	'text',	'Ans: Quia.',	0,	2),
(112,	28,	'text',	'Ans: Quas.',	1,	1),
(113,	29,	'text',	'Ans: Sit.',	0,	2),
(114,	29,	'text',	'Ans: Et.',	0,	1),
(115,	29,	'text',	'Ans: Cum.',	0,	3),
(116,	29,	'text',	'Ans: Eum.',	1,	4),
(117,	30,	'text',	'Ans: Id.',	0,	3),
(118,	30,	'text',	'Ans: Eos.',	0,	1),
(119,	30,	'text',	'Ans: Non.',	0,	2),
(120,	30,	'text',	'Ans: Aut.',	1,	4),
(121,	31,	'text',	'Ans: Ut.',	0,	4),
(122,	31,	'text',	'Ans: Aut.',	0,	4),
(123,	31,	'text',	'Ans: Sit.',	0,	1),
(124,	31,	'text',	'Ans: Qui.',	1,	2),
(125,	32,	'text',	'Ans: Cum.',	0,	2),
(126,	32,	'text',	'Ans: Nemo.',	0,	1),
(127,	32,	'text',	'Ans: Vel.',	0,	2),
(128,	32,	'text',	'Ans: Ea.',	1,	2),
(129,	33,	'text',	'Ans: Sed.',	0,	3),
(130,	33,	'text',	'Ans: Sit.',	0,	2),
(131,	33,	'text',	'Ans: Sed.',	0,	3),
(132,	33,	'text',	'Ans: Qui.',	1,	1),
(133,	34,	'text',	'Ans: Qui.',	0,	2),
(134,	34,	'text',	'Ans: Aut.',	0,	2),
(135,	34,	'text',	'Ans: Modi.',	0,	4),
(136,	34,	'text',	'Ans: Et.',	1,	3),
(137,	35,	'text',	'Ans: Et.',	0,	4),
(138,	35,	'text',	'Ans: Et.',	0,	4),
(139,	35,	'text',	'Ans: Ad.',	0,	2),
(140,	35,	'text',	'Ans: Ut.',	1,	2),
(141,	36,	'text',	'Ans: In.',	0,	3),
(142,	36,	'text',	'Ans: Sunt.',	0,	2),
(143,	36,	'text',	'Ans: Quas.',	0,	3),
(144,	36,	'text',	'Ans: Qui.',	1,	1),
(145,	37,	'text',	'Ans: Quis.',	0,	3),
(146,	37,	'text',	'Ans: In.',	0,	2),
(147,	37,	'text',	'Ans: Quis.',	0,	3),
(148,	37,	'text',	'Ans: Iste.',	1,	2),
(149,	38,	'text',	'Ans: Et.',	0,	4),
(150,	38,	'text',	'Ans: Et.',	0,	4),
(151,	38,	'text',	'Ans: Quia.',	0,	1),
(152,	38,	'text',	'Ans: Sed.',	1,	2),
(153,	39,	'text',	'Ans: Enim.',	0,	1),
(154,	39,	'text',	'Ans: Quam.',	0,	2),
(155,	39,	'text',	'Ans: Ut.',	0,	4),
(156,	39,	'text',	'Ans: Sed.',	1,	2),
(157,	40,	'text',	'Ans: Et.',	0,	1),
(158,	40,	'text',	'Ans: Sit.',	0,	3),
(159,	40,	'text',	'Ans: Et.',	0,	4),
(160,	40,	'text',	'Ans: Nam.',	1,	4),
(161,	41,	'text',	'Ans: Quo.',	0,	2),
(162,	41,	'text',	'Ans: Quae.',	0,	1),
(163,	41,	'text',	'Ans: Iste.',	0,	1),
(164,	41,	'text',	'Ans: Enim.',	1,	2),
(165,	42,	'text',	'Ans: Iste.',	0,	1),
(166,	42,	'text',	'Ans: Et.',	0,	2),
(167,	42,	'text',	'Ans: Aut.',	0,	1),
(168,	42,	'text',	'Ans: Sed.',	1,	4),
(169,	43,	'text',	'Ans: Et.',	0,	1),
(170,	43,	'text',	'Ans: Sed.',	0,	1),
(171,	43,	'text',	'Ans: In.',	0,	3),
(172,	43,	'text',	'Ans: Quia.',	1,	1),
(173,	44,	'text',	'Ans: Est.',	0,	4),
(174,	44,	'text',	'Ans: Ab.',	0,	4),
(175,	44,	'text',	'Ans: Id.',	0,	1),
(176,	44,	'text',	'Ans: Et.',	1,	1),
(177,	45,	'text',	'Ans: Est.',	0,	1),
(178,	45,	'text',	'Ans: Qui.',	0,	1),
(179,	45,	'text',	'Ans: Eius.',	0,	2),
(180,	45,	'text',	'Ans: Non.',	1,	2),
(181,	46,	'text',	'Ans: Qui.',	0,	3),
(182,	46,	'text',	'Ans: Id.',	0,	3),
(183,	46,	'text',	'Ans: Et.',	0,	3),
(184,	46,	'text',	'Ans: Fuga.',	1,	4),
(185,	47,	'text',	'Ans: Qui.',	0,	3),
(186,	47,	'text',	'Ans: Id.',	0,	1),
(187,	47,	'text',	'Ans: Qui.',	0,	4),
(188,	47,	'text',	'Ans: Enim.',	1,	4),
(189,	48,	'text',	'Ans: Aut.',	0,	1),
(190,	48,	'text',	'Ans: Fuga.',	0,	1),
(191,	48,	'text',	'Ans: Sit.',	0,	1),
(192,	48,	'text',	'Ans: Ut.',	1,	3),
(193,	49,	'text',	'Ans: Ut.',	0,	3),
(194,	49,	'text',	'Ans: Ab.',	0,	2),
(195,	49,	'text',	'Ans: Odio.',	0,	1),
(196,	49,	'text',	'Ans: Unde.',	1,	4),
(197,	50,	'text',	'Ans: Unde.',	0,	2),
(198,	50,	'text',	'Ans: Est.',	0,	2),
(199,	50,	'text',	'Ans: Quod.',	0,	1),
(200,	50,	'text',	'Ans: Sed.',	1,	1),
(201,	51,	'text',	'Ans: Aut.',	0,	3),
(202,	51,	'text',	'Ans: Esse.',	0,	1),
(203,	51,	'text',	'Ans: Amet.',	0,	3),
(204,	51,	'text',	'Ans: Non.',	1,	3),
(205,	52,	'text',	'Ans: Et.',	0,	3),
(206,	52,	'text',	'Ans: Cum.',	0,	4),
(207,	52,	'text',	'Ans: Quia.',	0,	4),
(208,	52,	'text',	'Ans: Sit.',	1,	4),
(209,	53,	'text',	'Ans: Est.',	0,	2),
(210,	53,	'text',	'Ans: Rem.',	0,	2),
(211,	53,	'text',	'Ans: Esse.',	0,	4),
(212,	53,	'text',	'Ans: Et.',	1,	2),
(213,	54,	'text',	'Ans: Aut.',	0,	3),
(214,	54,	'text',	'Ans: Quia.',	0,	3),
(215,	54,	'text',	'Ans: Quae.',	0,	3),
(216,	54,	'text',	'Ans: Et.',	1,	4),
(217,	55,	'text',	'Ans: Et.',	0,	1),
(218,	55,	'text',	'Ans: Quis.',	0,	3),
(219,	55,	'text',	'Ans: Fuga.',	0,	3),
(220,	55,	'text',	'Ans: Quas.',	1,	2),
(221,	56,	'text',	'Ans: Aut.',	0,	3),
(222,	56,	'text',	'Ans: Et.',	0,	1),
(223,	56,	'text',	'Ans: Enim.',	0,	4),
(224,	56,	'text',	'Ans: Enim.',	1,	4),
(225,	57,	'text',	'Ans: Sed.',	0,	3),
(226,	57,	'text',	'Ans: Quia.',	0,	4),
(227,	57,	'text',	'Ans: Ad.',	0,	4),
(228,	57,	'text',	'Ans: Vero.',	1,	4),
(229,	58,	'text',	'Ans: Aut.',	0,	2),
(230,	58,	'text',	'Ans: Qui.',	0,	3),
(231,	58,	'text',	'Ans: Quia.',	0,	3),
(232,	58,	'text',	'Ans: Qui.',	1,	3),
(233,	59,	'text',	'Ans: Aut.',	0,	4),
(234,	59,	'text',	'Ans: Eos.',	0,	1),
(235,	59,	'text',	'Ans: Quas.',	0,	3),
(236,	59,	'text',	'Ans: Enim.',	1,	1),
(237,	60,	'text',	'Ans: Quod.',	0,	2),
(238,	60,	'text',	'Ans: Aut.',	0,	3),
(239,	60,	'text',	'Ans: Ut.',	0,	3),
(240,	60,	'text',	'Ans: Qui.',	1,	2),
(241,	61,	'text',	'Ans: Sint.',	0,	2),
(242,	61,	'text',	'Ans: Sed.',	0,	1),
(243,	61,	'text',	'Ans: Est.',	0,	1),
(244,	61,	'text',	'Ans: Est.',	1,	1),
(245,	62,	'text',	'Ans: Odio.',	0,	2),
(246,	62,	'text',	'Ans: A.',	0,	4),
(247,	62,	'text',	'Ans: Quas.',	0,	1),
(248,	62,	'text',	'Ans: Et.',	1,	4),
(249,	63,	'text',	'Ans: Illo.',	0,	1),
(250,	63,	'text',	'Ans: Ab.',	0,	3),
(251,	63,	'text',	'Ans: Quia.',	0,	4),
(252,	63,	'text',	'Ans: Rem.',	1,	2),
(253,	64,	'text',	'Ans: Eos.',	0,	2),
(254,	64,	'text',	'Ans: Sed.',	0,	4),
(255,	64,	'text',	'Ans: In.',	0,	2),
(256,	64,	'text',	'Ans: Id.',	1,	2),
(257,	65,	'text',	'Ans: Nam.',	0,	2),
(258,	65,	'text',	'Ans: Esse.',	0,	3),
(259,	65,	'text',	'Ans: Vel.',	0,	1),
(260,	65,	'text',	'Ans: Ea.',	1,	3),
(261,	66,	'text',	'Ans: Aut.',	0,	2),
(262,	66,	'text',	'Ans: Id.',	0,	1),
(263,	66,	'text',	'Ans: Eum.',	0,	2),
(264,	66,	'text',	'Ans: Vero.',	1,	2),
(265,	67,	'text',	'Ans: In.',	0,	4),
(266,	67,	'text',	'Ans: Iste.',	0,	3),
(267,	67,	'text',	'Ans: Qui.',	0,	1),
(268,	67,	'text',	'Ans: Ab.',	1,	3),
(269,	68,	'text',	'Ans: Ipsa.',	0,	3),
(270,	68,	'text',	'Ans: Et.',	0,	4),
(271,	68,	'text',	'Ans: Quas.',	0,	4),
(272,	68,	'text',	'Ans: Odio.',	1,	2),
(273,	69,	'text',	'Ans: Sit.',	0,	2),
(274,	69,	'text',	'Ans: Enim.',	0,	4),
(275,	69,	'text',	'Ans: Qui.',	0,	3),
(276,	69,	'text',	'Ans: Iste.',	1,	2),
(277,	70,	'text',	'Ans: Eos.',	0,	3),
(278,	70,	'text',	'Ans: Quia.',	0,	1),
(279,	70,	'text',	'Ans: Quo.',	0,	2),
(280,	70,	'text',	'Ans: Vel.',	1,	1),
(281,	71,	'text',	'Ans: Quod.',	0,	4),
(282,	71,	'text',	'Ans: Et.',	0,	1),
(283,	71,	'text',	'Ans: Ab.',	0,	3),
(284,	71,	'text',	'Ans: Quia.',	1,	4),
(285,	72,	'text',	'Ans: Iure.',	0,	1),
(286,	72,	'text',	'Ans: At.',	0,	3),
(287,	72,	'text',	'Ans: Ipsa.',	0,	2),
(288,	72,	'text',	'Ans: Sint.',	1,	3),
(289,	73,	'text',	'Ans: Sit.',	0,	3),
(290,	73,	'text',	'Ans: Sit.',	0,	3),
(291,	73,	'text',	'Ans: Et.',	0,	4),
(292,	73,	'text',	'Ans: Est.',	1,	1),
(293,	74,	'text',	'Ans: Quod.',	0,	1),
(294,	74,	'text',	'Ans: Est.',	0,	3),
(295,	74,	'text',	'Ans: Vero.',	0,	1),
(296,	74,	'text',	'Ans: Qui.',	1,	2),
(297,	75,	'text',	'Ans: Quos.',	0,	1),
(298,	75,	'text',	'Ans: Sit.',	0,	2),
(299,	75,	'text',	'Ans: Quo.',	0,	3),
(300,	75,	'text',	'Ans: Aut.',	1,	4),
(301,	76,	'text',	'Ans: Aut.',	0,	1),
(302,	76,	'text',	'Ans: Non.',	0,	3),
(303,	76,	'text',	'Ans: Est.',	0,	1),
(304,	76,	'text',	'Ans: Eos.',	1,	4),
(305,	77,	'text',	'Ans: Iste.',	0,	2),
(306,	77,	'text',	'Ans: Est.',	0,	2),
(307,	77,	'text',	'Ans: Id.',	0,	3),
(308,	77,	'text',	'Ans: Eum.',	1,	2),
(309,	78,	'text',	'Ans: Sit.',	0,	2),
(310,	78,	'text',	'Ans: Et.',	0,	1),
(311,	78,	'text',	'Ans: Aut.',	0,	4),
(312,	78,	'text',	'Ans: Cum.',	1,	1),
(313,	79,	'text',	'Ans: Et.',	0,	1),
(314,	79,	'text',	'Ans: Odio.',	0,	3),
(315,	79,	'text',	'Ans: Ut.',	0,	1),
(316,	79,	'text',	'Ans: Nam.',	1,	1),
(317,	80,	'text',	'Ans: Ut.',	0,	3),
(318,	80,	'text',	'Ans: Sunt.',	0,	2),
(319,	80,	'text',	'Ans: Hic.',	0,	2),
(320,	80,	'text',	'Ans: Et.',	1,	2),
(321,	81,	'text',	'Ans: Eum.',	0,	3),
(322,	81,	'text',	'Ans: Odio.',	0,	4),
(323,	81,	'text',	'Ans: Ut.',	0,	2),
(324,	81,	'text',	'Ans: Vero.',	1,	3),
(325,	82,	'text',	'Ans: Ut.',	0,	1),
(326,	82,	'text',	'Ans: Ut.',	0,	2),
(327,	82,	'text',	'Ans: Eos.',	0,	1),
(328,	82,	'text',	'Ans: Vero.',	1,	3),
(329,	83,	'text',	'Ans: Aut.',	0,	1),
(330,	83,	'text',	'Ans: Hic.',	0,	2),
(331,	83,	'text',	'Ans: Et.',	0,	4),
(332,	83,	'text',	'Ans: Ex.',	1,	2),
(333,	84,	'text',	'Ans: Quia.',	0,	4),
(334,	84,	'text',	'Ans: Quia.',	0,	4),
(335,	84,	'text',	'Ans: Et.',	0,	3),
(336,	84,	'text',	'Ans: Quia.',	1,	1),
(337,	85,	'text',	'Ans: In.',	0,	1),
(338,	85,	'text',	'Ans: Et.',	0,	4),
(339,	85,	'text',	'Ans: Eos.',	0,	1),
(340,	85,	'text',	'Ans: Ut.',	1,	1),
(341,	86,	'text',	'Ans: Nisi.',	0,	2),
(342,	86,	'text',	'Ans: Nemo.',	0,	1),
(343,	86,	'text',	'Ans: Eius.',	0,	1),
(344,	86,	'text',	'Ans: Sit.',	1,	3),
(345,	87,	'text',	'Ans: Et.',	0,	4),
(346,	87,	'text',	'Ans: Vel.',	0,	1),
(347,	87,	'text',	'Ans: Ut.',	0,	1),
(348,	87,	'text',	'Ans: Id.',	1,	1),
(349,	88,	'text',	'Ans: Non.',	0,	2),
(350,	88,	'text',	'Ans: Non.',	0,	1),
(351,	88,	'text',	'Ans: Odio.',	0,	4),
(352,	88,	'text',	'Ans: Ut.',	1,	1),
(353,	89,	'text',	'Ans: Non.',	0,	2),
(354,	89,	'text',	'Ans: Quam.',	0,	1),
(355,	89,	'text',	'Ans: Ut.',	0,	4),
(356,	89,	'text',	'Ans: Id.',	1,	1),
(357,	90,	'text',	'Ans: Quia.',	0,	2),
(358,	90,	'text',	'Ans: Ea.',	0,	3),
(359,	90,	'text',	'Ans: Sed.',	0,	3),
(360,	90,	'text',	'Ans: Et.',	1,	2),
(361,	91,	'text',	'Ans: Ea.',	0,	1),
(362,	91,	'text',	'Ans: Quia.',	0,	1),
(363,	91,	'text',	'Ans: Ut.',	0,	1),
(364,	91,	'text',	'Ans: Rem.',	1,	4),
(365,	92,	'text',	'Ans: Ab.',	0,	4),
(366,	92,	'text',	'Ans: Sint.',	0,	4),
(367,	92,	'text',	'Ans: Et.',	0,	3),
(368,	92,	'text',	'Ans: Non.',	1,	4),
(369,	93,	'text',	'Ans: Enim.',	0,	4),
(370,	93,	'text',	'Ans: Sit.',	0,	1),
(371,	93,	'text',	'Ans: Et.',	0,	3),
(372,	93,	'text',	'Ans: Et.',	1,	2),
(373,	94,	'text',	'Ans: Qui.',	0,	4),
(374,	94,	'text',	'Ans: Quae.',	0,	1),
(375,	94,	'text',	'Ans: Et.',	0,	2),
(376,	94,	'text',	'Ans: Ab.',	1,	3),
(377,	95,	'text',	'Ans: Cum.',	0,	1),
(378,	95,	'text',	'Ans: Iure.',	0,	4),
(379,	95,	'text',	'Ans: Eos.',	0,	3),
(380,	95,	'text',	'Ans: Fuga.',	1,	4),
(381,	96,	'text',	'Ans: Aut.',	0,	2),
(382,	96,	'text',	'Ans: At.',	0,	4),
(383,	96,	'text',	'Ans: Quia.',	0,	3),
(384,	96,	'text',	'Ans: Id.',	1,	4),
(385,	97,	'text',	'Ans: Aut.',	0,	4),
(386,	97,	'text',	'Ans: Qui.',	0,	1),
(387,	97,	'text',	'Ans: Ab.',	0,	3),
(388,	97,	'text',	'Ans: Rem.',	1,	4),
(389,	98,	'text',	'Ans: Aut.',	0,	1),
(390,	98,	'text',	'Ans: Sint.',	0,	4),
(391,	98,	'text',	'Ans: In.',	0,	2),
(392,	98,	'text',	'Ans: Ut.',	1,	3),
(393,	99,	'text',	'Ans: Ut.',	0,	3),
(394,	99,	'text',	'Ans: Sed.',	0,	1),
(395,	99,	'text',	'Ans: Eius.',	0,	4),
(396,	99,	'text',	'Ans: Sint.',	1,	4),
(397,	100,	'text',	'Ans: Et.',	0,	3),
(398,	100,	'text',	'Ans: Fuga.',	0,	1),
(399,	100,	'text',	'Ans: Non.',	0,	4),
(400,	100,	'text',	'Ans: Sit.',	1,	1),
(401,	101,	'text',	'Ans: Est.',	0,	4),
(402,	101,	'text',	'Ans: Ea.',	0,	3),
(403,	101,	'text',	'Ans: Ut.',	0,	3),
(404,	101,	'text',	'Ans: Sed.',	1,	3),
(405,	102,	'text',	'Ans: Enim.',	0,	4),
(406,	102,	'text',	'Ans: Eum.',	0,	3),
(407,	102,	'text',	'Ans: Quia.',	0,	3),
(408,	102,	'text',	'Ans: Odit.',	1,	1),
(409,	103,	'text',	'Ans: Quos.',	0,	3),
(410,	103,	'text',	'Ans: Et.',	0,	2),
(411,	103,	'text',	'Ans: Vel.',	0,	2),
(412,	103,	'text',	'Ans: In.',	1,	3),
(413,	104,	'text',	'Ans: Unde.',	0,	1),
(414,	104,	'text',	'Ans: Nam.',	0,	1),
(415,	104,	'text',	'Ans: Quo.',	0,	1),
(416,	104,	'text',	'Ans: Est.',	1,	1),
(417,	105,	'text',	'Ans: Et.',	0,	1),
(418,	105,	'text',	'Ans: Et.',	0,	4),
(419,	105,	'text',	'Ans: Qui.',	0,	4),
(420,	105,	'text',	'Ans: Sint.',	1,	1),
(421,	106,	'text',	'Ans: Iure.',	0,	4),
(422,	106,	'text',	'Ans: Quia.',	0,	1),
(423,	106,	'text',	'Ans: Quas.',	0,	4),
(424,	106,	'text',	'Ans: Sed.',	1,	1),
(425,	107,	'text',	'Ans: Quis.',	0,	1),
(426,	107,	'text',	'Ans: Qui.',	0,	4),
(427,	107,	'text',	'Ans: Qui.',	0,	4),
(428,	107,	'text',	'Ans: Odit.',	1,	4),
(429,	108,	'text',	'Ans: Vero.',	0,	1),
(430,	108,	'text',	'Ans: Quam.',	0,	4),
(431,	108,	'text',	'Ans: Non.',	0,	4),
(432,	108,	'text',	'Ans: Est.',	1,	1),
(433,	109,	'text',	'Ans: Ab.',	0,	1),
(434,	109,	'text',	'Ans: Et.',	0,	3),
(435,	109,	'text',	'Ans: Et.',	0,	2),
(436,	109,	'text',	'Ans: Ex.',	1,	1),
(437,	110,	'text',	'Ans: Id.',	0,	1),
(438,	110,	'text',	'Ans: Quia.',	0,	1),
(439,	110,	'text',	'Ans: Fuga.',	0,	4),
(440,	110,	'text',	'Ans: In.',	1,	3),
(441,	111,	'text',	'Ans: Aut.',	0,	3),
(442,	111,	'text',	'Ans: Ut.',	0,	3),
(443,	111,	'text',	'Ans: Odio.',	0,	2),
(444,	111,	'text',	'Ans: Est.',	1,	2),
(445,	112,	'text',	'Ans: Quod.',	0,	3),
(446,	112,	'text',	'Ans: Eos.',	0,	1),
(447,	112,	'text',	'Ans: Quo.',	0,	1),
(448,	112,	'text',	'Ans: Et.',	1,	3),
(449,	113,	'text',	'Ans: Non.',	0,	2),
(450,	113,	'text',	'Ans: Aut.',	0,	4),
(451,	113,	'text',	'Ans: Et.',	0,	4),
(452,	113,	'text',	'Ans: Et.',	1,	4),
(453,	114,	'text',	'Ans: Quis.',	0,	4),
(454,	114,	'text',	'Ans: Ut.',	0,	1),
(455,	114,	'text',	'Ans: Unde.',	0,	4),
(456,	114,	'text',	'Ans: Sit.',	1,	3),
(457,	115,	'text',	'Ans: Est.',	0,	4),
(458,	115,	'text',	'Ans: Sit.',	0,	3),
(459,	115,	'text',	'Ans: Quia.',	0,	3),
(460,	115,	'text',	'Ans: Sunt.',	1,	1),
(461,	116,	'text',	'Ans: Qui.',	0,	3),
(462,	116,	'text',	'Ans: Quis.',	0,	2),
(463,	116,	'text',	'Ans: Qui.',	0,	3),
(464,	116,	'text',	'Ans: Non.',	1,	2),
(465,	117,	'text',	'Ans: Aut.',	0,	4),
(466,	117,	'text',	'Ans: Et.',	0,	4),
(467,	117,	'text',	'Ans: Eius.',	0,	1),
(468,	117,	'text',	'Ans: Qui.',	1,	1),
(469,	118,	'text',	'Ans: Et.',	0,	3),
(470,	118,	'text',	'Ans: Odio.',	0,	4),
(471,	118,	'text',	'Ans: Et.',	0,	3),
(472,	118,	'text',	'Ans: Fuga.',	1,	4),
(473,	119,	'text',	'Ans: Ut.',	0,	3),
(474,	119,	'text',	'Ans: Aut.',	0,	2),
(475,	119,	'text',	'Ans: Non.',	0,	3),
(476,	119,	'text',	'Ans: Ea.',	1,	4),
(477,	120,	'text',	'Ans: A.',	0,	3),
(478,	120,	'text',	'Ans: Ut.',	0,	1),
(479,	120,	'text',	'Ans: Modi.',	0,	4),
(480,	120,	'text',	'Ans: In.',	1,	3),
(481,	121,	'text',	'Ans: Aut.',	0,	3),
(482,	121,	'text',	'Ans: Qui.',	0,	2),
(483,	121,	'text',	'Ans: Aut.',	0,	3),
(484,	121,	'text',	'Ans: Unde.',	1,	3),
(485,	122,	'text',	'Ans: Ut.',	0,	2),
(486,	122,	'text',	'Ans: Aut.',	0,	3),
(487,	122,	'text',	'Ans: Enim.',	0,	3),
(488,	122,	'text',	'Ans: Esse.',	1,	4),
(489,	123,	'text',	'Ans: Et.',	0,	2),
(490,	123,	'text',	'Ans: Aut.',	0,	2),
(491,	123,	'text',	'Ans: Non.',	0,	2),
(492,	123,	'text',	'Ans: Et.',	1,	3),
(493,	124,	'text',	'Ans: Quod.',	0,	2),
(494,	124,	'text',	'Ans: Quod.',	0,	1),
(495,	124,	'text',	'Ans: Rem.',	0,	1),
(496,	124,	'text',	'Ans: Vel.',	1,	2),
(497,	125,	'text',	'Ans: Unde.',	0,	3),
(498,	125,	'text',	'Ans: Et.',	0,	2),
(499,	125,	'text',	'Ans: Sunt.',	0,	4),
(500,	125,	'text',	'Ans: Ab.',	1,	3),
(501,	126,	'text',	'Ans: Est.',	0,	4),
(502,	126,	'text',	'Ans: Fuga.',	0,	1),
(503,	126,	'text',	'Ans: Et.',	0,	2),
(504,	126,	'text',	'Ans: Quia.',	1,	2),
(505,	127,	'text',	'Ans: Qui.',	0,	2),
(506,	127,	'text',	'Ans: Sed.',	0,	3),
(507,	127,	'text',	'Ans: Quia.',	0,	1),
(508,	127,	'text',	'Ans: Et.',	1,	3),
(509,	128,	'text',	'Ans: Sed.',	0,	4),
(510,	128,	'text',	'Ans: Vero.',	0,	1),
(511,	128,	'text',	'Ans: Et.',	0,	4),
(512,	128,	'text',	'Ans: Et.',	1,	1),
(513,	129,	'text',	'Ans: Aut.',	0,	1),
(514,	129,	'text',	'Ans: Et.',	0,	3),
(515,	129,	'text',	'Ans: Et.',	0,	1),
(516,	129,	'text',	'Ans: Nam.',	1,	2),
(517,	130,	'text',	'Ans: Qui.',	0,	2),
(518,	130,	'text',	'Ans: Et.',	0,	1),
(519,	130,	'text',	'Ans: Qui.',	0,	1),
(520,	130,	'text',	'Ans: Et.',	1,	3),
(521,	131,	'text',	'Ans: Aut.',	0,	2),
(522,	131,	'text',	'Ans: Et.',	0,	3),
(523,	131,	'text',	'Ans: Quia.',	0,	1),
(524,	131,	'text',	'Ans: Qui.',	1,	3),
(525,	132,	'text',	'Ans: Illo.',	0,	2),
(526,	132,	'text',	'Ans: Non.',	0,	3),
(527,	132,	'text',	'Ans: Vero.',	0,	4),
(528,	132,	'text',	'Ans: Sit.',	1,	4),
(529,	133,	'text',	'Ans: Eos.',	0,	1),
(530,	133,	'text',	'Ans: Et.',	0,	2),
(531,	133,	'text',	'Ans: Et.',	0,	2),
(532,	133,	'text',	'Ans: Ut.',	1,	3),
(533,	134,	'text',	'Ans: Ut.',	0,	4),
(534,	134,	'text',	'Ans: Est.',	0,	3),
(535,	134,	'text',	'Ans: Sint.',	0,	1),
(536,	134,	'text',	'Ans: Cum.',	1,	2),
(537,	135,	'text',	'Ans: Esse.',	0,	3),
(538,	135,	'text',	'Ans: Sed.',	0,	2),
(539,	135,	'text',	'Ans: Sed.',	0,	4),
(540,	135,	'text',	'Ans: Ut.',	1,	2),
(541,	136,	'text',	'Ans: Eum.',	0,	4),
(542,	136,	'text',	'Ans: Aut.',	0,	2),
(543,	136,	'text',	'Ans: Quam.',	0,	4),
(544,	136,	'text',	'Ans: Ipsa.',	1,	1),
(545,	137,	'text',	'Ans: A.',	0,	3),
(546,	137,	'text',	'Ans: In.',	0,	4),
(547,	137,	'text',	'Ans: Eius.',	0,	2),
(548,	137,	'text',	'Ans: Est.',	1,	1),
(549,	138,	'text',	'Ans: Quod.',	0,	1),
(550,	138,	'text',	'Ans: Aut.',	0,	2),
(551,	138,	'text',	'Ans: Eius.',	0,	3),
(552,	138,	'text',	'Ans: Quia.',	1,	1),
(553,	139,	'text',	'Ans: Ea.',	0,	1),
(554,	139,	'text',	'Ans: Et.',	0,	2),
(555,	139,	'text',	'Ans: Qui.',	0,	3),
(556,	139,	'text',	'Ans: Enim.',	1,	1),
(557,	140,	'text',	'Ans: Ut a.',	0,	1),
(558,	140,	'text',	'Ans: Rem.',	0,	3),
(559,	140,	'text',	'Ans: Vel.',	0,	3),
(560,	140,	'text',	'Ans: Qui.',	1,	3),
(561,	141,	'text',	'Ans: Et.',	0,	1),
(562,	141,	'text',	'Ans: Aut.',	0,	1),
(563,	141,	'text',	'Ans: Aut.',	0,	2),
(564,	141,	'text',	'Ans: Aut.',	1,	2),
(565,	142,	'text',	'Ans: Non.',	0,	4),
(566,	142,	'text',	'Ans: Ipsa.',	0,	2),
(567,	142,	'text',	'Ans: Et.',	0,	1),
(568,	142,	'text',	'Ans: Et.',	1,	2),
(569,	143,	'text',	'Ans: Sit.',	0,	1),
(570,	143,	'text',	'Ans: Eos.',	0,	2),
(571,	143,	'text',	'Ans: Ab.',	0,	4),
(572,	143,	'text',	'Ans: Quos.',	1,	1),
(573,	144,	'text',	'Ans: Non.',	0,	1),
(574,	144,	'text',	'Ans: Quo.',	0,	4),
(575,	144,	'text',	'Ans: Modi.',	0,	4),
(576,	144,	'text',	'Ans: Et.',	1,	3),
(577,	145,	'text',	'Ans: Ea.',	0,	4),
(578,	145,	'text',	'Ans: Vero.',	0,	2),
(579,	145,	'text',	'Ans: Et.',	0,	4),
(580,	145,	'text',	'Ans: Et.',	1,	1),
(581,	146,	'text',	'Ans: Aut.',	0,	1),
(582,	146,	'text',	'Ans: Id.',	0,	4),
(583,	146,	'text',	'Ans: Qui.',	0,	3),
(584,	146,	'text',	'Ans: Et.',	1,	1),
(585,	147,	'text',	'Ans: Quae.',	0,	2),
(586,	147,	'text',	'Ans: Qui.',	0,	2),
(587,	147,	'text',	'Ans: At.',	0,	2),
(588,	147,	'text',	'Ans: Ut.',	1,	2),
(589,	148,	'text',	'Ans: Quia.',	0,	4),
(590,	148,	'text',	'Ans: Aut.',	0,	4),
(591,	148,	'text',	'Ans: Enim.',	0,	2),
(592,	148,	'text',	'Ans: Fuga.',	1,	1),
(593,	149,	'text',	'Ans: Sit.',	0,	4),
(594,	149,	'text',	'Ans: Et.',	0,	2),
(595,	149,	'text',	'Ans: Aut.',	0,	3),
(596,	149,	'text',	'Ans: Est.',	1,	4),
(597,	150,	'text',	'Ans: Qui.',	0,	1),
(598,	150,	'text',	'Ans: Rem.',	0,	2),
(599,	150,	'text',	'Ans: Aut.',	0,	3),
(600,	150,	'text',	'Ans: Ut.',	1,	2),
(601,	151,	'text',	'Ans: Qui.',	0,	3),
(602,	151,	'text',	'Ans: Ut.',	0,	4),
(603,	151,	'text',	'Ans: Fuga.',	0,	3),
(604,	151,	'text',	'Ans: Et.',	1,	3),
(605,	152,	'text',	'Ans: Vel.',	0,	1),
(606,	152,	'text',	'Ans: Ea.',	0,	4),
(607,	152,	'text',	'Ans: Sunt.',	0,	1),
(608,	152,	'text',	'Ans: Sunt.',	1,	3),
(609,	153,	'text',	'Ans: Eum.',	0,	3),
(610,	153,	'text',	'Ans: Et.',	0,	2),
(611,	153,	'text',	'Ans: Enim.',	0,	2),
(612,	153,	'text',	'Ans: Fuga.',	1,	2),
(613,	154,	'text',	'Ans: Quo.',	0,	4),
(614,	154,	'text',	'Ans: At.',	0,	2),
(615,	154,	'text',	'Ans: Quia.',	0,	4),
(616,	154,	'text',	'Ans: Aut.',	1,	4),
(617,	155,	'text',	'Ans: Non.',	0,	2),
(618,	155,	'text',	'Ans: Odit.',	0,	4),
(619,	155,	'text',	'Ans: In.',	0,	1),
(620,	155,	'text',	'Ans: Ad.',	1,	3),
(621,	156,	'text',	'Ans: Quo.',	0,	2),
(622,	156,	'text',	'Ans: Enim.',	0,	1),
(623,	156,	'text',	'Ans: Qui.',	0,	2),
(624,	156,	'text',	'Ans: Odit.',	1,	1),
(625,	157,	'text',	'Ans: Quis.',	0,	4),
(626,	157,	'text',	'Ans: Et.',	0,	2),
(627,	157,	'text',	'Ans: Iure.',	0,	4),
(628,	157,	'text',	'Ans: In.',	1,	2),
(629,	158,	'text',	'Ans: Aut.',	0,	2),
(630,	158,	'text',	'Ans: Iste.',	0,	3),
(631,	158,	'text',	'Ans: Sunt.',	0,	4),
(632,	158,	'text',	'Ans: Sed.',	1,	2),
(633,	159,	'text',	'Ans: In.',	0,	2),
(634,	159,	'text',	'Ans: Quod.',	0,	4),
(635,	159,	'text',	'Ans: Id.',	0,	3),
(636,	159,	'text',	'Ans: Aut.',	1,	1),
(637,	160,	'text',	'Ans: In.',	0,	3),
(638,	160,	'text',	'Ans: Aut.',	0,	1),
(639,	160,	'text',	'Ans: Sint.',	0,	3),
(640,	160,	'text',	'Ans: Id.',	1,	3),
(641,	161,	'text',	'Ans: Sunt.',	0,	4),
(642,	161,	'text',	'Ans: Aut.',	0,	4),
(643,	161,	'text',	'Ans: Qui.',	0,	3),
(644,	161,	'text',	'Ans: Est.',	1,	1),
(645,	162,	'text',	'Ans: Id.',	0,	2),
(646,	162,	'text',	'Ans: Vero.',	0,	3),
(647,	162,	'text',	'Ans: Sint.',	0,	1),
(648,	162,	'text',	'Ans: Ut.',	1,	4),
(649,	163,	'text',	'Ans: Ad.',	0,	1),
(650,	163,	'text',	'Ans: At.',	0,	1),
(651,	163,	'text',	'Ans: Quos.',	0,	4),
(652,	163,	'text',	'Ans: Modi.',	1,	4),
(653,	164,	'text',	'Ans: Et.',	0,	1),
(654,	164,	'text',	'Ans: Et.',	0,	4),
(655,	164,	'text',	'Ans: Ea.',	0,	4),
(656,	164,	'text',	'Ans: Quo.',	1,	2),
(657,	165,	'text',	'Ans: Eum.',	0,	4),
(658,	165,	'text',	'Ans: Vel.',	0,	4),
(659,	165,	'text',	'Ans: Sit.',	0,	3),
(660,	165,	'text',	'Ans: Ut.',	1,	4),
(661,	166,	'text',	'Ans: Rem.',	0,	4),
(662,	166,	'text',	'Ans: Est.',	0,	4),
(663,	166,	'text',	'Ans: Qui.',	0,	1),
(664,	166,	'text',	'Ans: In.',	1,	2),
(665,	167,	'text',	'Ans: Aut.',	0,	4),
(666,	167,	'text',	'Ans: Non.',	0,	3),
(667,	167,	'text',	'Ans: Nisi.',	0,	4),
(668,	167,	'text',	'Ans: Fuga.',	1,	3),
(669,	168,	'text',	'Ans: Quo.',	0,	3),
(670,	168,	'text',	'Ans: Ea.',	0,	1),
(671,	168,	'text',	'Ans: Cum.',	0,	2),
(672,	168,	'text',	'Ans: In.',	1,	2),
(673,	169,	'text',	'Ans: Nisi.',	0,	3),
(674,	169,	'text',	'Ans: Sint.',	0,	4),
(675,	169,	'text',	'Ans: Sint.',	0,	1),
(676,	169,	'text',	'Ans: Odit.',	1,	3),
(677,	170,	'text',	'Ans: Nemo.',	0,	3),
(678,	170,	'text',	'Ans: Et.',	0,	2),
(679,	170,	'text',	'Ans: Esse.',	0,	2),
(680,	170,	'text',	'Ans: Et.',	1,	3),
(681,	171,	'text',	'Ans: Sed.',	0,	2),
(682,	171,	'text',	'Ans: Est.',	0,	2),
(683,	171,	'text',	'Ans: Et.',	0,	2),
(684,	171,	'text',	'Ans: Quia.',	1,	1),
(685,	172,	'text',	'Ans: Sint.',	0,	4),
(686,	172,	'text',	'Ans: Non.',	0,	2),
(687,	172,	'text',	'Ans: Aut.',	0,	2),
(688,	172,	'text',	'Ans: Ut.',	1,	2),
(689,	173,	'text',	'Ans: Sit.',	0,	4),
(690,	173,	'text',	'Ans: Et.',	0,	1),
(691,	173,	'text',	'Ans: Sunt.',	0,	4),
(692,	173,	'text',	'Ans: Qui.',	1,	3),
(693,	174,	'text',	'Ans: Quia.',	0,	4),
(694,	174,	'text',	'Ans: Iste.',	0,	2),
(695,	174,	'text',	'Ans: Nam.',	0,	4),
(696,	174,	'text',	'Ans: Et.',	1,	1),
(697,	175,	'text',	'Ans: Nisi.',	0,	2),
(698,	175,	'text',	'Ans: Quos.',	0,	3),
(699,	175,	'text',	'Ans: Sit.',	0,	2),
(700,	175,	'text',	'Ans: Et.',	1,	3),
(701,	176,	'text',	'Ans: Et.',	0,	4),
(702,	176,	'text',	'Ans: Sunt.',	0,	1),
(703,	176,	'text',	'Ans: Est.',	0,	4),
(704,	176,	'text',	'Ans: Fuga.',	1,	2),
(705,	177,	'text',	'Ans: Quia.',	0,	3),
(706,	177,	'text',	'Ans: Unde.',	0,	4),
(707,	177,	'text',	'Ans: Ut.',	0,	1),
(708,	177,	'text',	'Ans: Ut.',	1,	4),
(709,	178,	'text',	'Ans: A.',	0,	3),
(710,	178,	'text',	'Ans: Nisi.',	0,	3),
(711,	178,	'text',	'Ans: Quis.',	0,	2),
(712,	178,	'text',	'Ans: Nemo.',	1,	2),
(713,	179,	'text',	'Ans: Eos.',	0,	2),
(714,	179,	'text',	'Ans: Et.',	0,	4),
(715,	179,	'text',	'Ans: Non.',	0,	3),
(716,	179,	'text',	'Ans: Odit.',	1,	3),
(717,	180,	'text',	'Ans: Et.',	0,	2),
(718,	180,	'text',	'Ans: Non.',	0,	3),
(719,	180,	'text',	'Ans: Quia.',	0,	2),
(720,	180,	'text',	'Ans: Qui.',	1,	3),
(721,	181,	'text',	'Ans: Aut.',	0,	3),
(722,	181,	'text',	'Ans: At.',	0,	2),
(723,	181,	'text',	'Ans: Odit.',	0,	3),
(724,	181,	'text',	'Ans: Quis.',	1,	1),
(725,	182,	'text',	'Ans: Quos.',	0,	3),
(726,	182,	'text',	'Ans: Cum.',	0,	2),
(727,	182,	'text',	'Ans: Ut.',	0,	2),
(728,	182,	'text',	'Ans: Sint.',	1,	1),
(729,	183,	'text',	'Ans: Iste.',	0,	4),
(730,	183,	'text',	'Ans: Et.',	0,	2),
(731,	183,	'text',	'Ans: Enim.',	0,	2),
(732,	183,	'text',	'Ans: Quis.',	1,	4),
(733,	184,	'text',	'Ans: Ea.',	0,	4),
(734,	184,	'text',	'Ans: Et.',	0,	1),
(735,	184,	'text',	'Ans: Esse.',	0,	1),
(736,	184,	'text',	'Ans: Eos.',	1,	3),
(737,	185,	'text',	'Ans: Aut.',	0,	2),
(738,	185,	'text',	'Ans: Odit.',	0,	1),
(739,	185,	'text',	'Ans: Vero.',	0,	2),
(740,	185,	'text',	'Ans: Cum.',	1,	4),
(741,	186,	'text',	'Ans: Ab.',	0,	4),
(742,	186,	'text',	'Ans: Quia.',	0,	3),
(743,	186,	'text',	'Ans: Nemo.',	0,	1),
(744,	186,	'text',	'Ans: Quia.',	1,	3),
(745,	187,	'text',	'Ans: Et.',	0,	4),
(746,	187,	'text',	'Ans: Sit.',	0,	4),
(747,	187,	'text',	'Ans: Ut.',	0,	3),
(748,	187,	'text',	'Ans: Et.',	1,	3),
(749,	188,	'text',	'Ans: Sint.',	0,	4),
(750,	188,	'text',	'Ans: Aut.',	0,	2),
(751,	188,	'text',	'Ans: Quia.',	0,	2),
(752,	188,	'text',	'Ans: Quo.',	1,	3),
(753,	189,	'text',	'Ans: Et.',	0,	4),
(754,	189,	'text',	'Ans: Qui.',	0,	1),
(755,	189,	'text',	'Ans: Non.',	0,	1),
(756,	189,	'text',	'Ans: Ut.',	1,	4),
(757,	190,	'text',	'Ans: Sunt.',	0,	1),
(758,	190,	'text',	'Ans: Amet.',	0,	2),
(759,	190,	'text',	'Ans: In.',	0,	2),
(760,	190,	'text',	'Ans: Quia.',	1,	3),
(761,	191,	'text',	'Ans: At.',	0,	4),
(762,	191,	'text',	'Ans: Vel.',	0,	3),
(763,	191,	'text',	'Ans: Ea.',	0,	2),
(764,	191,	'text',	'Ans: Non.',	1,	4),
(765,	192,	'text',	'Ans: Ut.',	0,	3),
(766,	192,	'text',	'Ans: Eum.',	0,	3),
(767,	192,	'text',	'Ans: Eum.',	0,	4),
(768,	192,	'text',	'Ans: Ex.',	1,	3),
(769,	193,	'text',	'Ans: Et.',	0,	4),
(770,	193,	'text',	'Ans: Sit.',	0,	3),
(771,	193,	'text',	'Ans: Quia.',	0,	3),
(772,	193,	'text',	'Ans: Et.',	1,	2),
(773,	194,	'text',	'Ans: Qui.',	0,	1),
(774,	194,	'text',	'Ans: Eos.',	0,	2),
(775,	194,	'text',	'Ans: Odio.',	0,	1),
(776,	194,	'text',	'Ans: In.',	1,	4),
(777,	195,	'text',	'Ans: Id.',	0,	2),
(778,	195,	'text',	'Ans: Ut.',	0,	2),
(779,	195,	'text',	'Ans: In.',	0,	1),
(780,	195,	'text',	'Ans: Ea.',	1,	3),
(781,	196,	'text',	'Ans: Sed.',	0,	2),
(782,	196,	'text',	'Ans: Non.',	0,	4),
(783,	196,	'text',	'Ans: Et.',	0,	1),
(784,	196,	'text',	'Ans: Hic.',	1,	1),
(785,	197,	'text',	'Ans: Quas.',	0,	1),
(786,	197,	'text',	'Ans: Qui.',	0,	1),
(787,	197,	'text',	'Ans: Ad.',	0,	1),
(788,	197,	'text',	'Ans: Illo.',	1,	1),
(789,	198,	'text',	'Ans: Esse.',	0,	1),
(790,	198,	'text',	'Ans: A ut.',	0,	1),
(791,	198,	'text',	'Ans: Ipsa.',	0,	4),
(792,	198,	'text',	'Ans: Et.',	1,	1),
(793,	199,	'text',	'Ans: Eos.',	0,	3),
(794,	199,	'text',	'Ans: Et.',	0,	1),
(795,	199,	'text',	'Ans: Eius.',	0,	3),
(796,	199,	'text',	'Ans: Et.',	1,	3),
(797,	200,	'text',	'Ans: Fuga.',	0,	4),
(798,	200,	'text',	'Ans: Eum.',	0,	4),
(799,	200,	'text',	'Ans: Quas.',	0,	4),
(800,	200,	'text',	'Ans: In.',	1,	3),
(801,	201,	'text',	'Ans: Illo.',	0,	1),
(802,	201,	'text',	'Ans: Est.',	0,	4),
(803,	201,	'text',	'Ans: Enim.',	0,	1),
(804,	201,	'text',	'Ans: Amet.',	1,	4),
(805,	202,	'text',	'Ans: Unde.',	0,	4),
(806,	202,	'text',	'Ans: Et.',	0,	1),
(807,	202,	'text',	'Ans: Et.',	0,	3),
(808,	202,	'text',	'Ans: Quo.',	1,	1),
(809,	203,	'text',	'Ans: Cum.',	0,	4),
(810,	203,	'text',	'Ans: Aut.',	0,	4),
(811,	203,	'text',	'Ans: Rem.',	0,	3),
(812,	203,	'text',	'Ans: Ut.',	1,	4),
(813,	204,	'text',	'Ans: Ut.',	0,	4),
(814,	204,	'text',	'Ans: Aut.',	0,	1),
(815,	204,	'text',	'Ans: A.',	0,	3),
(816,	204,	'text',	'Ans: Et.',	1,	1),
(817,	205,	'text',	'Ans: Esse.',	0,	3),
(818,	205,	'text',	'Ans: Quam.',	0,	2),
(819,	205,	'text',	'Ans: Et.',	0,	4),
(820,	205,	'text',	'Ans: Non.',	1,	2),
(821,	206,	'text',	'Ans: Odio.',	0,	2),
(822,	206,	'text',	'Ans: Quia.',	0,	1),
(823,	206,	'text',	'Ans: Et.',	0,	1),
(824,	206,	'text',	'Ans: Sit.',	1,	2),
(825,	207,	'text',	'Ans: Est.',	0,	2),
(826,	207,	'text',	'Ans: Quia.',	0,	3),
(827,	207,	'text',	'Ans: Qui.',	0,	1),
(828,	207,	'text',	'Ans: Rem.',	1,	4),
(829,	208,	'text',	'Ans: Non.',	0,	4),
(830,	208,	'text',	'Ans: Est.',	0,	1),
(831,	208,	'text',	'Ans: Cum.',	0,	4),
(832,	208,	'text',	'Ans: Amet.',	1,	2),
(833,	209,	'text',	'Ans: Aut.',	0,	3),
(834,	209,	'text',	'Ans: Rem.',	0,	1),
(835,	209,	'text',	'Ans: Vel.',	0,	1),
(836,	209,	'text',	'Ans: Aut.',	1,	3),
(837,	210,	'text',	'Ans: Aut.',	0,	2),
(838,	210,	'text',	'Ans: Aut.',	0,	3),
(839,	210,	'text',	'Ans: Et.',	0,	2),
(840,	210,	'text',	'Ans: Nam.',	1,	4),
(841,	211,	'text',	'Ans: Sint.',	0,	4),
(842,	211,	'text',	'Ans: Id.',	0,	3),
(843,	211,	'text',	'Ans: Odio.',	0,	4),
(844,	211,	'text',	'Ans: Aut.',	1,	2),
(845,	212,	'text',	'Ans: Et.',	0,	4),
(846,	212,	'text',	'Ans: Qui.',	0,	1),
(847,	212,	'text',	'Ans: Vel.',	0,	3),
(848,	212,	'text',	'Ans: Et.',	1,	2),
(849,	213,	'text',	'Ans: Non.',	0,	1),
(850,	213,	'text',	'Ans: Qui.',	0,	3),
(851,	213,	'text',	'Ans: Id.',	0,	2),
(852,	213,	'text',	'Ans: Odio.',	1,	2),
(853,	214,	'text',	'Ans: Vero.',	0,	3),
(854,	214,	'text',	'Ans: Et.',	0,	1),
(855,	214,	'text',	'Ans: Ut.',	0,	3),
(856,	214,	'text',	'Ans: Sed.',	1,	2),
(857,	215,	'text',	'Ans: Sint.',	0,	4),
(858,	215,	'text',	'Ans: Iure.',	0,	4),
(859,	215,	'text',	'Ans: Odio.',	0,	4),
(860,	215,	'text',	'Ans: Vel.',	1,	1),
(861,	216,	'text',	'Ans: Eum.',	0,	2),
(862,	216,	'text',	'Ans: Cum.',	0,	3),
(863,	216,	'text',	'Ans: Id.',	0,	2),
(864,	216,	'text',	'Ans: Est.',	1,	3),
(865,	217,	'text',	'Ans: Est.',	0,	3),
(866,	217,	'text',	'Ans: Sed.',	0,	4),
(867,	217,	'text',	'Ans: Iste.',	0,	2),
(868,	217,	'text',	'Ans: Ut.',	1,	2),
(869,	218,	'text',	'Ans: Sint.',	0,	2),
(870,	218,	'text',	'Ans: Est.',	0,	3),
(871,	218,	'text',	'Ans: Eum.',	0,	3),
(872,	218,	'text',	'Ans: Qui.',	1,	4),
(873,	219,	'text',	'Ans: Et.',	0,	2),
(874,	219,	'text',	'Ans: Quas.',	0,	3),
(875,	219,	'text',	'Ans: Ipsa.',	0,	4),
(876,	219,	'text',	'Ans: Non.',	1,	1),
(877,	220,	'text',	'Ans: Sed.',	0,	4),
(878,	220,	'text',	'Ans: In.',	0,	1),
(879,	220,	'text',	'Ans: Ut.',	0,	3),
(880,	220,	'text',	'Ans: Et.',	1,	2),
(881,	221,	'text',	'Ans: Eius.',	0,	3),
(882,	221,	'text',	'Ans: Iste.',	0,	2),
(883,	221,	'text',	'Ans: Quia.',	0,	3),
(884,	221,	'text',	'Ans: Et.',	1,	1),
(885,	222,	'text',	'Ans: Sint.',	0,	2),
(886,	222,	'text',	'Ans: Sunt.',	0,	4),
(887,	222,	'text',	'Ans: Ea.',	0,	4),
(888,	222,	'text',	'Ans: Ut.',	1,	1),
(889,	223,	'text',	'Ans: Quam.',	0,	3),
(890,	223,	'text',	'Ans: Quo.',	0,	3),
(891,	223,	'text',	'Ans: Quia.',	0,	2),
(892,	223,	'text',	'Ans: Nemo.',	1,	2),
(893,	224,	'text',	'Ans: Quia.',	0,	4),
(894,	224,	'text',	'Ans: Quis.',	0,	4),
(895,	224,	'text',	'Ans: Esse.',	0,	2),
(896,	224,	'text',	'Ans: Ut.',	1,	1),
(897,	225,	'text',	'Ans: In.',	0,	3),
(898,	225,	'text',	'Ans: Amet.',	0,	4),
(899,	225,	'text',	'Ans: Ab.',	0,	2),
(900,	225,	'text',	'Ans: Quia.',	1,	4),
(901,	226,	'text',	'Ans: Ut.',	0,	2),
(902,	226,	'text',	'Ans: Quae.',	0,	1),
(903,	226,	'text',	'Ans: Non.',	0,	1),
(904,	226,	'text',	'Ans: Qui.',	1,	4),
(905,	227,	'text',	'Ans: Nemo.',	0,	2),
(906,	227,	'text',	'Ans: In.',	0,	2),
(907,	227,	'text',	'Ans: Eos.',	0,	1),
(908,	227,	'text',	'Ans: Amet.',	1,	4),
(909,	228,	'text',	'Ans: Sint.',	0,	2),
(910,	228,	'text',	'Ans: Ut.',	0,	2),
(911,	228,	'text',	'Ans: Iste.',	0,	1),
(912,	228,	'text',	'Ans: Sit.',	1,	2),
(913,	229,	'text',	'Ans: Eum.',	0,	4),
(914,	229,	'text',	'Ans: Quam.',	0,	1),
(915,	229,	'text',	'Ans: Sit.',	0,	2),
(916,	229,	'text',	'Ans: Nemo.',	1,	2),
(917,	230,	'text',	'Ans: Et.',	0,	1),
(918,	230,	'text',	'Ans: Fuga.',	0,	2),
(919,	230,	'text',	'Ans: Sit.',	0,	3),
(920,	230,	'text',	'Ans: Rem.',	1,	1),
(921,	231,	'text',	'Ans: Odit.',	0,	4),
(922,	231,	'text',	'Ans: Rem.',	0,	4),
(923,	231,	'text',	'Ans: Quia.',	0,	3),
(924,	231,	'text',	'Ans: Et.',	1,	3),
(925,	232,	'text',	'Ans: Sunt.',	0,	4),
(926,	232,	'text',	'Ans: Aut.',	0,	4),
(927,	232,	'text',	'Ans: Unde.',	0,	4),
(928,	232,	'text',	'Ans: Nisi.',	1,	3),
(929,	233,	'text',	'Ans: Qui.',	0,	4),
(930,	233,	'text',	'Ans: Non.',	0,	2),
(931,	233,	'text',	'Ans: Iste.',	0,	2),
(932,	233,	'text',	'Ans: Qui.',	1,	1),
(933,	234,	'text',	'Ans: Quam.',	0,	4),
(934,	234,	'text',	'Ans: Et.',	0,	1),
(935,	234,	'text',	'Ans: Qui.',	0,	4),
(936,	234,	'text',	'Ans: Ut.',	1,	2),
(937,	235,	'text',	'Ans: Nisi.',	0,	3),
(938,	235,	'text',	'Ans: Et.',	0,	2),
(939,	235,	'text',	'Ans: Sunt.',	0,	3),
(940,	235,	'text',	'Ans: Ea.',	1,	4),
(941,	236,	'text',	'Ans: In.',	0,	2),
(942,	236,	'text',	'Ans: Sit.',	0,	4),
(943,	236,	'text',	'Ans: Aut.',	0,	2),
(944,	236,	'text',	'Ans: Non.',	1,	1),
(945,	237,	'text',	'Ans: Non.',	0,	3),
(946,	237,	'text',	'Ans: Nisi.',	0,	4),
(947,	237,	'text',	'Ans: Ut.',	0,	4),
(948,	237,	'text',	'Ans: Aut.',	1,	4),
(949,	238,	'text',	'Ans: Rem.',	0,	2),
(950,	238,	'text',	'Ans: Sit.',	0,	3),
(951,	238,	'text',	'Ans: Quas.',	0,	4),
(952,	238,	'text',	'Ans: Ut.',	1,	1),
(953,	239,	'text',	'Ans: Ipsa.',	0,	4),
(954,	239,	'text',	'Ans: Fuga.',	0,	2),
(955,	239,	'text',	'Ans: Iure.',	0,	3),
(956,	239,	'text',	'Ans: Est.',	1,	3),
(957,	240,	'text',	'Ans: Quo.',	0,	3),
(958,	240,	'text',	'Ans: Non.',	0,	1),
(959,	240,	'text',	'Ans: Quod.',	0,	4),
(960,	240,	'text',	'Ans: Qui.',	1,	3),
(961,	241,	'text',	'Ans: Et.',	0,	2),
(962,	241,	'text',	'Ans: Ipsa.',	0,	3),
(963,	241,	'text',	'Ans: Enim.',	0,	1),
(964,	241,	'text',	'Ans: Odit.',	1,	4),
(965,	242,	'text',	'Ans: Quae.',	0,	2),
(966,	242,	'text',	'Ans: Et.',	0,	4),
(967,	242,	'text',	'Ans: Ab.',	0,	4),
(968,	242,	'text',	'Ans: Quod.',	1,	1),
(969,	243,	'text',	'Ans: Iure.',	0,	1),
(970,	243,	'text',	'Ans: Est.',	0,	1),
(971,	243,	'text',	'Ans: Ut.',	0,	2),
(972,	243,	'text',	'Ans: In.',	1,	2),
(973,	244,	'text',	'Ans: Et.',	0,	2),
(974,	244,	'text',	'Ans: Et.',	0,	4),
(975,	244,	'text',	'Ans: Rem.',	0,	2),
(976,	244,	'text',	'Ans: Iste.',	1,	4),
(977,	245,	'text',	'Ans: Sunt.',	0,	3),
(978,	245,	'text',	'Ans: A.',	0,	4),
(979,	245,	'text',	'Ans: Est.',	0,	4),
(980,	245,	'text',	'Ans: Qui.',	1,	3),
(981,	246,	'text',	'Ans: Et.',	0,	2),
(982,	246,	'text',	'Ans: Modi.',	0,	1),
(983,	246,	'text',	'Ans: Ut.',	0,	2),
(984,	246,	'text',	'Ans: Enim.',	1,	3),
(985,	247,	'text',	'Ans: Sed.',	0,	3),
(986,	247,	'text',	'Ans: Quia.',	0,	4),
(987,	247,	'text',	'Ans: Est.',	0,	3),
(988,	247,	'text',	'Ans: Et.',	1,	1),
(989,	248,	'text',	'Ans: Odio.',	0,	4),
(990,	248,	'text',	'Ans: Sit.',	0,	2),
(991,	248,	'text',	'Ans: Eos.',	0,	1),
(992,	248,	'text',	'Ans: Nam.',	1,	4),
(993,	249,	'text',	'Ans: Hic.',	0,	1),
(994,	249,	'text',	'Ans: Sint.',	0,	3),
(995,	249,	'text',	'Ans: Ab.',	0,	1),
(996,	249,	'text',	'Ans: Est.',	1,	3),
(997,	250,	'text',	'Ans: Enim.',	0,	3),
(998,	250,	'text',	'Ans: Et.',	0,	1),
(999,	250,	'text',	'Ans: Sint.',	0,	4),
(1000,	250,	'text',	'Ans: Quia.',	1,	4),
(1001,	251,	'text',	'Ans: Ut a.',	0,	2),
(1002,	251,	'text',	'Ans: Est.',	0,	4),
(1003,	251,	'text',	'Ans: Sit.',	0,	2),
(1004,	251,	'text',	'Ans: Ut.',	1,	2),
(1005,	252,	'text',	'Ans: Quo.',	0,	4),
(1006,	252,	'text',	'Ans: Quod.',	0,	1),
(1007,	252,	'text',	'Ans: Quae.',	0,	4),
(1008,	252,	'text',	'Ans: Aut.',	1,	2),
(1009,	253,	'text',	'Ans: Eum.',	0,	3),
(1010,	253,	'text',	'Ans: Et.',	0,	4),
(1011,	253,	'text',	'Ans: Iure.',	0,	3),
(1012,	253,	'text',	'Ans: Ut.',	1,	1),
(1013,	254,	'text',	'Ans: Odit.',	0,	3),
(1014,	254,	'text',	'Ans: Et.',	0,	3),
(1015,	254,	'text',	'Ans: At.',	0,	3),
(1016,	254,	'text',	'Ans: Qui.',	1,	3),
(1017,	255,	'text',	'Ans: Nisi.',	0,	3),
(1018,	255,	'text',	'Ans: Qui.',	0,	2),
(1019,	255,	'text',	'Ans: Quia.',	0,	3),
(1020,	255,	'text',	'Ans: Quis.',	1,	3),
(1021,	256,	'text',	'Ans: Illo.',	0,	3),
(1022,	256,	'text',	'Ans: Vero.',	0,	4),
(1023,	256,	'text',	'Ans: Ad.',	0,	3),
(1024,	256,	'text',	'Ans: Enim.',	1,	1),
(1025,	257,	'text',	'Ans: Odit.',	0,	1),
(1026,	257,	'text',	'Ans: Quia.',	0,	4),
(1027,	257,	'text',	'Ans: Qui.',	0,	4),
(1028,	257,	'text',	'Ans: Non.',	1,	3),
(1029,	258,	'text',	'Ans: Est.',	0,	2),
(1030,	258,	'text',	'Ans: Quos.',	0,	1),
(1031,	258,	'text',	'Ans: Et.',	0,	2),
(1032,	258,	'text',	'Ans: Sit.',	1,	1),
(1033,	259,	'text',	'Ans: Et.',	0,	3),
(1034,	259,	'text',	'Ans: Et.',	0,	3),
(1035,	259,	'text',	'Ans: Qui.',	0,	3),
(1036,	259,	'text',	'Ans: Ut.',	1,	3),
(1037,	260,	'text',	'Ans: Sed.',	0,	3),
(1038,	260,	'text',	'Ans: Aut.',	0,	4),
(1039,	260,	'text',	'Ans: Qui.',	0,	1),
(1040,	260,	'text',	'Ans: Et.',	1,	2),
(1041,	261,	'text',	'Ans: Rem.',	0,	1),
(1042,	261,	'text',	'Ans: Qui.',	0,	4),
(1043,	261,	'text',	'Ans: In.',	0,	3),
(1044,	261,	'text',	'Ans: Enim.',	1,	1),
(1045,	262,	'text',	'Ans: Est.',	0,	4),
(1046,	262,	'text',	'Ans: Vero.',	0,	4),
(1047,	262,	'text',	'Ans: Quos.',	0,	4),
(1048,	262,	'text',	'Ans: Sed.',	1,	4),
(1049,	263,	'text',	'Ans: Fuga.',	0,	1),
(1050,	263,	'text',	'Ans: Iste.',	0,	2),
(1051,	263,	'text',	'Ans: Ea.',	0,	4),
(1052,	263,	'text',	'Ans: Et.',	1,	1),
(1053,	264,	'text',	'Ans: At.',	0,	1),
(1054,	264,	'text',	'Ans: Quia.',	0,	4),
(1055,	264,	'text',	'Ans: Ut.',	0,	1),
(1056,	264,	'text',	'Ans: Qui.',	1,	4),
(1057,	265,	'text',	'Ans: Et.',	0,	1),
(1058,	265,	'text',	'Ans: Non.',	0,	2),
(1059,	265,	'text',	'Ans: Ex.',	0,	2),
(1060,	265,	'text',	'Ans: Fuga.',	1,	3),
(1061,	266,	'text',	'Ans: Iure.',	0,	1),
(1062,	266,	'text',	'Ans: Sed.',	0,	1),
(1063,	266,	'text',	'Ans: At.',	0,	3),
(1064,	266,	'text',	'Ans: In.',	1,	4),
(1065,	267,	'text',	'Ans: Rem.',	0,	4),
(1066,	267,	'text',	'Ans: Qui.',	0,	3),
(1067,	267,	'text',	'Ans: Eos.',	0,	1),
(1068,	267,	'text',	'Ans: Quia.',	1,	4),
(1069,	268,	'text',	'Ans: In.',	0,	4),
(1070,	268,	'text',	'Ans: Non.',	0,	1),
(1071,	268,	'text',	'Ans: Sunt.',	0,	3),
(1072,	268,	'text',	'Ans: Ex.',	1,	4),
(1073,	269,	'text',	'Ans: Sed.',	0,	2),
(1074,	269,	'text',	'Ans: In.',	0,	1),
(1075,	269,	'text',	'Ans: Sint.',	0,	4),
(1076,	269,	'text',	'Ans: Ea.',	1,	1),
(1077,	270,	'text',	'Ans: Et.',	0,	1),
(1078,	270,	'text',	'Ans: Qui.',	0,	4),
(1079,	270,	'text',	'Ans: Quia.',	0,	2),
(1080,	270,	'text',	'Ans: Amet.',	1,	4),
(1081,	271,	'text',	'Ans: Non.',	0,	2),
(1082,	271,	'text',	'Ans: Amet.',	0,	3),
(1083,	271,	'text',	'Ans: Quia.',	0,	2),
(1084,	271,	'text',	'Ans: Sint.',	1,	3),
(1085,	272,	'text',	'Ans: In.',	0,	4),
(1086,	272,	'text',	'Ans: Nisi.',	0,	4),
(1087,	272,	'text',	'Ans: Sit.',	0,	4),
(1088,	272,	'text',	'Ans: Nam.',	1,	4),
(1089,	273,	'text',	'Ans: Nisi.',	0,	4),
(1090,	273,	'text',	'Ans: At.',	0,	2),
(1091,	273,	'text',	'Ans: Fuga.',	0,	3),
(1092,	273,	'text',	'Ans: Sed.',	1,	3),
(1093,	274,	'text',	'Ans: Quae.',	0,	2),
(1094,	274,	'text',	'Ans: Quis.',	0,	1),
(1095,	274,	'text',	'Ans: Vel.',	0,	1),
(1096,	274,	'text',	'Ans: Quia.',	1,	4);

DROP TABLE IF EXISTS `badges`;
CREATE TABLE `badges` (
  `id` int(11) NOT NULL AUTO_INCREMENT,
  `badgetitle` text COLLATE utf8mb4_unicode_ci NOT NULL,
  `badgedescription` text COLLATE utf8mb4_unicode_ci NOT NULL,
  `badgeimageurl` varchar(250) COLLATE utf8mb4_unicode_ci NOT NULL,
  `points` int(11) DEFAULT NULL,
  `badgegroup` int(11) DEFAULT NULL,
  `isactive` tinyint(1) NOT NULL DEFAULT '1',
  `badge_condition` varchar(250) COLLATE utf8mb4_unicode_ci NOT NULL,
  `addedon` timestamp NOT NULL DEFAULT CURRENT_TIMESTAMP,
  `updated_at` datetime DEFAULT NULL,
  PRIMARY KEY (`id`)
) ENGINE=InnoDB DEFAULT CHARSET=utf8mb4 COLLATE=utf8mb4_unicode_ci;

INSERT INTO `badges` (`id`, `badgetitle`, `badgedescription`, `badgeimageurl`, `points`, `badgegroup`, `isactive`, `badge_condition`, `addedon`, `updated_at`) VALUES
(1,	'Badge of Labore.',	'Nobis deleniti quis ea cum.',	'',	26,	NULL,	0,	'iGAzgO2TKg',	'2018-03-05 18:30:00',	NULL),
(2,	'Badge of Est.',	'Ex quos quam est cum.',	'',	52,	NULL,	1,	'I25T8qGzwG',	'2018-03-05 18:30:00',	NULL),
(3,	'Badge of Fuga.',	'Odio labore dolorem sed quas.',	'',	5,	NULL,	0,	'WW4S5zUfCj',	'2018-03-05 18:30:00',	NULL),
(4,	'Badge of Quia.',	'Quia in consequatur ad ipsa.',	'',	4,	NULL,	0,	'c0q2hzMsgq',	'2018-03-05 18:30:00',	NULL),
(5,	'Badge of Quidem.',	'Odit iure sit tempore ea.',	'',	14,	NULL,	1,	'Dapy8iAF56',	'2018-03-05 18:30:00',	NULL),
(6,	'Badge of Ab.',	'Aliquam nostrum ipsum quo.',	'',	14,	NULL,	0,	'IL8VihRX0U',	'2018-03-05 18:30:00',	NULL),
(7,	'Badge of Sit a.',	'Fugit sed sint sed error vel.',	'',	25,	NULL,	0,	'InnWy9H7YS',	'2018-03-05 18:30:00',	NULL),
(8,	'Badge of Labore.',	'Ea pariatur at omnis enim.',	'',	17,	NULL,	1,	'DzxprqjmIT',	'2018-03-05 18:30:00',	NULL),
(9,	'Badge of Qui.',	'Et enim nihil ut doloremque.',	'',	82,	NULL,	0,	'X9OAZh8bZv',	'2018-03-05 18:30:00',	NULL),
(10,	'Badge of Libero.',	'Dicta eveniet qui iure saepe.',	'',	31,	NULL,	0,	'mnAGHwirqY',	'2018-03-05 18:30:00',	NULL),
(11,	'Badge of Est et.',	'Omnis velit eum eaque sed.',	'',	74,	NULL,	1,	'aitVmumirV',	'2018-03-05 18:30:00',	NULL),
(12,	'Badge of Neque.',	'Mollitia at labore libero ea.',	'',	35,	NULL,	0,	'L9zRFKXrxL',	'2018-03-05 18:30:00',	NULL),
(13,	'Badge of Quia.',	'Incidunt eum corporis ex.',	'',	41,	NULL,	0,	'3121FbXrOb',	'2018-03-05 18:30:00',	NULL),
(14,	'Badge of Non.',	'Libero quia et dolor quo ut.',	'',	54,	NULL,	1,	'GQHPJ0nnbN',	'2018-03-05 18:30:00',	NULL),
(15,	'Badge of Sed et.',	'Sequi voluptate qui sed ut.',	'',	93,	NULL,	0,	'RMzErtaMKo',	'2018-03-05 18:30:00',	NULL),
(16,	'Badge of Ipsa.',	'Ut quis nulla occaecati.',	'',	49,	NULL,	0,	'3vDpERKEKj',	'2018-03-05 18:30:00',	NULL),
(17,	'Badge of Eaque.',	'Aliquid ex sunt consequatur.',	'',	67,	NULL,	0,	'hwSnMgtwmp',	'2018-03-05 18:30:00',	NULL),
(18,	'Badge of Rerum.',	'Velit sed ipsum ex nisi.',	'',	40,	NULL,	0,	'dMU3CgGNrQ',	'2018-03-05 18:30:00',	NULL),
(19,	'Badge of Fugit.',	'Quia iure enim qui qui nam.',	'',	76,	NULL,	1,	'WPdycfgRMT',	'2018-03-05 18:30:00',	NULL),
(20,	'Badge of Esse.',	'Iure quo commodi saepe.',	'',	65,	NULL,	1,	'eTKd5e1RyC',	'2018-03-05 18:30:00',	NULL),
(21,	'Badge of Quo.',	'Quidem ut eum ut ut.',	'',	3,	NULL,	1,	'bHrVufxty0',	'2018-03-05 18:30:00',	NULL),
(22,	'Badge of Atque.',	'Nulla error ullam sint est.',	'',	86,	NULL,	0,	'ilpCFWuhQr',	'2018-03-05 18:30:00',	NULL),
(23,	'Badge of Modi.',	'Quae molestias quas ea magni.',	'',	69,	NULL,	0,	'TZI74k5I2j',	'2018-03-05 18:30:00',	NULL),
(24,	'Badge of Illum.',	'Autem nobis hic non cum.',	'',	8,	NULL,	0,	'eeiVup5UFu',	'2018-03-05 18:30:00',	NULL),
(25,	'Badge of A.',	'Ipsa eum velit iure nam.',	'',	44,	NULL,	1,	'sW9rO9SeMK',	'2018-03-05 18:30:00',	NULL),
(26,	'Badge of Nobis.',	'Nemo et amet fuga aut.',	'',	11,	NULL,	1,	'RP6VXepMyw',	'2018-03-05 18:30:00',	NULL),
(27,	'Badge of Quos.',	'Nostrum sunt voluptas culpa.',	'',	72,	NULL,	1,	'LDPmPZcmdm',	'2018-03-05 18:30:00',	NULL),
(28,	'Badge of Eaque.',	'Ullam dolor rerum voluptates.',	'',	14,	NULL,	0,	'3P3HdCdAs2',	'2018-03-05 18:30:00',	NULL),
(29,	'Badge of Ut.',	'Nam fugit sit vel.',	'',	28,	NULL,	1,	'Ll0onDf94x',	'2018-03-05 18:30:00',	NULL),
(30,	'Badge of Quia.',	'Aliquid odit esse modi.',	'',	58,	NULL,	1,	'yTJLGFjXdP',	'2018-03-05 18:30:00',	NULL),
(31,	'Badge of Atque.',	'Id et ipsa quia ipsa.',	'',	67,	NULL,	1,	'g2FcTpVq3H',	'2018-03-05 18:30:00',	NULL),
(32,	'Badge of Cum.',	'Suscipit sit incidunt in.',	'',	55,	NULL,	0,	'WG4AKdFc2w',	'2018-03-05 18:30:00',	NULL),
(33,	'Badge of Magni.',	'Voluptatem eius et et sed.',	'',	55,	NULL,	0,	'6ZM5phH2WL',	'2018-03-05 18:30:00',	NULL),
(34,	'Badge of Maxime.',	'Corrupti ea soluta et vero.',	'',	1,	NULL,	0,	'TKTa30LPO3',	'2018-03-05 18:30:00',	NULL),
(35,	'Badge of Earum.',	'Odio aliquid a velit.',	'',	13,	NULL,	0,	'eLzqtqgI0u',	'2018-03-05 18:30:00',	NULL),
(36,	'Badge of Vitae.',	'Et aut sint ipsa.',	'',	23,	NULL,	1,	'lwQ9v06Cjr',	'2018-03-05 18:30:00',	NULL),
(37,	'Badge of Quis.',	'Eum illum eligendi ut.',	'',	80,	NULL,	1,	'hw8OX1FbGv',	'2018-03-05 18:30:00',	NULL),
(38,	'Badge of Nulla.',	'Ut adipisci omnis et eum.',	'',	99,	NULL,	1,	'QohSp1P0HV',	'2018-03-05 18:30:00',	NULL),
(39,	'Badge of Natus.',	'Maxime placeat quibusdam ut.',	'',	25,	NULL,	0,	'AKwpvatqXd',	'2018-03-05 18:30:00',	NULL),
(40,	'Badge of Unde.',	'Quisquam ea et sed ea illum.',	'',	28,	NULL,	0,	'mea4t4VxV7',	'2018-03-05 18:30:00',	NULL);

DROP TABLE IF EXISTS `businessrules`;
CREATE TABLE `businessrules` (
  `id` int(11) NOT NULL AUTO_INCREMENT,
  `businessrule_name` varchar(250) COLLATE utf8mb4_unicode_ci NOT NULL,
  `businessrule_condition` varchar(250) COLLATE utf8mb4_unicode_ci NOT NULL,
  `isactive` tinyint(1) NOT NULL DEFAULT '1',
  `created_at` timestamp NULL DEFAULT NULL,
  `updated_at` timestamp NULL DEFAULT NULL,
  PRIMARY KEY (`id`)
) ENGINE=InnoDB DEFAULT CHARSET=utf8mb4 COLLATE=utf8mb4_unicode_ci;


DROP TABLE IF EXISTS `classexams`;
CREATE TABLE `classexams` (
  `id` int(11) NOT NULL AUTO_INCREMENT,
  `class_id` int(11) NOT NULL,
  `exam_id` int(11) NOT NULL,
  `exam_start_date` datetime DEFAULT NULL,
  `exam_end_date` datetime DEFAULT NULL,
  `addedon` timestamp NOT NULL DEFAULT CURRENT_TIMESTAMP,
  PRIMARY KEY (`id`),
  KEY `class_id` (`class_id`),
  CONSTRAINT `classexams_ibfk_1` FOREIGN KEY (`class_id`) REFERENCES `courseclasses` (`id`)
) ENGINE=InnoDB DEFAULT CHARSET=utf8mb4 COLLATE=utf8mb4_unicode_ci;

INSERT INTO `classexams` (`id`, `class_id`, `exam_id`, `exam_start_date`, `exam_end_date`, `addedon`) VALUES
(1,	8,	2,	'2018-12-01 00:00:00',	'2018-12-10 00:00:00',	'2018-12-06 06:22:40'),
(2,	8,	1,	'2018-12-01 00:00:00',	'2018-12-10 00:00:00',	'2018-12-06 06:22:40'),
(3,	8,	3,	'2018-12-01 00:00:00',	'2018-12-10 00:00:00',	'2018-12-06 06:22:40'),
(4,	8,	4,	'2018-12-01 00:00:00',	'2018-12-10 00:00:00',	'2018-12-06 06:22:40');

DROP TABLE IF EXISTS `classexercises`;
CREATE TABLE `classexercises` (
  `id` int(11) NOT NULL AUTO_INCREMENT,
  `class_id` int(11) NOT NULL,
  `exercise_id` int(11) NOT NULL,
  `addedon` timestamp NOT NULL DEFAULT CURRENT_TIMESTAMP,
  PRIMARY KEY (`id`),
  KEY `class_id` (`class_id`),
  CONSTRAINT `classexercises_ibfk_1` FOREIGN KEY (`class_id`) REFERENCES `courseclasses` (`id`) ON DELETE CASCADE
) ENGINE=InnoDB DEFAULT CHARSET=utf8mb4 COLLATE=utf8mb4_unicode_ci;


DROP TABLE IF EXISTS `classlearners`;
CREATE TABLE `classlearners` (
  `id` int(11) NOT NULL AUTO_INCREMENT,
  `class_id` int(11) NOT NULL,
  `user_id` int(11) NOT NULL,
  `status` enum('Pending','Accepted','Rejected','Invited') COLLATE utf8mb4_unicode_ci NOT NULL DEFAULT 'Pending',
  `joindate` timestamp NOT NULL DEFAULT CURRENT_TIMESTAMP,
  PRIMARY KEY (`id`),
  KEY `class_id` (`class_id`),
  KEY `learner` (`user_id`),
  CONSTRAINT `classlearners_ibfk_1` FOREIGN KEY (`class_id`) REFERENCES `courseclasses` (`id`),
  CONSTRAINT `classlearners_ibfk_2` FOREIGN KEY (`user_id`) REFERENCES `users` (`id`) ON DELETE CASCADE
) ENGINE=InnoDB DEFAULT CHARSET=utf8mb4 COLLATE=utf8mb4_unicode_ci;

INSERT INTO `classlearners` (`id`, `class_id`, `user_id`, `status`, `joindate`) VALUES
(1,	1,	4,	'Pending',	'2018-11-23 09:13:47'),
(2,	2,	3,	'Pending',	'2018-11-23 09:13:47'),
(3,	3,	4,	'Pending',	'2018-11-23 09:13:47'),
(4,	4,	9,	'Pending',	'2018-11-23 09:13:47'),
(5,	5,	5,	'Pending',	'2018-11-23 09:13:47'),
(6,	6,	1,	'Pending',	'2018-11-23 09:13:47'),
(7,	7,	2,	'Pending',	'2018-11-23 09:13:47'),
(8,	8,	6,	'Pending',	'2018-11-23 09:13:47'),
(9,	8,	9,	'Pending',	'2018-11-23 09:13:47'),
(10,	10,	5,	'Pending',	'2018-11-23 09:13:47'),
(11,	8,	7,	'Pending',	'2018-11-30 18:30:00'),
(12,	10,	7,	'Pending',	'2018-11-30 18:30:00'),
(13,	1,	1,	'Pending',	'2018-12-11 00:21:21'),
(14,	10,	1,	'Accepted',	'2018-12-11 00:23:41');

DROP TABLE IF EXISTS `countries`;
CREATE TABLE `countries` (
  `id` int(11) NOT NULL AUTO_INCREMENT,
  `country_name` varchar(100) COLLATE utf8mb4_unicode_ci NOT NULL,
  `abbreviation_code` varchar(50) COLLATE utf8mb4_unicode_ci DEFAULT NULL,
  `country_flag` varchar(100) COLLATE utf8mb4_unicode_ci DEFAULT NULL,
  `created_at` timestamp NULL DEFAULT NULL,
  `updated_at` timestamp NULL DEFAULT NULL,
  PRIMARY KEY (`id`)
) ENGINE=InnoDB DEFAULT CHARSET=utf8mb4 COLLATE=utf8mb4_unicode_ci;

INSERT INTO `countries` (`id`, `country_name`, `abbreviation_code`, `country_flag`, `created_at`, `updated_at`) VALUES
(1,	'Lebanon',	'LB',	'',	NULL,	NULL),
(2,	'United Arab Emirates',	'UAE',	'',	NULL,	NULL);

DROP TABLE IF EXISTS `courseclasses`;
CREATE TABLE `courseclasses` (
  `id` int(11) NOT NULL AUTO_INCREMENT,
  `class_name` varchar(100) COLLATE utf8mb4_unicode_ci NOT NULL,
  `class_description` text COLLATE utf8mb4_unicode_ci NOT NULL,
  `language_id` int(11) NOT NULL,
  `start_date` datetime DEFAULT NULL,
  `end_date` datetime DEFAULT NULL,
  `discipline_id` int(11) DEFAULT NULL,
  `grade_id` int(11) DEFAULT NULL,
  `teacher_userid` int(11) NOT NULL,
  `iconurl` varchar(255) COLLATE utf8mb4_unicode_ci NOT NULL,
  `isavailable` enum('Y','N','') COLLATE utf8mb4_unicode_ci NOT NULL,
  `created_at` timestamp NULL DEFAULT NULL,
  `updated_at` timestamp NULL DEFAULT NULL,
  PRIMARY KEY (`id`),
  KEY `discipline_id` (`discipline_id`),
  KEY `grade_id` (`grade_id`)
) ENGINE=InnoDB DEFAULT CHARSET=utf8mb4 COLLATE=utf8mb4_unicode_ci;

INSERT INTO `courseclasses` (`id`, `class_name`, `class_description`, `language_id`, `start_date`, `end_date`, `discipline_id`, `grade_id`, `teacher_userid`, `iconurl`, `isavailable`, `created_at`, `updated_at`) VALUES
(1,	'Class of Et.',	'Facere sed dolores qui.',	1,	'1980-01-09 00:00:00',	'1988-08-18 00:00:00',	2,	NULL,	5,	'https://lorempixel.com/640/480/?31799',	'Y',	'2018-11-23 03:43:46',	'2018-11-23 03:43:46'),
(2,	'Class of Sit.',	'Iste quo dolorem iusto.',	1,	'2016-01-15 00:00:00',	'2001-11-08 00:00:00',	2,	NULL,	8,	'https://lorempixel.com/640/480/?32259',	'Y',	'2018-11-23 03:43:46',	'2018-11-23 03:43:46'),
(3,	'Class of Qui.',	'Quos sint commodi ipsa.',	1,	'1999-05-28 00:00:00',	'1974-05-30 00:00:00',	1,	NULL,	6,	'https://lorempixel.com/640/480/?83797',	'Y',	'2018-11-23 03:43:46',	'2018-11-23 03:43:46'),
(4,	'Class of Quam.',	'Vel rem porro repellat.',	1,	'2002-07-17 00:00:00',	'1978-07-24 00:00:00',	2,	NULL,	4,	'https://lorempixel.com/640/480/?79567',	'Y',	'2018-11-23 03:43:47',	'2018-11-23 03:43:47'),
(5,	'Class of Quis.',	'Ut dolore illo vel unde.',	1,	'2014-10-14 00:00:00',	'1976-06-17 00:00:00',	1,	NULL,	5,	'https://lorempixel.com/640/480/?58905',	'Y',	'2018-11-23 03:43:47',	'2018-11-23 03:43:47'),
(6,	'Class of Et.',	'Qui cum pariatur optio.',	1,	'1989-12-23 00:00:00',	'1991-03-27 00:00:00',	1,	NULL,	8,	'https://lorempixel.com/640/480/?53005',	'Y',	'2018-11-23 03:43:47',	'2018-11-23 03:43:47'),
(7,	'Class of Qui.',	'Eius quae et et ut.',	1,	'2005-07-14 00:00:00',	'2013-08-01 00:00:00',	2,	NULL,	9,	'https://lorempixel.com/640/480/?83903',	'Y',	'2018-11-23 03:43:47',	'2018-11-23 03:43:47'),
(8,	'Class of Et.',	'Culpa et aut temporibus.',	1,	'1984-09-24 00:00:00',	'2014-12-06 00:00:00',	1,	NULL,	2,	'https://lorempixel.com/640/480/?80300',	'Y',	'2018-11-23 03:43:47',	'2018-11-23 03:43:47'),
(9,	'Class of Qui.',	'Ex in omnis dolorem.',	1,	'1984-02-07 00:00:00',	'2017-04-18 00:00:00',	2,	NULL,	3,	'https://lorempixel.com/640/480/?42695',	'Y',	'2018-11-23 03:43:47',	'2018-11-23 03:43:47'),
(10,	'Class of Amet.',	'Ipsa ad quasi atque et.',	1,	'1987-11-16 00:00:00',	'1996-01-16 00:00:00',	1,	NULL,	2,	'https://lorempixel.com/640/480/?92158',	'Y',	'2018-11-23 03:43:47',	'2018-11-23 03:43:47');

DROP TABLE IF EXISTS `curricula_gradelists`;
CREATE TABLE `curricula_gradelists` (
  `id` int(11) NOT NULL AUTO_INCREMENT,
  `curriculum_gradelist_name` varchar(250) COLLATE utf8mb4_unicode_ci NOT NULL,
  `description` text COLLATE utf8mb4_unicode_ci NOT NULL,
  `country_id` int(11) NOT NULL,
  `approve_status` enum('pending','approved','declined','') COLLATE utf8mb4_unicode_ci NOT NULL,
  `createdby` int(11) NOT NULL,
  `updatedby` int(11) NOT NULL,
  `created_at` timestamp NULL DEFAULT NULL,
  `updated_at` timestamp NULL DEFAULT NULL,
  PRIMARY KEY (`id`),
  KEY `country_id` (`country_id`)
) ENGINE=InnoDB DEFAULT CHARSET=utf8mb4 COLLATE=utf8mb4_unicode_ci;

INSERT INTO `curricula_gradelists` (`id`, `curriculum_gradelist_name`, `description`, `country_id`, `approve_status`, `createdby`, `updatedby`, `created_at`, `updated_at`) VALUES
(1,	'12 Grades List',	'',	1,	'approved',	1,	1,	NULL,	NULL),
(2,	'13 Grades List',	'',	1,	'approved',	1,	1,	NULL,	NULL);

DROP TABLE IF EXISTS `disciplinecollaborators`;
CREATE TABLE `disciplinecollaborators` (
  `id` int(11) NOT NULL AUTO_INCREMENT,
  `discipline_id` int(11) NOT NULL,
  `user_id` int(11) NOT NULL,
  `message` text COLLATE utf8mb4_unicode_ci NOT NULL,
  `iscoordinator` tinyint(1) NOT NULL DEFAULT '0',
  `approvalstatus` enum('pending','approved','declined','') COLLATE utf8mb4_unicode_ci NOT NULL,
  `created_at` timestamp NOT NULL DEFAULT CURRENT_TIMESTAMP,
  PRIMARY KEY (`id`),
  KEY `discipline_id` (`discipline_id`),
  KEY `users` (`user_id`),
  CONSTRAINT `disciplinecollaborators_ibfk_1` FOREIGN KEY (`discipline_id`) REFERENCES `disciplines` (`id`) ON DELETE CASCADE,
  CONSTRAINT `disciplinecollaborators_ibfk_2` FOREIGN KEY (`user_id`) REFERENCES `users` (`id`) ON DELETE CASCADE
) ENGINE=InnoDB DEFAULT CHARSET=utf8mb4 COLLATE=utf8mb4_unicode_ci;

INSERT INTO `disciplinecollaborators` (`id`, `discipline_id`, `user_id`, `message`, `iscoordinator`, `approvalstatus`, `created_at`) VALUES
(1,	1,	2,	'Teacher1 coordinator of Chemistry',	1,	'approved',	'2018-11-23 09:12:26');

DROP TABLE IF EXISTS `disciplines`;
CREATE TABLE `disciplines` (
  `id` int(11) NOT NULL AUTO_INCREMENT,
  `discipline_name` text COLLATE utf8mb4_unicode_ci NOT NULL,
  `description` varchar(500) COLLATE utf8mb4_unicode_ci NOT NULL,
  `curriculum_gradelist_id` int(11) DEFAULT NULL,
  `group_id` int(11) DEFAULT NULL,
  `topic_id` int(11) DEFAULT NULL,
  `iconurl` varchar(50) COLLATE utf8mb4_unicode_ci DEFAULT NULL,
  `color` varchar(10) COLLATE utf8mb4_unicode_ci DEFAULT NULL,
  `language_preference_id` int(11) NOT NULL,
  `approve_status` enum('pending','approved','declined','') COLLATE utf8mb4_unicode_ci NOT NULL DEFAULT 'pending',
  `publish_status` enum('draft','published','unpublished','') COLLATE utf8mb4_unicode_ci NOT NULL DEFAULT 'draft',
  `createdby` int(11) NOT NULL,
  `updatedby` int(11) NOT NULL,
  `created_at` timestamp NULL DEFAULT NULL,
  `updated_at` timestamp NULL DEFAULT NULL,
  PRIMARY KEY (`id`),
  KEY `curriculum_gradelist_id` (`curriculum_gradelist_id`),
  KEY `disciplines_ibfk_2` (`topic_id`),
  CONSTRAINT `disciplines_ibfk_1` FOREIGN KEY (`curriculum_gradelist_id`) REFERENCES `curricula_gradelists` (`id`) ON DELETE SET NULL,
  CONSTRAINT `disciplines_ibfk_2` FOREIGN KEY (`topic_id`) REFERENCES `topics` (`id`) ON DELETE SET NULL
) ENGINE=InnoDB DEFAULT CHARSET=utf8mb4 COLLATE=utf8mb4_unicode_ci;

INSERT INTO `disciplines` (`id`, `discipline_name`, `description`, `curriculum_gradelist_id`, `group_id`, `topic_id`, `iconurl`, `color`, `language_preference_id`, `approve_status`, `publish_status`, `createdby`, `updatedby`, `created_at`, `updated_at`) VALUES
(1,	'Chemistry I',	'Chemistry for International Curriculum',	1,	NULL,	1,	'',	NULL,	1,	'approved',	'published',	1,	1,	NULL,	NULL),
(2,	'Math I',	'Math for International Curriculum',	1,	NULL,	2,	'',	NULL,	1,	'approved',	'published',	1,	1,	NULL,	NULL),
(3,	'Biology -Lebanese',	'Biology for Lebanese Curriculum',	2,	NULL,	3,	'',	NULL,	1,	'approved',	'published',	1,	1,	NULL,	NULL);

DROP TABLE IF EXISTS `disciplineversions`;
CREATE TABLE `disciplineversions` (
  `id` int(11) NOT NULL AUTO_INCREMENT,
  `discipline_id` int(11) NOT NULL,
  `version` int(11) NOT NULL,
  `ispublished` int(11) NOT NULL DEFAULT '0',
  `created_at` timestamp NOT NULL DEFAULT CURRENT_TIMESTAMP,
  PRIMARY KEY (`id`),
  KEY `discipline_id` (`discipline_id`),
  CONSTRAINT `disciplineversions_ibfk_1` FOREIGN KEY (`discipline_id`) REFERENCES `disciplines` (`id`) ON DELETE CASCADE
) ENGINE=InnoDB DEFAULT CHARSET=utf8mb4 COLLATE=utf8mb4_unicode_ci;

INSERT INTO `disciplineversions` (`id`, `discipline_id`, `version`, `ispublished`, `created_at`) VALUES
(1,	1,	1,	1,	'2018-11-23 09:12:26'),
(2,	2,	1,	1,	'2018-11-23 09:12:26'),
(3,	3,	1,	1,	'2018-11-23 09:12:26');

DROP TABLE IF EXISTS `examquestions`;
CREATE TABLE `examquestions` (
  `id` int(11) NOT NULL AUTO_INCREMENT,
  `exam_id` int(11) NOT NULL,
  `question_id` int(11) NOT NULL,
  `points` int(11) NOT NULL,
  `sort_order` int(11) DEFAULT NULL,
  PRIMARY KEY (`id`),
  KEY `exam_id` (`exam_id`),
  KEY `question` (`question_id`),
  CONSTRAINT `examquestions_ibfk_1` FOREIGN KEY (`exam_id`) REFERENCES `exams` (`id`) ON DELETE CASCADE,
  CONSTRAINT `examquestions_ibfk_2` FOREIGN KEY (`question_id`) REFERENCES `questions` (`id`)
) ENGINE=InnoDB DEFAULT CHARSET=utf8mb4 COLLATE=utf8mb4_unicode_ci;

INSERT INTO `examquestions` (`id`, `exam_id`, `question_id`, `points`, `sort_order`) VALUES
(1,	1,	54,	10,	1),
(2,	1,	57,	5,	2);

DROP TABLE IF EXISTS `exams`;
CREATE TABLE `exams` (
  `id` int(11) NOT NULL AUTO_INCREMENT,
  `examtype` enum('homework','test','practice','') COLLATE utf8mb4_unicode_ci NOT NULL,
  `title` varchar(250) COLLATE utf8mb4_unicode_ci NOT NULL,
  `teacheruser_id` int(11) NOT NULL,
  `isavailable` enum('Y','N','') COLLATE utf8mb4_unicode_ci NOT NULL,
  `skillcategory_id` int(11) DEFAULT NULL,
  `skill_id` int(11) DEFAULT NULL,
  `maxpoints` int(11) DEFAULT NULL,
  `created_at` timestamp NULL DEFAULT NULL,
  `updated_at` timestamp NULL DEFAULT NULL,
  PRIMARY KEY (`id`)
) ENGINE=InnoDB DEFAULT CHARSET=utf8mb4 COLLATE=utf8mb4_unicode_ci;

INSERT INTO `exams` (`id`, `examtype`, `title`, `teacheruser_id`, `isavailable`, `skillcategory_id`, `skill_id`, `maxpoints`, `created_at`, `updated_at`) VALUES
(1,	'practice',	'demo exam',	2,	'N',	1,	1,	10,	'2018-11-28 07:05:49',	'2018-11-28 07:05:49'),
(2,	'test',	'demo',	2,	'Y',	1,	1,	20,	'2018-11-30 18:30:00',	'2018-11-30 18:30:00'),
(3,	'practice',	'Exam-3',	2,	'N',	1,	1,	30,	'2018-11-28 07:05:49',	'2018-11-28 07:05:49'),
(4,	'test',	'Exam-4',	2,	'Y',	1,	1,	40,	'2018-11-30 18:30:00',	'2018-11-30 18:30:00');

DROP TABLE IF EXISTS `examselections`;
CREATE TABLE `examselections` (
  `id` int(11) NOT NULL AUTO_INCREMENT,
  `exam_id` int(11) NOT NULL,
  `selection_id` int(11) NOT NULL,
  `selection_table` varchar(100) COLLATE utf8mb4_unicode_ci NOT NULL,
  `isselected` tinyint(4) NOT NULL,
  `created_at` timestamp NULL DEFAULT NULL,
  `updated_at` timestamp NULL DEFAULT NULL,
  PRIMARY KEY (`id`)
) ENGINE=InnoDB DEFAULT CHARSET=utf8mb4 COLLATE=utf8mb4_unicode_ci;

INSERT INTO `examselections` (`id`, `exam_id`, `selection_id`, `selection_table`, `isselected`, `created_at`, `updated_at`) VALUES
(1,	1,	10,	'exercisesets',	1,	NULL,	NULL),
(2,	1,	2,	'disciplines',	1,	NULL,	NULL);

DROP TABLE IF EXISTS `exercisesetbuyers`;
CREATE TABLE `exercisesetbuyers` (
  `id` int(11) NOT NULL AUTO_INCREMENT,
  `exerciseset_id` int(11) NOT NULL,
  `user_id` int(11) NOT NULL,
  `joindate` timestamp NOT NULL DEFAULT CURRENT_TIMESTAMP,
  PRIMARY KEY (`id`),
  KEY `exerciseset_id` (`exerciseset_id`),
  KEY `buyers` (`user_id`),
  CONSTRAINT `exercisesetbuyers_ibfk_1` FOREIGN KEY (`user_id`) REFERENCES `users` (`id`) ON DELETE CASCADE
) ENGINE=InnoDB DEFAULT CHARSET=utf8mb4 COLLATE=utf8mb4_unicode_ci;

INSERT INTO `exercisesetbuyers` (`id`, `exerciseset_id`, `user_id`, `joindate`) VALUES
(1,	1,	1,	'2018-04-13 09:39:22'),
(2,	2,	2,	'2018-04-13 09:39:22');

DROP TABLE IF EXISTS `exercisesets`;
CREATE TABLE `exercisesets` (
  `id` int(11) NOT NULL AUTO_INCREMENT,
  `title` varchar(250) COLLATE utf8mb4_unicode_ci NOT NULL,
  `discipline_id` int(11) DEFAULT NULL,
  `grade_id` int(11) DEFAULT NULL,
  `language_id` int(11) NOT NULL,
  `price` int(11) NOT NULL DEFAULT '0',
  `description` text COLLATE utf8mb4_unicode_ci NOT NULL,
  `publish_status` enum('private','public','') COLLATE utf8mb4_unicode_ci NOT NULL DEFAULT 'private',
  `created_at` timestamp NULL DEFAULT NULL,
  `updated_at` timestamp NULL DEFAULT NULL,
  `createdby` int(11) NOT NULL,
  PRIMARY KEY (`id`),
  KEY `discipline_id` (`discipline_id`,`language_id`)
) ENGINE=InnoDB DEFAULT CHARSET=utf8mb4 COLLATE=utf8mb4_unicode_ci;

INSERT INTO `exercisesets` (`id`, `title`, `discipline_id`, `grade_id`, `language_id`, `price`, `description`, `publish_status`, `created_at`, `updated_at`, `createdby`) VALUES
(1,	'Exercise of Repudiandae.',	3,	11,	1,	7,	'Repudiandae exercitationem vel nihil et. Et qui reiciendis excepturi ea ex. Sint omnis ut rem ut officia tempore esse odit.',	'private',	'2018-11-23 03:42:36',	'2018-11-23 03:42:36',	7),
(2,	'Exercise of Ad ut itaque.',	3,	2,	1,	2,	'Laudantium sed alias accusamus. Voluptatum itaque laudantium consectetur. Aut totam aut dolorem dolorum quia aut. Ab ea facilis ducimus aut.',	'private',	'2018-11-23 03:42:36',	'2018-11-23 03:42:36',	7),
(3,	'Exercise of Officia.',	2,	1,	1,	1,	'Quidem perspiciatis officia totam iusto. Quidem aut ad harum maxime quidem. Eum et magnam enim quo.',	'public',	'2018-11-23 03:42:36',	'2018-11-23 03:42:36',	5),
(4,	'Exercise of Sit odit a.',	1,	5,	1,	6,	'Ipsam dicta quae voluptatem quia. Quo ut sunt amet excepturi unde earum. Explicabo cumque impedit ab sunt eos laboriosam. Enim eum voluptatem inventore iusto modi voluptatem enim.',	'public',	'2018-11-23 03:42:36',	'2018-11-23 03:42:36',	2),
(5,	'Exercise of Rerum.',	1,	7,	1,	8,	'Et optio maxime odio ad et. Quisquam dolorum numquam velit. Voluptatem est eaque et.',	'public',	'2018-11-23 03:42:37',	'2018-11-23 03:42:37',	6),
(6,	'Exercise of Non dolorem.',	2,	9,	1,	10,	'Qui enim occaecati consequatur minus commodi culpa. Fugit officiis tenetur debitis et. Ut nostrum possimus rerum excepturi rerum. Aspernatur delectus qui placeat deserunt qui hic rerum.',	'private',	'2018-11-23 03:42:37',	'2018-11-23 03:42:37',	5),
(7,	'Exercise of Ea quae est ea.',	3,	4,	1,	1,	'Rem occaecati est id non iure nam molestiae. Et in aut sit temporibus eos. Voluptatum perferendis ipsam aut qui facere id ex. Non temporibus quidem sint eum.',	'private',	'2018-11-23 03:42:37',	'2018-11-23 03:42:37',	5),
(8,	'Exercise of Fugit.',	3,	10,	1,	6,	'Quas molestias atque aliquam. Alias voluptatem corporis aut alias. Eum facilis sapiente cumque perspiciatis natus et aliquid.',	'private',	'2018-11-23 03:42:37',	'2018-11-23 03:42:37',	7),
(9,	'Exercise of Aut corrupti.',	1,	2,	1,	0,	'Fugiat ut sint tenetur est est. Quaerat ut dolorem cumque molestiae et culpa enim. Laudantium minus suscipit autem atque sapiente odio.',	'private',	'2018-11-23 03:42:37',	'2018-11-23 03:42:37',	1),
(10,	'Exercise of Laboriosam et.',	2,	6,	1,	3,	'Labore nulla est doloribus et eius voluptate sunt. Quis commodi et impedit sit porro repellat eaque. Dolorem sunt sint nisi veniam.',	'private',	'2018-11-23 03:42:37',	'2018-11-23 03:42:37',	2),
(11,	'Exercise of Quam similique.',	2,	12,	1,	3,	'Ipsa sed temporibus pariatur voluptatem soluta eum. Laboriosam officia minus voluptatem aperiam qui sed a saepe. Nulla dolore neque velit cum. Ratione non sed soluta ea in voluptas ad nihil.',	'private',	'2018-11-23 03:42:37',	'2018-11-23 03:42:37',	4),
(12,	'Exercise of Eum tenetur.',	2,	5,	1,	8,	'Hic officiis enim quia quasi quis nobis repellendus. Occaecati quidem porro porro fugit nihil ut. Beatae deserunt sed ad ullam excepturi facere.',	'public',	'2018-11-23 03:42:37',	'2018-11-23 03:42:37',	3),
(13,	'Exercise of Facere ab ea.',	2,	12,	1,	4,	'Quae quisquam est ut harum similique. Reprehenderit saepe quod consequatur voluptas soluta voluptate numquam. Velit earum ut dolores eum quae ratione.',	'public',	'2018-11-23 03:42:37',	'2018-11-23 03:42:37',	4),
(14,	'Exercise of Adipisci.',	1,	9,	1,	9,	'Dolores autem in officia ut facere neque. Culpa sunt aliquid cum id excepturi. Aut sed consequatur autem quo. Porro sunt veritatis qui ut. Qui incidunt beatae eligendi quia.',	'public',	'2018-11-23 03:42:37',	'2018-11-23 03:42:37',	2),
(15,	'Exercise of Et ipsa.',	2,	2,	1,	9,	'Quo officia suscipit pariatur sunt neque ut. Repellendus voluptatem quibusdam consectetur aut et est et. Ut corporis similique delectus. Corporis ab sunt sunt qui.',	'private',	'2018-11-23 03:42:37',	'2018-11-23 03:42:37',	5),
(16,	'Exercise of Non dolorem.',	1,	1,	1,	4,	'Odio est similique blanditiis placeat. Neque nemo aut qui. Rerum adipisci dolorum numquam non autem molestiae sit.',	'private',	'2018-11-23 03:42:37',	'2018-11-23 03:42:37',	1),
(17,	'Exercise of Tenetur.',	2,	11,	1,	6,	'Quo magnam non tempore voluptas. Suscipit nesciunt et neque. Mollitia eos molestiae ut totam. Assumenda exercitationem incidunt et voluptatem dolores voluptate exercitationem quaerat.',	'private',	'2018-11-23 03:42:37',	'2018-11-23 03:42:37',	4),
(18,	'Exercise of Natus et rerum.',	2,	9,	1,	8,	'Sapiente illum odio quo aperiam laudantium dicta dignissimos. Maxime est distinctio asperiores qui. Laboriosam quam quos quidem.',	'public',	'2018-11-23 03:42:37',	'2018-11-23 03:42:37',	3),
(19,	'Exercise of Ex quo autem.',	3,	1,	1,	7,	'Dolores aspernatur consequatur rerum sint alias molestias et ut. Deleniti dolor et voluptates fuga adipisci illum. Consequuntur sed quisquam tempore nulla et harum aspernatur.',	'public',	'2018-11-23 03:42:37',	'2018-11-23 03:42:37',	5),
(20,	'Exercise of Id nulla omnis.',	1,	3,	1,	3,	'Odio iusto quia beatae iure reprehenderit hic eveniet. Fugit praesentium commodi qui corporis.',	'public',	'2018-11-23 03:42:37',	'2018-11-23 03:42:37',	4),
(21,	'Exercise of Et unde et.',	3,	3,	1,	5,	'Dolores voluptas qui fugit molestias est architecto qui omnis. Occaecati ducimus earum consequatur voluptate. Occaecati aut sit incidunt quibusdam. Quae at nisi voluptas tenetur quis. Et totam magnam quam ullam temporibus magnam quam.',	'private',	'2018-11-23 03:42:37',	'2018-11-23 03:42:37',	1),
(22,	'Exercise of Voluptatum.',	2,	10,	1,	2,	'Ut quibusdam veniam voluptas odio aut possimus odit. Voluptas doloribus exercitationem et et et minus. Sint odit optio nobis id quia illum. Eos provident id maiores omnis.',	'private',	'2018-11-23 03:42:37',	'2018-11-23 03:42:37',	5),
(23,	'Exercise of Aspernatur.',	1,	6,	1,	8,	'Nihil assumenda est ea saepe eligendi accusamus molestiae. Temporibus id ut fuga sunt libero. Voluptate corporis deleniti veniam distinctio mollitia quidem quo.',	'private',	'2018-11-23 03:42:37',	'2018-11-23 03:42:37',	7),
(24,	'Exercise of Sequi quia.',	1,	4,	1,	1,	'Animi tempora laboriosam harum voluptas. Quis quia nemo qui sequi assumenda beatae ut. Eveniet nesciunt nulla et vel voluptas facilis. Fuga sit cum corrupti sint et et consequatur ratione.',	'private',	'2018-11-23 03:42:37',	'2018-11-23 03:42:37',	4),
(25,	'Exercise of Aut eum sed.',	2,	2,	1,	1,	'Perferendis veniam pariatur eos accusamus. Voluptas doloremque consequatur dolor fuga eum consequatur ut nesciunt. Aut cupiditate repudiandae necessitatibus voluptatem culpa numquam. Distinctio dicta et omnis ut.',	'public',	'2018-11-23 03:42:37',	'2018-11-23 03:42:37',	5),
(26,	'Exercise of Autem et ab.',	2,	3,	1,	3,	'Labore nesciunt molestiae et consequatur. In non et quo voluptate optio at. Enim tempora fugit saepe est. Repellendus doloribus illo consequuntur sint voluptas illo. Voluptas rerum quod harum.',	'private',	'2018-11-23 03:42:38',	'2018-11-23 03:42:38',	6),
(27,	'Exercise of Commodi omnis.',	2,	12,	1,	6,	'Rerum adipisci velit quam eum et. Quis qui beatae exercitationem itaque. Ducimus dicta voluptate earum laboriosam ratione impedit. Nesciunt optio qui fugit aliquid minima dolores. Laudantium qui quia et consequatur quam corporis.',	'private',	'2018-11-23 03:42:38',	'2018-11-23 03:42:38',	5),
(28,	'Exercise of In accusamus.',	3,	8,	1,	0,	'Qui officiis incidunt vel ut blanditiis eum ut. Voluptatem sed qui officia sunt. Incidunt asperiores blanditiis voluptas eligendi dolor maiores nulla praesentium.',	'private',	'2018-11-23 03:42:38',	'2018-11-23 03:42:38',	3),
(29,	'Exercise of Accusamus.',	1,	12,	1,	0,	'Sit et ratione non aut nesciunt. Incidunt non placeat non aliquid sit voluptatem. Neque repellendus voluptatum voluptas. Qui iure omnis inventore accusantium odio. In est consequatur totam repellendus vitae sit reprehenderit consequatur.',	'public',	'2018-11-23 03:42:38',	'2018-11-23 03:42:38',	6),
(30,	'Exercise of Asperiores.',	1,	4,	1,	8,	'Natus quae voluptate et. Illum illo impedit quis adipisci laboriosam eos voluptas. Assumenda nihil qui doloribus. Qui omnis placeat culpa amet. Deleniti ea in voluptas at iure odit.',	'private',	'2018-11-23 03:42:38',	'2018-11-23 03:42:38',	2),
(31,	'Exercise of Nam ut rerum.',	1,	1,	1,	6,	'Aut repudiandae delectus quo. Et dicta dolorem omnis error aperiam aut reiciendis. Veritatis nemo esse aperiam dolores expedita expedita inventore. Rerum quis illo libero ratione et eaque.',	'private',	'2018-11-23 03:42:38',	'2018-11-23 03:42:38',	3),
(32,	'Exercise of Quia quasi.',	2,	8,	1,	6,	'Dolor et doloremque repellat consequatur odit. Aut et tempore delectus eos. Maiores nulla corporis consequatur nulla expedita corporis. Voluptatem quam et mollitia enim.',	'private',	'2018-11-23 03:42:38',	'2018-11-23 03:42:38',	6),
(33,	'Exercise of Placeat.',	2,	5,	1,	10,	'Ducimus voluptatem sint illum doloribus beatae. Alias rerum impedit a rerum. Rerum voluptas numquam officiis similique distinctio illum laborum. Illum excepturi et ut sapiente aut provident.',	'public',	'2018-11-23 03:42:38',	'2018-11-23 03:42:38',	3),
(34,	'Exercise of Dignissimos.',	1,	1,	1,	9,	'Et eos hic at ullam rerum reprehenderit. Sit quasi est corrupti sunt voluptate est et. Consequatur qui modi autem veniam delectus suscipit. Est assumenda vero repellendus maxime beatae molestiae nemo.',	'private',	'2018-11-23 03:42:38',	'2018-11-23 03:42:38',	7),
(35,	'Exercise of Autem natus.',	3,	7,	1,	4,	'Expedita sint et est ea dolor consequatur est. Molestias a fugit vel. Laboriosam consequatur odio rerum. Velit ipsam voluptatem voluptates reprehenderit.',	'public',	'2018-11-23 03:42:38',	'2018-11-23 03:42:38',	4),
(36,	'Exercise of Voluptatem.',	2,	11,	1,	3,	'Corrupti laborum officiis iste quaerat voluptas similique iure ut. Et enim ut quidem quis. Omnis nemo sunt ut est consequatur eius quisquam.',	'public',	'2018-11-23 03:42:38',	'2018-11-23 03:42:38',	3),
(37,	'Exercise of Et et iure sit.',	3,	4,	1,	2,	'Nihil minima consectetur velit ducimus atque. Voluptatem officia aliquam hic rerum voluptatem. Quae veritatis quo magnam dolores.',	'private',	'2018-11-23 03:42:38',	'2018-11-23 03:42:38',	2),
(38,	'Exercise of Et et at vel.',	3,	11,	1,	10,	'Et eum incidunt nostrum minus provident voluptatum. Porro voluptatibus ut quo ut natus. Explicabo sint voluptatem occaecati expedita. Sapiente nihil repellendus accusantium amet perspiciatis libero.',	'public',	'2018-11-23 03:42:38',	'2018-11-23 03:42:38',	1),
(39,	'Exercise of Alias qui at.',	2,	6,	1,	4,	'Et sit amet nisi saepe et recusandae. Explicabo quam voluptatem quisquam aut. Sed labore reiciendis velit temporibus aliquam recusandae tempore.',	'public',	'2018-11-23 03:42:38',	'2018-11-23 03:42:38',	4),
(40,	'Exercise of Voluptatem.',	2,	12,	1,	9,	'Corrupti perferendis ab libero suscipit consequatur et suscipit consequatur. Animi eum porro laborum cum voluptatem. Aliquam quibusdam exercitationem voluptas aut. Nihil accusantium temporibus soluta sint.',	'private',	'2018-11-23 03:42:38',	'2018-11-23 03:42:38',	1),
(41,	'Exercise of Libero.',	1,	12,	1,	9,	'Qui consectetur aspernatur omnis fugit sed qui cumque. Voluptatem atque et occaecati et voluptas animi tempore. Similique quia alias adipisci dolore.',	'private',	'2018-11-23 03:42:38',	'2018-11-23 03:42:38',	2),
(42,	'Exercise of Aperiam id est.',	2,	3,	1,	4,	'At totam quia ut nisi consequatur doloribus. Quia dolorem impedit eveniet aut. Accusantium qui voluptatem repellat vel aliquid qui quo. Iure sunt ullam velit inventore modi aut numquam ut.',	'private',	'2018-11-23 03:42:38',	'2018-11-23 03:42:38',	5),
(43,	'Exercise of Inventore iste.',	1,	10,	1,	5,	'Ipsa aut qui consequatur quidem quia aspernatur veritatis neque. Nesciunt debitis quas praesentium velit. Inventore et doloribus quasi eum ratione et. Aut vitae qui ratione quia fugit molestiae. Repellat quisquam quod corporis.',	'private',	'2018-11-23 03:42:38',	'2018-11-23 03:42:38',	3),
(44,	'Exercise of Quis illo.',	2,	12,	1,	9,	'Vitae est nulla dolorem quia voluptatem a ea laboriosam. Deserunt illo laudantium rerum molestiae ut non. Dolor harum iste autem tempore illo neque. Saepe atque enim sed fugit nihil.',	'public',	'2018-11-23 03:42:38',	'2018-11-23 03:42:38',	5),
(45,	'Exercise of Provident ut.',	1,	5,	1,	4,	'Vero ullam corrupti odio laudantium et. Sit rerum esse nihil delectus inventore autem. Molestias eius vel ex. Hic optio ipsam voluptas omnis in.',	'private',	'2018-11-23 03:42:38',	'2018-11-23 03:42:38',	1),
(46,	'Exercise of Totam natus.',	3,	10,	1,	9,	'Voluptatem magnam ut laudantium ut. Aut ut sed voluptatem blanditiis aut totam itaque. Quidem voluptas ut quia est sed voluptatibus ab. Nulla sunt non est velit.',	'public',	'2018-11-23 03:42:38',	'2018-11-23 03:42:38',	3),
(47,	'Exercise of Voluptate.',	3,	8,	1,	2,	'Id porro facilis facere praesentium architecto architecto. Nihil praesentium et expedita beatae consequatur velit et animi.',	'public',	'2018-11-23 03:42:39',	'2018-11-23 03:42:39',	4),
(48,	'Exercise of Accusamus sint.',	1,	3,	1,	6,	'Autem iste sunt suscipit incidunt consequatur amet. Molestiae asperiores quasi labore est error facilis at qui. Labore incidunt ut dolorem omnis quia et molestias. Ea aliquid tempore voluptatem corrupti. Voluptatem amet itaque quo maiores ut et.',	'public',	'2018-11-23 03:42:39',	'2018-11-23 03:42:39',	2),
(49,	'Exercise of Non qui quidem.',	1,	6,	1,	5,	'Et voluptatum fuga voluptatem at atque qui. Commodi rerum ut voluptatem corporis sed voluptas odit. Quo facilis sint beatae modi. Aut impedit qui est molestiae aperiam quis eos.',	'private',	'2018-11-23 03:42:39',	'2018-11-23 03:42:39',	3),
(50,	'Exercise of Enim impedit.',	3,	7,	1,	1,	'Quis ea voluptas est accusantium eveniet provident odio. Vitae in quo est minima assumenda quo. Saepe ipsam sunt perspiciatis atque. Odio incidunt voluptatibus ad.',	'public',	'2018-11-23 03:42:39',	'2018-11-23 03:42:39',	1);

DROP TABLE IF EXISTS `gamedetails`;
CREATE TABLE `gamedetails` (
  `id` int(11) NOT NULL AUTO_INCREMENT,
  `platform_id` int(11) NOT NULL,
  `game_id` int(11) NOT NULL,
  `android_link` varchar(500) COLLATE utf8mb4_unicode_ci DEFAULT NULL,
  `ios_link` varchar(500) COLLATE utf8mb4_unicode_ci DEFAULT NULL,
  `ios_bundle_id` varchar(500) COLLATE utf8mb4_unicode_ci DEFAULT NULL,
  `ios_url_scheme_suffix` varchar(500) COLLATE utf8mb4_unicode_ci DEFAULT NULL,
  `ios_iphone_store_id` varchar(500) COLLATE utf8mb4_unicode_ci DEFAULT NULL,
  `ios_ipad_store_id` varchar(500) COLLATE utf8mb4_unicode_ci DEFAULT NULL,
  `android_package_name` varchar(500) COLLATE utf8mb4_unicode_ci DEFAULT NULL,
  `android_key_hashes` varchar(500) COLLATE utf8mb4_unicode_ci DEFAULT NULL,
  `android_class_name` varchar(500) COLLATE utf8mb4_unicode_ci DEFAULT NULL,
  `android_amazon_url` varchar(500) COLLATE utf8mb4_unicode_ci DEFAULT NULL,
  `created_at` timestamp NULL DEFAULT NULL,
  `updated_at` timestamp NULL DEFAULT NULL,
  PRIMARY KEY (`id`)
) ENGINE=InnoDB DEFAULT CHARSET=utf8mb4 COLLATE=utf8mb4_unicode_ci;


DROP TABLE IF EXISTS `gamedownloads`;
CREATE TABLE `gamedownloads` (
  `id` int(11) NOT NULL AUTO_INCREMENT,
  `user_id` int(11) NOT NULL,
  `game_id` int(11) NOT NULL,
  `created_at` timestamp NULL DEFAULT NULL,
  `updated_at` timestamp NULL DEFAULT NULL,
  `download_type` enum('google','app','') COLLATE utf8mb4_unicode_ci NOT NULL,
  PRIMARY KEY (`id`),
  KEY `user_id` (`user_id`,`game_id`)
) ENGINE=InnoDB DEFAULT CHARSET=utf8mb4 COLLATE=utf8mb4_unicode_ci;


DROP TABLE IF EXISTS `gamerestrictedkids`;
CREATE TABLE `gamerestrictedkids` (
  `id` int(11) NOT NULL AUTO_INCREMENT,
  `kid_id` int(11) NOT NULL,
  `game_id` int(11) NOT NULL,
  `restricted_by` int(11) NOT NULL,
  `created_at` timestamp NULL DEFAULT NULL,
  `updated_at` timestamp NULL DEFAULT NULL,
  `isactive` enum('Y','N','') COLLATE utf8mb4_unicode_ci NOT NULL,
  PRIMARY KEY (`id`),
  KEY `kid_id` (`kid_id`,`game_id`)
) ENGINE=InnoDB DEFAULT CHARSET=utf8mb4 COLLATE=utf8mb4_unicode_ci;


DROP TABLE IF EXISTS `games`;
CREATE TABLE `games` (
  `id` int(11) NOT NULL AUTO_INCREMENT,
  `discipline_id` int(11) NOT NULL,
  `developer_id` int(11) NOT NULL,
  `game_name` varchar(250) COLLATE utf8mb4_unicode_ci NOT NULL,
  `patform` enum('IOS','android','') COLLATE utf8mb4_unicode_ci NOT NULL,
  `app_id` varchar(500) COLLATE utf8mb4_unicode_ci NOT NULL,
  `secrete_key` varchar(500) COLLATE utf8mb4_unicode_ci NOT NULL,
  `game_icon` varchar(250) COLLATE utf8mb4_unicode_ci NOT NULL,
  `image1` varchar(250) COLLATE utf8mb4_unicode_ci NOT NULL,
  `image2` varchar(250) COLLATE utf8mb4_unicode_ci NOT NULL,
  `image3` varchar(250) COLLATE utf8mb4_unicode_ci NOT NULL,
  `image4` varchar(250) COLLATE utf8mb4_unicode_ci NOT NULL,
  `image5` varchar(250) COLLATE utf8mb4_unicode_ci NOT NULL,
  `category_id` int(11) NOT NULL,
  `age_id` int(11) NOT NULL,
  `status` enum('draft','published','unpublished','') COLLATE utf8mb4_unicode_ci NOT NULL,
  `isapproved` enum('Y','N','') COLLATE utf8mb4_unicode_ci NOT NULL,
  `isactive` enum('Y','N','') COLLATE utf8mb4_unicode_ci NOT NULL,
  `created_at` timestamp NULL DEFAULT NULL,
  `updated_at` timestamp NULL DEFAULT NULL,
  `description` text COLLATE utf8mb4_unicode_ci NOT NULL,
  PRIMARY KEY (`id`)
) ENGINE=InnoDB DEFAULT CHARSET=utf8mb4 COLLATE=utf8mb4_unicode_ci;


DROP TABLE IF EXISTS `grades`;
CREATE TABLE `grades` (
  `id` int(11) NOT NULL AUTO_INCREMENT,
  `grade_name` varchar(250) COLLATE utf8mb4_unicode_ci NOT NULL,
  `curriculum_gradelist_id` int(11) DEFAULT NULL,
  `createdby` int(11) NOT NULL,
  `created_at` timestamp NULL DEFAULT NULL,
  `updated_at` timestamp NULL DEFAULT NULL,
  PRIMARY KEY (`id`),
  KEY `curriculum_gradelist_id` (`curriculum_gradelist_id`),
  CONSTRAINT `grades_ibfk_1` FOREIGN KEY (`curriculum_gradelist_id`) REFERENCES `curricula_gradelists` (`id`) ON DELETE CASCADE
) ENGINE=InnoDB DEFAULT CHARSET=utf8mb4 COLLATE=utf8mb4_unicode_ci;

INSERT INTO `grades` (`id`, `grade_name`, `curriculum_gradelist_id`, `createdby`, `created_at`, `updated_at`) VALUES
(1,	'Grade 3',	1,	1,	'2018-11-23 03:42:24',	'2018-11-23 03:42:24'),
(2,	'Grade 6',	1,	1,	'2018-11-23 03:42:25',	'2018-11-23 03:42:25'),
(3,	'Grade 11',	1,	1,	'2018-11-23 03:42:25',	'2018-11-23 03:42:25'),
(4,	'Grade 2',	1,	1,	'2018-11-23 03:42:25',	'2018-11-23 03:42:25'),
(5,	'Grade 9',	1,	1,	'2018-11-23 03:42:25',	'2018-11-23 03:42:25'),
(6,	'Grade 4',	1,	1,	'2018-11-23 03:42:25',	'2018-11-23 03:42:25'),
(7,	'Grade 10',	1,	1,	'2018-11-23 03:42:25',	'2018-11-23 03:42:25'),
(8,	'Grade 8',	1,	1,	'2018-11-23 03:42:25',	'2018-11-23 03:42:25'),
(9,	'Grade 4',	1,	1,	'2018-11-23 03:42:25',	'2018-11-23 03:42:25'),
(10,	'Grade 1',	1,	1,	'2018-11-23 03:42:25',	'2018-11-23 03:42:25'),
(11,	'Grade 10',	1,	1,	'2018-11-23 03:42:25',	'2018-11-23 03:42:25'),
(12,	'Grade 3',	1,	1,	'2018-11-23 03:42:25',	'2018-11-23 03:42:25'),
(13,	'Grade 1',	2,	1,	NULL,	NULL),
(14,	'Grade 2',	2,	1,	NULL,	NULL);

DROP TABLE IF EXISTS `invitedusers`;
CREATE TABLE `invitedusers` (
  `id` int(11) NOT NULL AUTO_INCREMENT,
  `email` varchar(250) COLLATE utf8mb4_unicode_ci NOT NULL,
  `invitedby` int(11) NOT NULL,
  `message` text COLLATE utf8mb4_unicode_ci NOT NULL,
  `invitationtype` enum('parent','child','collaboration','friend','') COLLATE utf8mb4_unicode_ci NOT NULL,
  `invitationstatus` enum('accepted','rejected','pending','') COLLATE utf8mb4_unicode_ci NOT NULL DEFAULT 'pending',
  `isinvitedregistered` tinyint(1) NOT NULL DEFAULT '0',
  `discipline_id` int(11) DEFAULT NULL,
  `created_at` timestamp NOT NULL DEFAULT CURRENT_TIMESTAMP,
  PRIMARY KEY (`id`)
) ENGINE=InnoDB DEFAULT CHARSET=utf8mb4 COLLATE=utf8mb4_unicode_ci;


DROP TABLE IF EXISTS `jobs`;
CREATE TABLE `jobs` (
  `id` int(10) unsigned NOT NULL AUTO_INCREMENT,
  `queue` varchar(255) COLLATE utf8mb4_unicode_ci NOT NULL,
  `payload` longtext COLLATE utf8mb4_unicode_ci NOT NULL,
  `attempts` tinyint(3) unsigned NOT NULL,
  `reserved_at` int(10) unsigned DEFAULT NULL,
  `available_at` int(10) unsigned NOT NULL,
  `created_at` int(10) unsigned NOT NULL,
  PRIMARY KEY (`id`)
) ENGINE=InnoDB DEFAULT CHARSET=utf8mb4 COLLATE=utf8mb4_unicode_ci;


DROP TABLE IF EXISTS `languages`;
CREATE TABLE `languages` (
  `id` int(11) NOT NULL AUTO_INCREMENT,
  `language` varchar(25) COLLATE utf8mb4_unicode_ci NOT NULL,
  PRIMARY KEY (`id`)
) ENGINE=InnoDB DEFAULT CHARSET=utf8mb4 COLLATE=utf8mb4_unicode_ci;

INSERT INTO `languages` (`id`, `language`) VALUES
(1,	'English'),
(2,	'French'),
(3,	'Arabic');

DROP TABLE IF EXISTS `login_activities`;
CREATE TABLE `login_activities` (
  `id` int(10) unsigned NOT NULL AUTO_INCREMENT,
  `user_id` int(10) unsigned DEFAULT NULL,
  `user_agent` varchar(255) COLLATE utf8mb4_unicode_ci NOT NULL,
  `ip_address` varchar(45) COLLATE utf8mb4_unicode_ci NOT NULL,
  `created_at` timestamp NULL DEFAULT NULL,
  `updated_at` timestamp NULL DEFAULT NULL,
  PRIMARY KEY (`id`),
  KEY `login_activities_user_id_index` (`user_id`)
) ENGINE=InnoDB DEFAULT CHARSET=utf8mb4 COLLATE=utf8mb4_unicode_ci;

INSERT INTO `login_activities` (`id`, `user_id`, `user_agent`, `ip_address`, `created_at`, `updated_at`) VALUES
(1,	1,	'Mozilla/5.0 (X11; Linux x86_64) AppleWebKit/537.36 (KHTML, like Gecko) Chrome/70.0.3538.77 Safari/537.36',	'::1',	'2018-11-23 03:44:41',	'2018-11-23 03:44:41'),
(2,	1,	'Mozilla/5.0 (X11; Linux x86_64) AppleWebKit/537.36 (KHTML, like Gecko) Chrome/70.0.3538.77 Safari/537.36',	'::1',	'2018-11-23 04:02:02',	'2018-11-23 04:02:02'),
(3,	1,	'Mozilla/5.0 (X11; Linux x86_64) AppleWebKit/537.36 (KHTML, like Gecko) Chrome/70.0.3538.77 Safari/537.36',	'::1',	'2018-11-23 04:02:54',	'2018-11-23 04:02:54'),
(4,	1,	'Mozilla/5.0 (X11; Linux x86_64) AppleWebKit/537.36 (KHTML, like Gecko) Chrome/70.0.3538.77 Safari/537.36',	'::1',	'2018-11-23 04:04:11',	'2018-11-23 04:04:11'),
(5,	1,	'Mozilla/5.0 (X11; Linux x86_64) AppleWebKit/537.36 (KHTML, like Gecko) Chrome/70.0.3538.77 Safari/537.36',	'::1',	'2018-11-23 04:06:01',	'2018-11-23 04:06:01'),
(6,	1,	'Mozilla/5.0 (X11; Linux x86_64) AppleWebKit/537.36 (KHTML, like Gecko) Chrome/70.0.3538.77 Safari/537.36',	'::1',	'2018-11-23 04:11:42',	'2018-11-23 04:11:42'),
(7,	1,	'Mozilla/5.0 (X11; Linux x86_64) AppleWebKit/537.36 (KHTML, like Gecko) Chrome/70.0.3538.77 Safari/537.36',	'::1',	'2018-11-23 04:11:58',	'2018-11-23 04:11:58'),
(8,	1,	'Mozilla/5.0 (X11; Linux x86_64) AppleWebKit/537.36 (KHTML, like Gecko) Chrome/70.0.3538.77 Safari/537.36',	'::1',	'2018-11-23 04:12:49',	'2018-11-23 04:12:49'),
(9,	1,	'Mozilla/5.0 (X11; Linux x86_64) AppleWebKit/537.36 (KHTML, like Gecko) Chrome/70.0.3538.77 Safari/537.36',	'::1',	'2018-11-23 04:13:19',	'2018-11-23 04:13:19'),
(10,	1,	'Mozilla/5.0 (X11; Linux x86_64) AppleWebKit/537.36 (KHTML, like Gecko) Chrome/70.0.3538.77 Safari/537.36',	'::1',	'2018-11-23 04:14:40',	'2018-11-23 04:14:40'),
(11,	1,	'Mozilla/5.0 (X11; Linux x86_64) AppleWebKit/537.36 (KHTML, like Gecko) Chrome/70.0.3538.77 Safari/537.36',	'::1',	'2018-11-23 04:16:09',	'2018-11-23 04:16:09'),
(12,	1,	'Mozilla/5.0 (X11; Linux x86_64) AppleWebKit/537.36 (KHTML, like Gecko) Chrome/70.0.3538.77 Safari/537.36',	'::1',	'2018-11-23 04:19:47',	'2018-11-23 04:19:47'),
(13,	1,	'Mozilla/5.0 (X11; Linux x86_64) AppleWebKit/537.36 (KHTML, like Gecko) Chrome/70.0.3538.77 Safari/537.36',	'::1',	'2018-11-23 04:23:35',	'2018-11-23 04:23:35'),
(14,	1,	'Mozilla/5.0 (X11; Linux x86_64) AppleWebKit/537.36 (KHTML, like Gecko) Chrome/70.0.3538.77 Safari/537.36',	'::1',	'2018-11-23 04:25:03',	'2018-11-23 04:25:03'),
(15,	1,	'Mozilla/5.0 (X11; Linux x86_64) AppleWebKit/537.36 (KHTML, like Gecko) Chrome/70.0.3538.77 Safari/537.36',	'::1',	'2018-11-23 04:25:42',	'2018-11-23 04:25:42'),
(16,	1,	'Mozilla/5.0 (X11; Linux x86_64) AppleWebKit/537.36 (KHTML, like Gecko) Chrome/70.0.3538.77 Safari/537.36',	'::1',	'2018-11-23 04:27:59',	'2018-11-23 04:27:59'),
(17,	1,	'Mozilla/5.0 (X11; Linux x86_64) AppleWebKit/537.36 (KHTML, like Gecko) Chrome/70.0.3538.77 Safari/537.36',	'::1',	'2018-11-23 04:28:38',	'2018-11-23 04:28:38'),
(18,	1,	'Mozilla/5.0 (X11; Linux x86_64) AppleWebKit/537.36 (KHTML, like Gecko) Chrome/70.0.3538.77 Safari/537.36',	'::1',	'2018-11-23 04:29:10',	'2018-11-23 04:29:10'),
(19,	1,	'Mozilla/5.0 (X11; Linux x86_64) AppleWebKit/537.36 (KHTML, like Gecko) Chrome/70.0.3538.77 Safari/537.36',	'::1',	'2018-11-23 04:35:05',	'2018-11-23 04:35:05'),
(20,	1,	'Mozilla/5.0 (X11; Linux x86_64) AppleWebKit/537.36 (KHTML, like Gecko) Chrome/70.0.3538.77 Safari/537.36',	'::1',	'2018-11-23 04:52:05',	'2018-11-23 04:52:05'),
(21,	1,	'Mozilla/5.0 (X11; Linux x86_64) AppleWebKit/537.36 (KHTML, like Gecko) Chrome/70.0.3538.77 Safari/537.36',	'::1',	'2018-11-23 04:52:29',	'2018-11-23 04:52:29'),
(22,	1,	'Mozilla/5.0 (X11; Linux x86_64) AppleWebKit/537.36 (KHTML, like Gecko) Chrome/70.0.3538.77 Safari/537.36',	'::1',	'2018-11-23 04:52:52',	'2018-11-23 04:52:52'),
(23,	1,	'Mozilla/5.0 (X11; Linux x86_64) AppleWebKit/537.36 (KHTML, like Gecko) Chrome/70.0.3538.77 Safari/537.36',	'::1',	'2018-11-23 05:08:57',	'2018-11-23 05:08:57'),
(24,	1,	'Mozilla/5.0 (X11; Linux x86_64) AppleWebKit/537.36 (KHTML, like Gecko) Chrome/70.0.3538.77 Safari/537.36',	'::1',	'2018-11-23 05:13:41',	'2018-11-23 05:13:41'),
(25,	1,	'Mozilla/5.0 (X11; Linux x86_64) AppleWebKit/537.36 (KHTML, like Gecko) Chrome/70.0.3538.77 Safari/537.36',	'::1',	'2018-11-23 05:22:39',	'2018-11-23 05:22:39'),
(26,	1,	'Mozilla/5.0 (X11; Linux x86_64) AppleWebKit/537.36 (KHTML, like Gecko) Chrome/70.0.3538.77 Safari/537.36',	'::1',	'2018-11-23 05:39:01',	'2018-11-23 05:39:01'),
(27,	1,	'Mozilla/5.0 (X11; Linux x86_64) AppleWebKit/537.36 (KHTML, like Gecko) Chrome/70.0.3538.77 Safari/537.36',	'::1',	'2018-11-23 06:10:59',	'2018-11-23 06:10:59'),
(28,	1,	'Mozilla/5.0 (X11; Linux x86_64) AppleWebKit/537.36 (KHTML, like Gecko) Chrome/70.0.3538.77 Safari/537.36',	'::1',	'2018-11-23 06:17:26',	'2018-11-23 06:17:26'),
(29,	1,	'Mozilla/5.0 (X11; Linux x86_64) AppleWebKit/537.36 (KHTML, like Gecko) Chrome/70.0.3538.77 Safari/537.36',	'::1',	'2018-11-23 06:43:51',	'2018-11-23 06:43:51'),
(30,	1,	'Mozilla/5.0 (X11; Linux x86_64) AppleWebKit/537.36 (KHTML, like Gecko) Chrome/70.0.3538.77 Safari/537.36',	'::1',	'2018-11-23 08:09:19',	'2018-11-23 08:09:19'),
(31,	1,	'Mozilla/5.0 (X11; Linux x86_64) AppleWebKit/537.36 (KHTML, like Gecko) Chrome/70.0.3538.77 Safari/537.36',	'::1',	'2018-11-24 04:03:56',	'2018-11-24 04:03:56'),
(32,	1,	'Mozilla/5.0 (X11; Linux x86_64) AppleWebKit/537.36 (KHTML, like Gecko) Chrome/70.0.3538.77 Safari/537.36',	'::1',	'2018-11-24 04:46:51',	'2018-11-24 04:46:51'),
(33,	1,	'Mozilla/5.0 (X11; Linux x86_64) AppleWebKit/537.36 (KHTML, like Gecko) Chrome/70.0.3538.77 Safari/537.36',	'::1',	'2018-11-26 00:32:44',	'2018-11-26 00:32:44'),
(34,	1,	'Mozilla/5.0 (X11; Linux x86_64) AppleWebKit/537.36 (KHTML, like Gecko) Chrome/70.0.3538.77 Safari/537.36',	'::1',	'2018-11-28 07:03:19',	'2018-11-28 07:03:19'),
(35,	2,	'Mozilla/5.0 (X11; Linux x86_64) AppleWebKit/537.36 (KHTML, like Gecko) Chrome/70.0.3538.77 Safari/537.36',	'::1',	'2018-11-28 07:03:58',	'2018-11-28 07:03:58'),
(36,	1,	'Mozilla/5.0 (X11; Linux x86_64) AppleWebKit/537.36 (KHTML, like Gecko) Chrome/70.0.3538.77 Safari/537.36',	'::1',	'2018-11-28 07:06:40',	'2018-11-28 07:06:40'),
(37,	1,	'Mozilla/5.0 (X11; Linux x86_64) AppleWebKit/537.36 (KHTML, like Gecko) Chrome/70.0.3538.77 Safari/537.36',	'::1',	'2018-11-28 23:52:35',	'2018-11-28 23:52:35'),
(38,	1,	'Mozilla/5.0 (X11; Linux x86_64) AppleWebKit/537.36 (KHTML, like Gecko) Chrome/70.0.3538.77 Safari/537.36',	'::1',	'2018-11-29 00:02:31',	'2018-11-29 00:02:31'),
(39,	1,	'Mozilla/5.0 (X11; Linux x86_64) AppleWebKit/537.36 (KHTML, like Gecko) Chrome/70.0.3538.77 Safari/537.36',	'::1',	'2018-11-29 00:03:00',	'2018-11-29 00:03:00'),
(40,	1,	'Mozilla/5.0 (X11; Linux x86_64) AppleWebKit/537.36 (KHTML, like Gecko) Chrome/70.0.3538.77 Safari/537.36',	'::1',	'2018-11-29 00:03:59',	'2018-11-29 00:03:59'),
(41,	1,	'Mozilla/5.0 (X11; Linux x86_64) AppleWebKit/537.36 (KHTML, like Gecko) Chrome/70.0.3538.77 Safari/537.36',	'::1',	'2018-11-29 00:04:34',	'2018-11-29 00:04:34'),
(42,	1,	'Mozilla/5.0 (X11; Linux x86_64) AppleWebKit/537.36 (KHTML, like Gecko) Chrome/70.0.3538.77 Safari/537.36',	'::1',	'2018-11-30 00:49:02',	'2018-11-30 00:49:02'),
(43,	1,	'Mozilla/5.0 (X11; Linux x86_64) AppleWebKit/537.36 (KHTML, like Gecko) Chrome/70.0.3538.77 Safari/537.36',	'::1',	'2018-11-30 02:18:29',	'2018-11-30 02:18:29'),
(44,	1,	'Mozilla/5.0 (X11; Linux x86_64) AppleWebKit/537.36 (KHTML, like Gecko) Chrome/70.0.3538.77 Safari/537.36',	'::1',	'2018-11-30 02:31:53',	'2018-11-30 02:31:53'),
(45,	1,	'Mozilla/5.0 (X11; Linux x86_64) AppleWebKit/537.36 (KHTML, like Gecko) Chrome/70.0.3538.77 Safari/537.36',	'::1',	'2018-11-30 03:54:09',	'2018-11-30 03:54:09'),
(46,	2,	'Mozilla/5.0 (X11; Linux x86_64) AppleWebKit/537.36 (KHTML, like Gecko) Chrome/70.0.3538.77 Safari/537.36',	'::1',	'2018-11-30 05:28:36',	'2018-11-30 05:28:36'),
(47,	1,	'Mozilla/5.0 (X11; Linux x86_64) AppleWebKit/537.36 (KHTML, like Gecko) Chrome/70.0.3538.77 Safari/537.36',	'::1',	'2018-11-30 05:35:21',	'2018-11-30 05:35:21'),
(48,	1,	'Mozilla/5.0 (X11; Linux x86_64) AppleWebKit/537.36 (KHTML, like Gecko) Chrome/70.0.3538.77 Safari/537.36',	'::1',	'2018-11-30 06:18:50',	'2018-11-30 06:18:50'),
(49,	1,	'Mozilla/5.0 (X11; Linux x86_64) AppleWebKit/537.36 (KHTML, like Gecko) Chrome/70.0.3538.77 Safari/537.36',	'::1',	'2018-11-30 07:44:59',	'2018-11-30 07:44:59'),
(50,	1,	'Mozilla/5.0 (X11; Linux x86_64) AppleWebKit/537.36 (KHTML, like Gecko) Chrome/70.0.3538.77 Safari/537.36',	'::1',	'2018-11-30 08:56:13',	'2018-11-30 08:56:13'),
(51,	1,	'Mozilla/5.0 (X11; Linux x86_64) AppleWebKit/537.36 (KHTML, like Gecko) Chrome/70.0.3538.77 Safari/537.36',	'::1',	'2018-12-02 23:39:48',	'2018-12-02 23:39:48'),
(52,	1,	'Mozilla/5.0 (X11; Linux x86_64) AppleWebKit/537.36 (KHTML, like Gecko) Chrome/70.0.3538.77 Safari/537.36',	'::1',	'2018-12-03 02:08:53',	'2018-12-03 02:08:53'),
(53,	1,	'Mozilla/5.0 (X11; Linux x86_64) AppleWebKit/537.36 (KHTML, like Gecko) Chrome/70.0.3538.77 Safari/537.36',	'::1',	'2018-12-03 02:10:59',	'2018-12-03 02:10:59'),
(54,	1,	'Mozilla/5.0 (X11; Linux x86_64) AppleWebKit/537.36 (KHTML, like Gecko) Chrome/70.0.3538.77 Safari/537.36',	'::1',	'2018-12-03 02:14:42',	'2018-12-03 02:14:42'),
(55,	1,	'Mozilla/5.0 (X11; Linux x86_64) AppleWebKit/537.36 (KHTML, like Gecko) Chrome/70.0.3538.77 Safari/537.36',	'::1',	'2018-12-03 02:15:36',	'2018-12-03 02:15:36'),
(56,	1,	'Mozilla/5.0 (X11; Linux x86_64) AppleWebKit/537.36 (KHTML, like Gecko) Chrome/70.0.3538.77 Safari/537.36',	'::1',	'2018-12-03 02:34:24',	'2018-12-03 02:34:24'),
(57,	1,	'Mozilla/5.0 (X11; Linux x86_64) AppleWebKit/537.36 (KHTML, like Gecko) Chrome/70.0.3538.77 Safari/537.36',	'::1',	'2018-12-03 02:49:54',	'2018-12-03 02:49:54'),
(58,	1,	'Mozilla/5.0 (X11; Linux x86_64) AppleWebKit/537.36 (KHTML, like Gecko) Chrome/70.0.3538.77 Safari/537.36',	'::1',	'2018-12-03 23:56:03',	'2018-12-03 23:56:03'),
(59,	1,	'Mozilla/5.0 (X11; Linux x86_64) AppleWebKit/537.36 (KHTML, like Gecko) Chrome/70.0.3538.77 Safari/537.36',	'::1',	'2018-12-04 01:02:07',	'2018-12-04 01:02:07'),
(60,	1,	'Mozilla/5.0 (X11; Linux x86_64) AppleWebKit/537.36 (KHTML, like Gecko) Chrome/70.0.3538.77 Safari/537.36',	'::1',	'2018-12-04 05:50:19',	'2018-12-04 05:50:19'),
(61,	1,	'Mozilla/5.0 (X11; Linux x86_64) AppleWebKit/537.36 (KHTML, like Gecko) Chrome/70.0.3538.77 Safari/537.36',	'::1',	'2018-12-04 06:13:17',	'2018-12-04 06:13:17'),
(62,	1,	'Mozilla/5.0 (X11; Linux x86_64) AppleWebKit/537.36 (KHTML, like Gecko) Chrome/70.0.3538.77 Safari/537.36',	'::1',	'2018-12-04 06:16:47',	'2018-12-04 06:16:47'),
(63,	1,	'Mozilla/5.0 (X11; Linux x86_64) AppleWebKit/537.36 (KHTML, like Gecko) Chrome/70.0.3538.77 Safari/537.36',	'::1',	'2018-12-04 06:34:11',	'2018-12-04 06:34:11'),
(64,	1,	'Mozilla/5.0 (X11; Linux x86_64) AppleWebKit/537.36 (KHTML, like Gecko) Chrome/70.0.3538.77 Safari/537.36',	'::1',	'2018-12-04 06:37:15',	'2018-12-04 06:37:15'),
(65,	1,	'Mozilla/5.0 (X11; Linux x86_64) AppleWebKit/537.36 (KHTML, like Gecko) Chrome/70.0.3538.77 Safari/537.36',	'::1',	'2018-12-04 06:38:19',	'2018-12-04 06:38:19'),
(66,	2,	'Mozilla/5.0 (X11; Linux x86_64) AppleWebKit/537.36 (KHTML, like Gecko) Chrome/70.0.3538.77 Safari/537.36',	'::1',	'2018-12-05 01:14:52',	'2018-12-05 01:14:52'),
(67,	2,	'Mozilla/5.0 (X11; Linux x86_64) AppleWebKit/537.36 (KHTML, like Gecko) Chrome/70.0.3538.77 Safari/537.36',	'::1',	'2018-12-05 01:21:13',	'2018-12-05 01:21:13'),
(68,	1,	'Mozilla/5.0 (X11; Linux x86_64) AppleWebKit/537.36 (KHTML, like Gecko) Chrome/70.0.3538.77 Safari/537.36',	'::1',	'2018-12-05 01:27:22',	'2018-12-05 01:27:22'),
(69,	2,	'Mozilla/5.0 (X11; Linux x86_64) AppleWebKit/537.36 (KHTML, like Gecko) Chrome/70.0.3538.77 Safari/537.36',	'::1',	'2018-12-05 01:27:54',	'2018-12-05 01:27:54'),
(70,	2,	'Mozilla/5.0 (X11; Ubuntu; Linux x86_64; rv:63.0) Gecko/20100101 Firefox/63.0',	'127.0.0.1',	'2018-12-05 01:56:21',	'2018-12-05 01:56:21'),
(71,	1,	'Mozilla/5.0 (X11; Linux x86_64) AppleWebKit/537.36 (KHTML, like Gecko) Chrome/70.0.3538.77 Safari/537.36',	'::1',	'2018-12-05 23:44:05',	'2018-12-05 23:44:05'),
(72,	2,	'Mozilla/5.0 (X11; Linux x86_64) AppleWebKit/537.36 (KHTML, like Gecko) Chrome/70.0.3538.77 Safari/537.36',	'::1',	'2018-12-05 23:49:43',	'2018-12-05 23:49:43'),
(73,	2,	'Mozilla/5.0 (X11; Ubuntu; Linux x86_64; rv:63.0) Gecko/20100101 Firefox/63.0',	'127.0.0.1',	'2018-12-06 00:35:06',	'2018-12-06 00:35:06'),
(74,	1,	'Mozilla/5.0 (X11; Linux x86_64) AppleWebKit/537.36 (KHTML, like Gecko) Chrome/70.0.3538.77 Safari/537.36',	'::1',	'2018-12-06 23:46:19',	'2018-12-06 23:46:19'),
(75,	2,	'Mozilla/5.0 (X11; Linux x86_64) AppleWebKit/537.36 (KHTML, like Gecko) Chrome/70.0.3538.77 Safari/537.36',	'::1',	'2018-12-06 23:46:31',	'2018-12-06 23:46:31'),
(76,	2,	'Mozilla/5.0 (X11; Linux x86_64) AppleWebKit/537.36 (KHTML, like Gecko) Chrome/70.0.3538.77 Safari/537.36',	'::1',	'2018-12-08 00:02:43',	'2018-12-08 00:02:43'),
(77,	2,	'Mozilla/5.0 (X11; Linux x86_64) AppleWebKit/537.36 (KHTML, like Gecko) Chrome/70.0.3538.77 Safari/537.36',	'::1',	'2018-12-08 00:28:05',	'2018-12-08 00:28:05'),
(78,	2,	'Mozilla/5.0 (X11; Linux x86_64) AppleWebKit/537.36 (KHTML, like Gecko) Chrome/70.0.3538.77 Safari/537.36',	'::1',	'2018-12-10 00:00:43',	'2018-12-10 00:00:43'),
(79,	2,	'Mozilla/5.0 (X11; Linux x86_64) AppleWebKit/537.36 (KHTML, like Gecko) Chrome/70.0.3538.77 Safari/537.36',	'::1',	'2018-12-10 00:54:38',	'2018-12-10 00:54:38'),
(80,	1,	'Mozilla/5.0 (X11; Linux x86_64) AppleWebKit/537.36 (KHTML, like Gecko) Chrome/70.0.3538.77 Safari/537.36',	'::1',	'2018-12-10 01:22:11',	'2018-12-10 01:22:11'),
(81,	2,	'Mozilla/5.0 (X11; Linux x86_64) AppleWebKit/537.36 (KHTML, like Gecko) Chrome/70.0.3538.77 Safari/537.36',	'::1',	'2018-12-10 04:00:16',	'2018-12-10 04:00:16'),
(82,	2,	'Mozilla/5.0 (X11; Linux x86_64) AppleWebKit/537.36 (KHTML, like Gecko) Chrome/70.0.3538.77 Safari/537.36',	'::1',	'2018-12-10 23:57:38',	'2018-12-10 23:57:38'),
(83,	1,	'Mozilla/5.0 (X11; Linux x86_64) AppleWebKit/537.36 (KHTML, like Gecko) Chrome/70.0.3538.77 Safari/537.36',	'::1',	'2018-12-11 00:14:34',	'2018-12-11 00:14:34'),
(84,	2,	'Mozilla/5.0 (X11; Linux x86_64) AppleWebKit/537.36 (KHTML, like Gecko) Chrome/70.0.3538.77 Safari/537.36',	'::1',	'2018-12-11 00:22:49',	'2018-12-11 00:22:49'),
(85,	2,	'Mozilla/5.0 (X11; Linux x86_64) AppleWebKit/537.36 (KHTML, like Gecko) Chrome/70.0.3538.77 Safari/537.36',	'::1',	'2018-12-11 01:27:50',	'2018-12-11 01:27:50'),
(86,	2,	'Mozilla/5.0 (X11; Linux x86_64) AppleWebKit/537.36 (KHTML, like Gecko) Chrome/70.0.3538.77 Safari/537.36',	'::1',	'2018-12-11 02:23:36',	'2018-12-11 02:23:36'),
(87,	2,	'Mozilla/5.0 (X11; Linux x86_64) AppleWebKit/537.36 (KHTML, like Gecko) Chrome/70.0.3538.77 Safari/537.36',	'::1',	'2018-12-11 06:45:51',	'2018-12-11 06:45:51'),
(88,	2,	'Mozilla/5.0 (X11; Linux x86_64) AppleWebKit/537.36 (KHTML, like Gecko) Chrome/70.0.3538.77 Safari/537.36',	'::1',	'2018-12-11 23:50:56',	'2018-12-11 23:50:56'),
(89,	2,	'Mozilla/5.0 (X11; Linux x86_64) AppleWebKit/537.36 (KHTML, like Gecko) Chrome/70.0.3538.77 Safari/537.36',	'192.168.1.118',	'2018-12-12 09:23:19',	'2018-12-12 09:23:19'),
(90,	2,	'Mozilla/5.0 (X11; Linux x86_64) AppleWebKit/537.36 (KHTML, like Gecko) Chrome/70.0.3538.77 Safari/537.36',	'192.168.1.118',	'2018-12-12 09:23:42',	'2018-12-12 09:23:42'),
(91,	2,	'Mozilla/5.0 (X11; Linux x86_64) AppleWebKit/537.36 (KHTML, like Gecko) Chrome/70.0.3538.77 Safari/537.36',	'::1',	'2018-12-12 23:53:18',	'2018-12-12 23:53:18'),
(92,	2,	'Mozilla/5.0 (X11; Linux x86_64) AppleWebKit/537.36 (KHTML, like Gecko) Chrome/70.0.3538.77 Safari/537.36',	'::1',	'2018-12-13 00:10:30',	'2018-12-13 00:10:30'),
(93,	1,	'Mozilla/5.0 (X11; Linux x86_64) AppleWebKit/537.36 (KHTML, like Gecko) Chrome/70.0.3538.77 Safari/537.36',	'::1',	'2018-12-13 00:22:31',	'2018-12-13 00:22:31'),
(94,	2,	'Mozilla/5.0 (X11; Linux x86_64) AppleWebKit/537.36 (KHTML, like Gecko) Chrome/70.0.3538.77 Safari/537.36',	'::1',	'2018-12-13 00:23:46',	'2018-12-13 00:23:46'),
(95,	2,	'Mozilla/5.0 (X11; Linux x86_64) AppleWebKit/537.36 (KHTML, like Gecko) Chrome/70.0.3538.77 Safari/537.36',	'::1',	'2018-12-13 00:24:02',	'2018-12-13 00:24:02'),
(96,	2,	'Mozilla/5.0 (X11; Linux x86_64) AppleWebKit/537.36 (KHTML, like Gecko) Chrome/70.0.3538.77 Safari/537.36',	'::1',	'2018-12-13 00:25:31',	'2018-12-13 00:25:31'),
(97,	1,	'Mozilla/5.0 (X11; Linux x86_64) AppleWebKit/537.36 (KHTML, like Gecko) Chrome/70.0.3538.77 Safari/537.36',	'::1',	'2018-12-13 00:26:05',	'2018-12-13 00:26:05'),
(98,	2,	'Mozilla/5.0 (X11; Linux x86_64) AppleWebKit/537.36 (KHTML, like Gecko) Chrome/70.0.3538.77 Safari/537.36',	'::1',	'2018-12-13 00:29:44',	'2018-12-13 00:29:44');

DROP TABLE IF EXISTS `migrations`;
CREATE TABLE `migrations` (
  `id` int(10) unsigned NOT NULL AUTO_INCREMENT,
  `migration` varchar(255) COLLATE utf8mb4_unicode_ci NOT NULL,
  `batch` int(11) NOT NULL,
  PRIMARY KEY (`id`)
) ENGINE=InnoDB DEFAULT CHARSET=utf8mb4 COLLATE=utf8mb4_unicode_ci;

INSERT INTO `migrations` (`id`, `migration`, `batch`) VALUES
(1,	'2014_01_07_073615_create_tagged_table',	1),
(2,	'2014_01_07_073615_create_tags_table',	1),
(3,	'2015_10_24_10000_create_ratings_table',	1),
(4,	'2016_06_29_073615_create_tag_groups_table',	1),
(5,	'2016_06_29_073615_update_tags_table',	1),
(6,	'2018_03_07_150001_create_courseclasses_table',	1),
(7,	'2018_03_07_150002_create_exams_table',	1),
(8,	'2018_03_07_150003_create_questions_table',	1),
(9,	'2018_03_07_164342_create_activities_table',	1),
(10,	'2018_03_07_164342_create_answeroptions_table',	1),
(11,	'2018_03_07_164342_create_badges_table',	1),
(12,	'2018_03_07_164342_create_businessrules_table',	1),
(13,	'2018_03_07_164342_create_classexams_table',	1),
(14,	'2018_03_07_164342_create_classexercises_table',	1),
(15,	'2018_03_07_164342_create_classlearners_table',	1),
(16,	'2018_03_07_164342_create_countries_table',	1),
(17,	'2018_03_07_164342_create_curricula_gradelists_table',	1),
(18,	'2018_03_07_164342_create_disciplinecollaborators_table',	1),
(19,	'2018_03_07_164342_create_disciplines_table',	1),
(20,	'2018_03_07_164342_create_disciplineversions_table',	1),
(21,	'2018_03_07_164342_create_examquestions_table',	1),
(22,	'2018_03_07_164342_create_exercisesetbuyers_table',	1),
(23,	'2018_03_07_164342_create_exercisesets_table',	1),
(24,	'2018_03_07_164342_create_gamedetails_table',	1),
(25,	'2018_03_07_164342_create_gamedownloads_table',	1),
(26,	'2018_03_07_164342_create_gamerestrictedkids_table',	1),
(27,	'2018_03_07_164342_create_games_table',	1),
(28,	'2018_03_07_164342_create_grades_table',	1),
(29,	'2018_03_07_164342_create_invitedusers_table',	1),
(30,	'2018_03_07_164342_create_languages_table',	1),
(31,	'2018_03_07_164342_create_newslettersubscriptions_table',	1),
(32,	'2018_03_07_164342_create_notificationsactions_table',	1),
(33,	'2018_03_07_164342_create_password_resets_table',	1),
(34,	'2018_03_07_164342_create_pendingtasks_table',	1),
(35,	'2018_03_07_164342_create_role_user_table',	1),
(36,	'2018_03_07_164342_create_roles_table',	1),
(37,	'2018_03_07_164342_create_schools_table',	1),
(38,	'2018_03_07_164342_create_skillcategories_table',	1),
(39,	'2018_03_07_164342_create_skills_table',	1),
(40,	'2018_03_07_164342_create_topics_table',	1),
(41,	'2018_03_07_164342_create_useractivitylogs_table',	1),
(42,	'2018_03_07_164342_create_userbadges_table',	1),
(43,	'2018_03_07_164342_create_userexamanswers_table',	1),
(44,	'2018_03_07_164342_create_userexamscores_table',	1),
(45,	'2018_03_07_164342_create_userinterests_table',	1),
(46,	'2018_03_07_164342_create_usernotifications_table',	1),
(47,	'2018_03_07_164342_create_users_table',	1),
(48,	'2018_03_07_164342_create_userskillmasterylevels_table',	1),
(49,	'2018_03_07_164348_add_foreign_keys_to_answeroptions_table',	1),
(50,	'2018_03_07_164348_add_foreign_keys_to_classexams_table',	1),
(51,	'2018_03_07_164348_add_foreign_keys_to_classexercises_table',	1),
(52,	'2018_03_07_164348_add_foreign_keys_to_classlearners_table',	1),
(53,	'2018_03_07_164348_add_foreign_keys_to_disciplinecollaborators_table',	1),
(54,	'2018_03_07_164348_add_foreign_keys_to_disciplines_table',	1),
(55,	'2018_03_07_164348_add_foreign_keys_to_disciplineversions_table',	1),
(56,	'2018_03_07_164348_add_foreign_keys_to_examquestions_table',	1),
(57,	'2018_03_07_164348_add_foreign_keys_to_exercisesetbuyers_table',	1),
(58,	'2018_03_07_164348_add_foreign_keys_to_grades_table',	1),
(59,	'2018_03_07_164348_add_foreign_keys_to_skills_table',	1),
(60,	'2018_03_07_164348_add_foreign_keys_to_useractivitylogs_table',	1),
(61,	'2018_03_07_164348_add_foreign_keys_to_userbadges_table',	1),
(62,	'2018_03_07_164348_add_foreign_keys_to_userexamanswers_table',	1),
(63,	'2018_03_07_164348_add_foreign_keys_to_userexamscores_table',	1),
(64,	'2018_03_07_164348_add_foreign_keys_to_userinterests_table',	1),
(65,	'2018_03_13_090156_create_activity_log_table',	1),
(66,	'2018_03_14_124540_create_login_activities_table',	1),
(67,	'2018_04_17_055537_create_jobs_table',	1),
(68,	'2018_05_12_115131_create_passages_table',	1),
(69,	'2018_05_12_164348_add_foreign_keys_to_passages_table',	1),
(70,	'2018_05_12_164348_add_foreign_keys_to_skillcategories_table',	1),
(71,	'2018_07_04_153500_create_practiceresults_table',	1),
(72,	'2018_07_11_121436_create_skillmasterylevels_table',	1),
(73,	'2018_07_14_100312_create_xp_points_table',	1),
(74,	'2018_11_22_112157_add_column_to_users',	1),
(75,	'2018_12_05_114611_create_examselections_table',	1);

DROP TABLE IF EXISTS `newslettersubscriptions`;
CREATE TABLE `newslettersubscriptions` (
  `id` int(11) NOT NULL AUTO_INCREMENT,
  `email` varchar(250) COLLATE utf8mb4_unicode_ci NOT NULL,
  `subscribedon` timestamp NOT NULL DEFAULT CURRENT_TIMESTAMP,
  PRIMARY KEY (`id`)
) ENGINE=InnoDB DEFAULT CHARSET=utf8mb4 COLLATE=utf8mb4_unicode_ci;


DROP TABLE IF EXISTS `notificationsactions`;
CREATE TABLE `notificationsactions` (
  `id` int(11) NOT NULL AUTO_INCREMENT,
  `modelname` varchar(250) COLLATE utf8mb4_unicode_ci NOT NULL,
  `created_at` timestamp NOT NULL DEFAULT CURRENT_TIMESTAMP,
  `notificationtpl` text COLLATE utf8mb4_unicode_ci NOT NULL,
  `type` enum('information','action','') COLLATE utf8mb4_unicode_ci NOT NULL,
  PRIMARY KEY (`id`)
) ENGINE=InnoDB DEFAULT CHARSET=utf8mb4 COLLATE=utf8mb4_unicode_ci;


DROP TABLE IF EXISTS `passages`;
CREATE TABLE `passages` (
  `id` int(10) unsigned NOT NULL AUTO_INCREMENT,
  `passage_title` varchar(250) COLLATE utf8mb4_unicode_ci NOT NULL,
  `passage_text` text COLLATE utf8mb4_unicode_ci NOT NULL,
  `exercise_id` int(11) DEFAULT NULL,
  `createdby` int(11) NOT NULL,
  `created_at` timestamp NULL DEFAULT NULL,
  `updated_at` timestamp NULL DEFAULT NULL,
  PRIMARY KEY (`id`),
  KEY `exercise_id` (`exercise_id`),
  CONSTRAINT `passages_ibfk_1` FOREIGN KEY (`exercise_id`) REFERENCES `exercisesets` (`id`) ON DELETE CASCADE
) ENGINE=InnoDB DEFAULT CHARSET=utf8mb4 COLLATE=utf8mb4_unicode_ci;


DROP TABLE IF EXISTS `password_resets`;
CREATE TABLE `password_resets` (
  `email` varchar(191) COLLATE utf8mb4_unicode_ci NOT NULL,
  `token` varchar(191) COLLATE utf8mb4_unicode_ci NOT NULL,
  `created_at` datetime DEFAULT NULL,
  KEY `password_resets_email_index` (`email`)
) ENGINE=InnoDB DEFAULT CHARSET=utf8mb4 COLLATE=utf8mb4_unicode_ci;


DROP TABLE IF EXISTS `pendingtasks`;
CREATE TABLE `pendingtasks` (
  `id` int(11) NOT NULL AUTO_INCREMENT,
  `user_id` int(11) NOT NULL,
  `sender_id` int(11) NOT NULL,
  `pending_task_description` varchar(250) COLLATE utf8mb4_unicode_ci NOT NULL,
  `pending_task_action` varchar(250) COLLATE utf8mb4_unicode_ci NOT NULL,
  `created_at` timestamp NULL DEFAULT NULL,
  `updated_at` timestamp NULL DEFAULT NULL,
  `status` enum('pending','done','') COLLATE utf8mb4_unicode_ci NOT NULL DEFAULT 'pending',
  PRIMARY KEY (`id`),
  KEY `user_id` (`user_id`)
) ENGINE=InnoDB DEFAULT CHARSET=utf8mb4 COLLATE=utf8mb4_unicode_ci;

INSERT INTO `pendingtasks` (`id`, `user_id`, `sender_id`, `pending_task_description`, `pending_task_action`, `created_at`, `updated_at`, `status`) VALUES
(1,	5,	1,	'action needed for enroll request ',	'/courseclasses/show/1',	'2018-12-11 00:21:21',	'2018-12-11 00:21:21',	'pending'),
(2,	2,	1,	'action needed for enroll request ',	'/courseclasses/show/10',	'2018-12-11 00:23:28',	'2018-12-11 00:23:42',	'done');

DROP TABLE IF EXISTS `practiceresults`;
CREATE TABLE `practiceresults` (
  `id` int(11) NOT NULL AUTO_INCREMENT,
  `question_id` int(11) NOT NULL,
  `user_id` int(11) NOT NULL,
  `answer_id` int(11) NOT NULL,
  `topics_id` int(11) DEFAULT NULL,
  `exercise_id` int(11) DEFAULT NULL,
  `iscorrect` tinyint(1) NOT NULL DEFAULT '0',
  `created_at` timestamp NOT NULL DEFAULT CURRENT_TIMESTAMP,
  PRIMARY KEY (`id`)
) ENGINE=InnoDB DEFAULT CHARSET=utf8mb4 COLLATE=utf8mb4_unicode_ci;


DROP TABLE IF EXISTS `questions`;
CREATE TABLE `questions` (
  `id` int(11) NOT NULL AUTO_INCREMENT,
  `param` varchar(250) COLLATE utf8mb4_unicode_ci DEFAULT NULL,
  `details` text COLLATE utf8mb4_unicode_ci NOT NULL,
  `json_details` text COLLATE utf8mb4_unicode_ci NOT NULL,
  `questiontype` enum('text','image','audio','video','richtext') COLLATE utf8mb4_unicode_ci NOT NULL,
  `skill_id` int(11) DEFAULT NULL,
  `skillcategory_id` int(11) DEFAULT NULL,
  `passage_id` int(11) DEFAULT NULL,
  `size` int(11) DEFAULT NULL,
  `maxtime` int(11) NOT NULL,
  `mmintime` int(11) NOT NULL DEFAULT '0',
  `exercise_id` int(11) DEFAULT NULL,
  `difficultylevel` enum('easy','medium','hard','') COLLATE utf8mb4_unicode_ci NOT NULL,
  `hint` text COLLATE utf8mb4_unicode_ci,
  `created_at` timestamp NULL DEFAULT NULL,
  `updated_at` timestamp NULL DEFAULT NULL,
  PRIMARY KEY (`id`),
  KEY `skill_id` (`skill_id`,`skillcategory_id`,`exercise_id`,`passage_id`)
) ENGINE=InnoDB DEFAULT CHARSET=utf8mb4 COLLATE=utf8mb4_unicode_ci;

INSERT INTO `questions` (`id`, `param`, `details`, `json_details`, `questiontype`, `skill_id`, `skillcategory_id`, `passage_id`, `size`, `maxtime`, `mmintime`, `exercise_id`, `difficultylevel`, `hint`, `created_at`, `updated_at`) VALUES
(1,	NULL,	'Q:What does the following mean? Et officiis ipsum.',	'',	'text',	39,	NULL,	NULL,	NULL,	251,	0,	1,	'easy',	'Nisi similique.',	'2018-11-23 03:42:39',	'2018-11-23 03:42:39'),
(2,	NULL,	'Q:What does the following mean? Voluptatem porro.',	'',	'text',	8,	NULL,	NULL,	NULL,	103,	0,	1,	'easy',	'Aut aut.',	'2018-11-23 03:42:39',	'2018-11-23 03:42:39'),
(3,	NULL,	'Q:What does the following mean? Aut ratione facere.',	'',	'text',	11,	NULL,	NULL,	NULL,	295,	0,	1,	'easy',	'Eligendi minus.',	'2018-11-23 03:42:39',	'2018-11-23 03:42:39'),
(4,	NULL,	'Q:What does the following mean? Sint aut totam in.',	'',	'text',	9,	NULL,	NULL,	NULL,	250,	0,	2,	'easy',	'Dolorum enim.',	'2018-11-23 03:42:40',	'2018-11-23 03:42:40'),
(5,	NULL,	'Q:What does the following mean? Eum voluptatem ea.',	'',	'text',	30,	NULL,	NULL,	NULL,	6,	0,	2,	'easy',	'Dolor facere.',	'2018-11-23 03:42:40',	'2018-11-23 03:42:40'),
(6,	NULL,	'Q:What does the following mean? A quos autem.',	'',	'text',	11,	NULL,	NULL,	NULL,	225,	0,	2,	'easy',	'Et.',	'2018-11-23 03:42:40',	'2018-11-23 03:42:40'),
(7,	NULL,	'Q:What does the following mean? Possimus labore.',	'',	'text',	18,	NULL,	NULL,	NULL,	47,	0,	2,	'easy',	'Aspernatur.',	'2018-11-23 03:42:40',	'2018-11-23 03:42:40'),
(8,	NULL,	'Q:What does the following mean? Nihil eos veritatis.',	'',	'text',	29,	NULL,	NULL,	NULL,	95,	0,	2,	'easy',	'Et dolor quia.',	'2018-11-23 03:42:40',	'2018-11-23 03:42:40'),
(9,	NULL,	'Q:What does the following mean? Optio sed eligendi.',	'',	'text',	38,	NULL,	NULL,	NULL,	293,	0,	2,	'easy',	'Sint vitae.',	'2018-11-23 03:42:40',	'2018-11-23 03:42:40'),
(10,	NULL,	'Q:What does the following mean? Est enim ut quasi.',	'',	'text',	5,	NULL,	NULL,	NULL,	65,	0,	2,	'easy',	'Quos dolorum.',	'2018-11-23 03:42:40',	'2018-11-23 03:42:40'),
(11,	NULL,	'Q:What does the following mean? Aliquid ipsum.',	'',	'text',	42,	NULL,	NULL,	NULL,	178,	0,	2,	'easy',	'Distinctio.',	'2018-11-23 03:42:40',	'2018-11-23 03:42:40'),
(12,	NULL,	'Q:What does the following mean? Sunt et ipsa.',	'',	'text',	45,	NULL,	NULL,	NULL,	34,	0,	3,	'easy',	'Ut doloremque.',	'2018-11-23 03:42:42',	'2018-11-23 03:42:42'),
(13,	NULL,	'Q:What does the following mean? Vel qui consequatur.',	'',	'text',	36,	NULL,	NULL,	NULL,	83,	0,	3,	'easy',	'Vero fugit.',	'2018-11-23 03:42:42',	'2018-11-23 03:42:42'),
(14,	NULL,	'Q:What does the following mean? Incidunt magnam et.',	'',	'text',	13,	NULL,	NULL,	NULL,	95,	0,	3,	'easy',	'Reiciendis.',	'2018-11-23 03:42:42',	'2018-11-23 03:42:42'),
(15,	NULL,	'Q:What does the following mean? Inventore vel fuga.',	'',	'text',	25,	NULL,	NULL,	NULL,	273,	0,	4,	'easy',	'Repellat ut.',	'2018-11-23 03:42:43',	'2018-11-23 03:42:43'),
(16,	NULL,	'Q:What does the following mean? Atque fugiat.',	'',	'text',	48,	NULL,	NULL,	NULL,	235,	0,	4,	'easy',	'Ullam rem.',	'2018-11-23 03:42:43',	'2018-11-23 03:42:43'),
(17,	NULL,	'Q:What does the following mean? Quis eveniet.',	'',	'text',	46,	NULL,	NULL,	NULL,	169,	0,	4,	'easy',	'Aspernatur.',	'2018-11-23 03:42:43',	'2018-11-23 03:42:43'),
(18,	NULL,	'Q:What does the following mean? Praesentium.',	'',	'text',	30,	NULL,	NULL,	NULL,	65,	0,	4,	'easy',	'Illum velit.',	'2018-11-23 03:42:43',	'2018-11-23 03:42:43'),
(19,	NULL,	'Q:What does the following mean? Eaque unde repellat.',	'',	'text',	48,	NULL,	NULL,	NULL,	81,	0,	4,	'easy',	'Nostrum.',	'2018-11-23 03:42:43',	'2018-11-23 03:42:43'),
(20,	NULL,	'Q:What does the following mean? Omnis modi rem sint.',	'',	'text',	42,	NULL,	NULL,	NULL,	20,	0,	4,	'easy',	'Vel.',	'2018-11-23 03:42:43',	'2018-11-23 03:42:43'),
(21,	NULL,	'Q:What does the following mean? Harum ullam.',	'',	'text',	21,	NULL,	NULL,	NULL,	286,	0,	4,	'easy',	'Consequatur.',	'2018-11-23 03:42:43',	'2018-11-23 03:42:43'),
(22,	NULL,	'Q:What does the following mean? Aut sint corrupti.',	'',	'text',	44,	NULL,	NULL,	NULL,	46,	0,	5,	'easy',	'Reprehenderit.',	'2018-11-23 03:42:45',	'2018-11-23 03:42:45'),
(23,	NULL,	'Q:What does the following mean? Explicabo quod.',	'',	'text',	48,	NULL,	NULL,	NULL,	203,	0,	5,	'easy',	'Ducimus atque.',	'2018-11-23 03:42:45',	'2018-11-23 03:42:45'),
(24,	NULL,	'Q:What does the following mean? Modi in sed cum.',	'',	'text',	41,	NULL,	NULL,	NULL,	193,	0,	5,	'easy',	'Vitae aliquid.',	'2018-11-23 03:42:45',	'2018-11-23 03:42:45'),
(25,	NULL,	'Q:What does the following mean? Iste quam.',	'',	'text',	4,	NULL,	NULL,	NULL,	204,	0,	5,	'easy',	'Voluptate.',	'2018-11-23 03:42:45',	'2018-11-23 03:42:45'),
(26,	NULL,	'Q:What does the following mean? Quis cumque qui.',	'',	'text',	16,	NULL,	NULL,	NULL,	73,	0,	5,	'easy',	'Pariatur sed.',	'2018-11-23 03:42:45',	'2018-11-23 03:42:45'),
(27,	NULL,	'Q:What does the following mean? Magni.',	'',	'text',	43,	NULL,	NULL,	NULL,	5,	0,	5,	'easy',	'Praesentium at.',	'2018-11-23 03:42:45',	'2018-11-23 03:42:45'),
(28,	NULL,	'Q:What does the following mean? Quae aut recusandae.',	'',	'text',	34,	NULL,	NULL,	NULL,	175,	0,	5,	'easy',	'Voluptatibus.',	'2018-11-23 03:42:45',	'2018-11-23 03:42:45'),
(29,	NULL,	'Q:What does the following mean? Consequatur dolore.',	'',	'text',	17,	NULL,	NULL,	NULL,	55,	0,	6,	'easy',	'Rerum enim.',	'2018-11-23 03:42:46',	'2018-11-23 03:42:46'),
(30,	NULL,	'Q:What does the following mean? Est consequuntur.',	'',	'text',	1,	NULL,	NULL,	NULL,	116,	0,	6,	'easy',	'Libero quaerat.',	'2018-11-23 03:42:46',	'2018-11-23 03:42:46'),
(31,	NULL,	'Q:What does the following mean? Ut non est ex qui.',	'',	'text',	1,	NULL,	NULL,	NULL,	37,	0,	6,	'easy',	'Eveniet enim.',	'2018-11-23 03:42:46',	'2018-11-23 03:42:46'),
(32,	NULL,	'Q:What does the following mean? Quam rerum.',	'',	'text',	25,	NULL,	NULL,	NULL,	24,	0,	7,	'easy',	'Voluptas.',	'2018-11-23 03:42:47',	'2018-11-23 03:42:47'),
(33,	NULL,	'Q:What does the following mean? Ducimus in.',	'',	'text',	41,	NULL,	NULL,	NULL,	190,	0,	7,	'easy',	'Nobis suscipit.',	'2018-11-23 03:42:47',	'2018-11-23 03:42:47'),
(34,	NULL,	'Q:What does the following mean? Voluptatem officiis.',	'',	'text',	13,	NULL,	NULL,	NULL,	77,	0,	7,	'easy',	'Sit inventore.',	'2018-11-23 03:42:47',	'2018-11-23 03:42:47'),
(35,	NULL,	'Q:What does the following mean? Accusantium qui.',	'',	'text',	26,	NULL,	NULL,	NULL,	147,	0,	7,	'easy',	'Sint fugiat.',	'2018-11-23 03:42:47',	'2018-11-23 03:42:47'),
(36,	NULL,	'Q:What does the following mean? Illum natus est sit.',	'',	'text',	17,	NULL,	NULL,	NULL,	105,	0,	7,	'easy',	'Quis ut rem.',	'2018-11-23 03:42:47',	'2018-11-23 03:42:47'),
(37,	NULL,	'Q:What does the following mean? Dicta esse corrupti.',	'',	'text',	24,	NULL,	NULL,	NULL,	135,	0,	8,	'easy',	'Quia est.',	'2018-11-23 03:42:48',	'2018-11-23 03:42:48'),
(38,	NULL,	'Q:What does the following mean? Quibusdam.',	'',	'text',	30,	NULL,	NULL,	NULL,	130,	0,	8,	'easy',	'Dolorum nihil.',	'2018-11-23 03:42:48',	'2018-11-23 03:42:48'),
(39,	NULL,	'Q:What does the following mean? In quidem quia qui.',	'',	'text',	4,	NULL,	NULL,	NULL,	163,	0,	8,	'easy',	'Vitae.',	'2018-11-23 03:42:48',	'2018-11-23 03:42:48'),
(40,	NULL,	'Q:What does the following mean? Sint ea asperiores.',	'',	'text',	35,	NULL,	NULL,	NULL,	247,	0,	8,	'easy',	'Modi laborum.',	'2018-11-23 03:42:48',	'2018-11-23 03:42:48'),
(41,	NULL,	'Q:What does the following mean? Officia excepturi.',	'',	'text',	33,	NULL,	NULL,	NULL,	117,	0,	8,	'easy',	'Facere et.',	'2018-11-23 03:42:48',	'2018-11-23 03:42:48'),
(42,	NULL,	'Q:What does the following mean? Nobis velit.',	'',	'text',	14,	NULL,	NULL,	NULL,	26,	0,	8,	'easy',	'Qui at.',	'2018-11-23 03:42:48',	'2018-11-23 03:42:48'),
(43,	NULL,	'Q:What does the following mean? Nihil et dolorum.',	'',	'text',	33,	NULL,	NULL,	NULL,	106,	0,	8,	'easy',	'Velit voluptas.',	'2018-11-23 03:42:48',	'2018-11-23 03:42:48'),
(44,	NULL,	'Q:What does the following mean? Magni nesciunt.',	'',	'text',	18,	NULL,	NULL,	NULL,	186,	0,	8,	'easy',	'Esse quia.',	'2018-11-23 03:42:48',	'2018-11-23 03:42:48'),
(45,	NULL,	'Q:What does the following mean? Ipsam amet eum.',	'',	'text',	21,	NULL,	NULL,	NULL,	261,	0,	9,	'easy',	'Aut minima.',	'2018-11-23 03:42:50',	'2018-11-23 03:42:50'),
(46,	NULL,	'Q:What does the following mean? Harum sed libero.',	'',	'text',	9,	NULL,	NULL,	NULL,	115,	0,	9,	'easy',	'Voluptatem.',	'2018-11-23 03:42:50',	'2018-11-23 03:42:50'),
(47,	NULL,	'Q:What does the following mean? Sit quisquam minus.',	'',	'text',	26,	NULL,	NULL,	NULL,	265,	0,	9,	'easy',	'Atque vero ea.',	'2018-11-23 03:42:50',	'2018-11-23 03:42:50'),
(48,	NULL,	'Q:What does the following mean? Laborum voluptatem.',	'',	'text',	15,	NULL,	NULL,	NULL,	246,	0,	9,	'easy',	'Magnam atque.',	'2018-11-23 03:42:50',	'2018-11-23 03:42:50'),
(49,	NULL,	'Q:What does the following mean? Voluptatem.',	'',	'text',	19,	NULL,	NULL,	NULL,	52,	0,	9,	'easy',	'Reiciendis nam.',	'2018-11-23 03:42:50',	'2018-11-23 03:42:50'),
(50,	NULL,	'Q:What does the following mean? Voluptates sed.',	'',	'text',	9,	NULL,	NULL,	NULL,	131,	0,	9,	'easy',	'Non similique.',	'2018-11-23 03:42:50',	'2018-11-23 03:42:50'),
(51,	NULL,	'Q:What does the following mean? Sit voluptatem est.',	'',	'text',	11,	NULL,	NULL,	NULL,	69,	0,	9,	'easy',	'Voluptatibus.',	'2018-11-23 03:42:50',	'2018-11-23 03:42:50'),
(52,	NULL,	'Q:What does the following mean? Dicta possimus quia.',	'',	'text',	4,	NULL,	NULL,	NULL,	225,	0,	10,	'easy',	'Rerum.',	'2018-11-23 03:42:52',	'2018-11-23 03:42:52'),
(53,	NULL,	'Q:What does the following mean? Ea aut est dolorum.',	'',	'text',	28,	NULL,	NULL,	NULL,	27,	0,	10,	'easy',	'Debitis.',	'2018-11-23 03:42:52',	'2018-11-23 03:42:52'),
(54,	NULL,	'Q:What does the following mean? Numquam distinctio.',	'',	'text',	30,	NULL,	NULL,	NULL,	225,	0,	10,	'easy',	'Quis.',	'2018-11-23 03:42:52',	'2018-11-23 03:42:52'),
(55,	NULL,	'Q:What does the following mean? Repellat esse.',	'',	'text',	20,	NULL,	NULL,	NULL,	240,	0,	10,	'easy',	'Et voluptas.',	'2018-11-23 03:42:52',	'2018-11-23 03:42:52'),
(56,	NULL,	'Q:What does the following mean? Minus quas officiis.',	'',	'text',	17,	NULL,	NULL,	NULL,	95,	0,	10,	'easy',	'Ducimus esse.',	'2018-11-23 03:42:52',	'2018-11-23 03:42:52'),
(57,	NULL,	'Q:What does the following mean? Quia recusandae id.',	'',	'text',	43,	NULL,	NULL,	NULL,	203,	0,	10,	'easy',	'Est esse non.',	'2018-11-23 03:42:52',	'2018-11-23 03:42:52'),
(58,	NULL,	'Q:What does the following mean? Deleniti sed.',	'',	'text',	49,	NULL,	NULL,	NULL,	299,	0,	10,	'easy',	'Corrupti aut.',	'2018-11-23 03:42:52',	'2018-11-23 03:42:52'),
(59,	NULL,	'Q:What does the following mean? Ut in possimus.',	'',	'text',	13,	NULL,	NULL,	NULL,	260,	0,	10,	'easy',	'Rerum.',	'2018-11-23 03:42:52',	'2018-11-23 03:42:52'),
(60,	NULL,	'Q:What does the following mean? Beatae debitis eos.',	'',	'text',	50,	NULL,	NULL,	NULL,	63,	0,	11,	'easy',	'Reiciendis vel.',	'2018-11-23 03:42:54',	'2018-11-23 03:42:54'),
(61,	NULL,	'Q:What does the following mean? Eligendi eius quo.',	'',	'text',	5,	NULL,	NULL,	NULL,	185,	0,	11,	'easy',	'Consequatur.',	'2018-11-23 03:42:54',	'2018-11-23 03:42:54'),
(62,	NULL,	'Q:What does the following mean? Aspernatur.',	'',	'text',	7,	NULL,	NULL,	NULL,	89,	0,	11,	'easy',	'Velit aut.',	'2018-11-23 03:42:54',	'2018-11-23 03:42:54'),
(63,	NULL,	'Q:What does the following mean? Sint qui qui sunt.',	'',	'text',	35,	NULL,	NULL,	NULL,	167,	0,	11,	'easy',	'Blanditiis ut.',	'2018-11-23 03:42:54',	'2018-11-23 03:42:54'),
(64,	NULL,	'Q:What does the following mean? Illum quibusdam et.',	'',	'text',	40,	NULL,	NULL,	NULL,	74,	0,	11,	'easy',	'Sunt repellat.',	'2018-11-23 03:42:54',	'2018-11-23 03:42:54'),
(65,	NULL,	'Q:What does the following mean? Qui veniam.',	'',	'text',	1,	NULL,	NULL,	NULL,	186,	0,	11,	'easy',	'Et et.',	'2018-11-23 03:42:54',	'2018-11-23 03:42:54'),
(66,	NULL,	'Q:What does the following mean? Natus nisi ipsa.',	'',	'text',	23,	NULL,	NULL,	NULL,	257,	0,	11,	'easy',	'Qui blanditiis.',	'2018-11-23 03:42:54',	'2018-11-23 03:42:54'),
(67,	NULL,	'Q:What does the following mean? Doloribus vel sunt.',	'',	'text',	46,	NULL,	NULL,	NULL,	54,	0,	11,	'easy',	'Aliquid minus.',	'2018-11-23 03:42:54',	'2018-11-23 03:42:54'),
(68,	NULL,	'Q:What does the following mean? Voluptas impedit.',	'',	'text',	17,	NULL,	NULL,	NULL,	146,	0,	12,	'easy',	'Excepturi.',	'2018-11-23 03:42:56',	'2018-11-23 03:42:56'),
(69,	NULL,	'Q:What does the following mean? Dolorem eaque.',	'',	'text',	23,	NULL,	NULL,	NULL,	156,	0,	13,	'easy',	'Numquam a aut.',	'2018-11-23 03:42:56',	'2018-11-23 03:42:56'),
(70,	NULL,	'Q:What does the following mean? Sint et sequi vel.',	'',	'text',	16,	NULL,	NULL,	NULL,	227,	0,	13,	'easy',	'Consequuntur.',	'2018-11-23 03:42:56',	'2018-11-23 03:42:56'),
(71,	NULL,	'Q:What does the following mean? Ut sed rem magni.',	'',	'text',	2,	NULL,	NULL,	NULL,	101,	0,	13,	'easy',	'Incidunt iure.',	'2018-11-23 03:42:56',	'2018-11-23 03:42:56'),
(72,	NULL,	'Q:What does the following mean? Reprehenderit animi.',	'',	'text',	20,	NULL,	NULL,	NULL,	16,	0,	14,	'easy',	'Cumque optio.',	'2018-11-23 03:42:57',	'2018-11-23 03:42:57'),
(73,	NULL,	'Q:What does the following mean? Alias asperiores.',	'',	'text',	36,	NULL,	NULL,	NULL,	169,	0,	14,	'easy',	'Laboriosam.',	'2018-11-23 03:42:57',	'2018-11-23 03:42:57'),
(74,	NULL,	'Q:What does the following mean? Aut et praesentium.',	'',	'text',	42,	NULL,	NULL,	NULL,	196,	0,	14,	'easy',	'Est molestias.',	'2018-11-23 03:42:57',	'2018-11-23 03:42:57'),
(75,	NULL,	'Q:What does the following mean? Iusto vero at.',	'',	'text',	3,	NULL,	NULL,	NULL,	169,	0,	14,	'easy',	'Sit asperiores.',	'2018-11-23 03:42:57',	'2018-11-23 03:42:57'),
(76,	NULL,	'Q:What does the following mean? Omnis temporibus.',	'',	'text',	22,	NULL,	NULL,	NULL,	22,	0,	14,	'easy',	'Iure inventore.',	'2018-11-23 03:42:57',	'2018-11-23 03:42:57'),
(77,	NULL,	'Q:What does the following mean? Dolor doloribus.',	'',	'text',	7,	NULL,	NULL,	NULL,	128,	0,	14,	'easy',	'Necessitatibus.',	'2018-11-23 03:42:57',	'2018-11-23 03:42:57'),
(78,	NULL,	'Q:What does the following mean? Quo eaque quaerat.',	'',	'text',	19,	NULL,	NULL,	NULL,	156,	0,	14,	'easy',	'Enim corrupti.',	'2018-11-23 03:42:57',	'2018-11-23 03:42:57'),
(79,	NULL,	'Q:What does the following mean? Facilis asperiores.',	'',	'text',	32,	NULL,	NULL,	NULL,	50,	0,	14,	'easy',	'Voluptas quia.',	'2018-11-23 03:42:57',	'2018-11-23 03:42:57'),
(80,	NULL,	'Q:What does the following mean? Mollitia nisi.',	'',	'text',	6,	NULL,	NULL,	NULL,	74,	0,	14,	'easy',	'Eveniet.',	'2018-11-23 03:42:57',	'2018-11-23 03:42:57'),
(81,	NULL,	'Q:What does the following mean? Excepturi aut cum.',	'',	'text',	45,	NULL,	NULL,	NULL,	190,	0,	15,	'easy',	'Quod et quia.',	'2018-11-23 03:42:59',	'2018-11-23 03:42:59'),
(82,	NULL,	'Q:What does the following mean? Qui illum dolorem.',	'',	'text',	40,	NULL,	NULL,	NULL,	250,	0,	15,	'easy',	'Explicabo.',	'2018-11-23 03:42:59',	'2018-11-23 03:42:59'),
(83,	NULL,	'Q:What does the following mean? Ut et aliquam et.',	'',	'text',	31,	NULL,	NULL,	NULL,	87,	0,	16,	'easy',	'Dolorem fugiat.',	'2018-11-23 03:42:59',	'2018-11-23 03:42:59'),
(84,	NULL,	'Q:What does the following mean? Sunt odit eius.',	'',	'text',	27,	NULL,	NULL,	NULL,	199,	0,	16,	'easy',	'Et corrupti.',	'2018-11-23 03:42:59',	'2018-11-23 03:42:59'),
(85,	NULL,	'Q:What does the following mean? Est animi impedit.',	'',	'text',	14,	NULL,	NULL,	NULL,	263,	0,	16,	'easy',	'Autem tempora.',	'2018-11-23 03:42:59',	'2018-11-23 03:42:59'),
(86,	NULL,	'Q:What does the following mean? Officiis esse.',	'',	'text',	27,	NULL,	NULL,	NULL,	190,	0,	16,	'easy',	'Voluptatem cum.',	'2018-11-23 03:42:59',	'2018-11-23 03:42:59'),
(87,	NULL,	'Q:What does the following mean? Qui numquam.',	'',	'text',	47,	NULL,	NULL,	NULL,	120,	0,	17,	'easy',	'Ad ratione est.',	'2018-11-23 03:43:00',	'2018-11-23 03:43:00'),
(88,	NULL,	'Q:What does the following mean? Laudantium velit.',	'',	'text',	22,	NULL,	NULL,	NULL,	32,	0,	17,	'easy',	'A velit sunt.',	'2018-11-23 03:43:00',	'2018-11-23 03:43:00'),
(89,	NULL,	'Q:What does the following mean? Esse saepe aut.',	'',	'text',	41,	NULL,	NULL,	NULL,	120,	0,	18,	'easy',	'Alias id et.',	'2018-11-23 03:43:01',	'2018-11-23 03:43:01'),
(90,	NULL,	'Q:What does the following mean? Et nemo fugit sit.',	'',	'text',	20,	NULL,	NULL,	NULL,	180,	0,	18,	'easy',	'Voluptas odit.',	'2018-11-23 03:43:01',	'2018-11-23 03:43:01'),
(91,	NULL,	'Q:What does the following mean? Hic id officia.',	'',	'text',	31,	NULL,	NULL,	NULL,	175,	0,	19,	'easy',	'Inventore.',	'2018-11-23 03:43:01',	'2018-11-23 03:43:01'),
(92,	NULL,	'Q:What does the following mean? Nemo rerum sit qui.',	'',	'text',	21,	NULL,	NULL,	NULL,	11,	0,	20,	'easy',	'Ipsum possimus.',	'2018-11-23 03:43:01',	'2018-11-23 03:43:01'),
(93,	NULL,	'Q:What does the following mean? Magnam voluptas.',	'',	'text',	8,	NULL,	NULL,	NULL,	254,	0,	20,	'easy',	'Corrupti eius.',	'2018-11-23 03:43:01',	'2018-11-23 03:43:01'),
(94,	NULL,	'Q:What does the following mean? Eos magnam.',	'',	'text',	45,	NULL,	NULL,	NULL,	178,	0,	20,	'easy',	'Eos possimus.',	'2018-11-23 03:43:01',	'2018-11-23 03:43:01'),
(95,	NULL,	'Q:What does the following mean? Delectus sed cumque.',	'',	'text',	9,	NULL,	NULL,	NULL,	122,	0,	20,	'easy',	'Sunt et aut.',	'2018-11-23 03:43:01',	'2018-11-23 03:43:01'),
(96,	NULL,	'Q:What does the following mean? Ea accusantium.',	'',	'text',	3,	NULL,	NULL,	NULL,	150,	0,	20,	'easy',	'Ullam est amet.',	'2018-11-23 03:43:01',	'2018-11-23 03:43:01'),
(97,	NULL,	'Q:What does the following mean? Sed porro sunt.',	'',	'text',	5,	NULL,	NULL,	NULL,	116,	0,	20,	'easy',	'Provident est.',	'2018-11-23 03:43:02',	'2018-11-23 03:43:02'),
(98,	NULL,	'Q:What does the following mean? Veniam sed.',	'',	'text',	50,	NULL,	NULL,	NULL,	247,	0,	20,	'easy',	'Necessitatibus.',	'2018-11-23 03:43:02',	'2018-11-23 03:43:02'),
(99,	NULL,	'Q:What does the following mean? Porro culpa et sit.',	'',	'text',	35,	NULL,	NULL,	NULL,	215,	0,	21,	'easy',	'Ducimus est.',	'2018-11-23 03:43:03',	'2018-11-23 03:43:03'),
(100,	NULL,	'Q:What does the following mean? Qui doloremque.',	'',	'text',	25,	NULL,	NULL,	NULL,	156,	0,	21,	'easy',	'Tenetur amet.',	'2018-11-23 03:43:03',	'2018-11-23 03:43:03'),
(101,	NULL,	'Q:What does the following mean? Quia numquam.',	'',	'text',	35,	NULL,	NULL,	NULL,	144,	0,	22,	'easy',	'Dignissimos.',	'2018-11-23 03:43:03',	'2018-11-23 03:43:03'),
(102,	NULL,	'Q:What does the following mean? Saepe itaque.',	'',	'text',	14,	NULL,	NULL,	NULL,	18,	0,	22,	'easy',	'Voluptatem at.',	'2018-11-23 03:43:03',	'2018-11-23 03:43:03'),
(103,	NULL,	'Q:What does the following mean? Tempore nobis.',	'',	'text',	47,	NULL,	NULL,	NULL,	244,	0,	23,	'easy',	'Autem ipsa.',	'2018-11-23 03:43:04',	'2018-11-23 03:43:04'),
(104,	NULL,	'Q:What does the following mean? Aliquid at.',	'',	'text',	13,	NULL,	NULL,	NULL,	25,	0,	23,	'easy',	'Ea porro.',	'2018-11-23 03:43:04',	'2018-11-23 03:43:04'),
(105,	NULL,	'Q:What does the following mean? In aut quo neque.',	'',	'text',	28,	NULL,	NULL,	NULL,	264,	0,	23,	'easy',	'Minus.',	'2018-11-23 03:43:04',	'2018-11-23 03:43:04'),
(106,	NULL,	'Q:What does the following mean? Error iure fugit.',	'',	'text',	35,	NULL,	NULL,	NULL,	121,	0,	23,	'easy',	'Voluptas qui.',	'2018-11-23 03:43:04',	'2018-11-23 03:43:04'),
(107,	NULL,	'Q:What does the following mean? Pariatur molestiae.',	'',	'text',	31,	NULL,	NULL,	NULL,	136,	0,	24,	'easy',	'Sit neque.',	'2018-11-23 03:43:05',	'2018-11-23 03:43:05'),
(108,	NULL,	'Q:What does the following mean? Voluptas rerum ut.',	'',	'text',	24,	NULL,	NULL,	NULL,	105,	0,	24,	'easy',	'Voluptas.',	'2018-11-23 03:43:05',	'2018-11-23 03:43:05'),
(109,	NULL,	'Q:What does the following mean? Aut corporis sed.',	'',	'text',	20,	NULL,	NULL,	NULL,	24,	0,	24,	'easy',	'Sed sint.',	'2018-11-23 03:43:05',	'2018-11-23 03:43:05'),
(110,	NULL,	'Q:What does the following mean? Repellendus aliquid.',	'',	'text',	8,	NULL,	NULL,	NULL,	199,	0,	24,	'easy',	'Maiores a.',	'2018-11-23 03:43:05',	'2018-11-23 03:43:05'),
(111,	NULL,	'Q:What does the following mean? Perspiciatis.',	'',	'text',	18,	NULL,	NULL,	NULL,	227,	0,	24,	'easy',	'Molestiae.',	'2018-11-23 03:43:05',	'2018-11-23 03:43:05'),
(112,	NULL,	'Q:What does the following mean? Molestiae placeat.',	'',	'text',	11,	NULL,	NULL,	NULL,	5,	0,	24,	'easy',	'At autem alias.',	'2018-11-23 03:43:05',	'2018-11-23 03:43:05'),
(113,	NULL,	'Q:What does the following mean? Maxime dolore qui.',	'',	'text',	1,	NULL,	NULL,	NULL,	156,	0,	24,	'easy',	'Ea excepturi.',	'2018-11-23 03:43:05',	'2018-11-23 03:43:05'),
(114,	NULL,	'Q:What does the following mean? Recusandae.',	'',	'text',	41,	NULL,	NULL,	NULL,	64,	0,	25,	'easy',	'Sint occaecati.',	'2018-11-23 03:43:06',	'2018-11-23 03:43:06'),
(115,	NULL,	'Q:What does the following mean? Rerum dolor et.',	'',	'text',	24,	NULL,	NULL,	NULL,	251,	0,	25,	'easy',	'Odit.',	'2018-11-23 03:43:07',	'2018-11-23 03:43:07'),
(116,	NULL,	'Q:What does the following mean? Placeat id nam sed.',	'',	'text',	18,	NULL,	NULL,	NULL,	28,	0,	25,	'easy',	'Aut dolores.',	'2018-11-23 03:43:07',	'2018-11-23 03:43:07'),
(117,	NULL,	'Q:What does the following mean? Dolores.',	'',	'text',	10,	NULL,	NULL,	NULL,	143,	0,	25,	'easy',	'Amet libero.',	'2018-11-23 03:43:07',	'2018-11-23 03:43:07'),
(118,	NULL,	'Q:What does the following mean? Totam nihil.',	'',	'text',	20,	NULL,	NULL,	NULL,	71,	0,	26,	'easy',	'Corporis.',	'2018-11-23 03:43:07',	'2018-11-23 03:43:07'),
(119,	NULL,	'Q:What does the following mean? Et eligendi atque.',	'',	'text',	8,	NULL,	NULL,	NULL,	242,	0,	26,	'easy',	'Beatae sunt.',	'2018-11-23 03:43:07',	'2018-11-23 03:43:07'),
(120,	NULL,	'Q:What does the following mean? Aut eum ut a.',	'',	'text',	2,	NULL,	NULL,	NULL,	36,	0,	26,	'easy',	'Repudiandae et.',	'2018-11-23 03:43:07',	'2018-11-23 03:43:07'),
(121,	NULL,	'Q:What does the following mean? Et non commodi.',	'',	'text',	21,	NULL,	NULL,	NULL,	84,	0,	26,	'easy',	'Quisquam aut.',	'2018-11-23 03:43:07',	'2018-11-23 03:43:07'),
(122,	NULL,	'Q:What does the following mean? Est velit dolorum.',	'',	'text',	21,	NULL,	NULL,	NULL,	83,	0,	26,	'easy',	'Nostrum.',	'2018-11-23 03:43:08',	'2018-11-23 03:43:08'),
(123,	NULL,	'Q:What does the following mean? Distinctio voluptas.',	'',	'text',	33,	NULL,	NULL,	NULL,	234,	0,	26,	'easy',	'Tenetur et qui.',	'2018-11-23 03:43:08',	'2018-11-23 03:43:08'),
(124,	NULL,	'Q:What does the following mean? Maxime eligendi.',	'',	'text',	25,	NULL,	NULL,	NULL,	290,	0,	26,	'easy',	'Excepturi odit.',	'2018-11-23 03:43:08',	'2018-11-23 03:43:08'),
(125,	NULL,	'Q:What does the following mean? Et voluptas quia.',	'',	'text',	12,	NULL,	NULL,	NULL,	165,	0,	26,	'easy',	'Autem modi.',	'2018-11-23 03:43:08',	'2018-11-23 03:43:08'),
(126,	NULL,	'Q:What does the following mean? Sed veniam cum ipsa.',	'',	'text',	13,	NULL,	NULL,	NULL,	244,	0,	26,	'easy',	'Voluptas.',	'2018-11-23 03:43:08',	'2018-11-23 03:43:08'),
(127,	NULL,	'Q:What does the following mean? Temporibus sed.',	'',	'text',	36,	NULL,	NULL,	NULL,	169,	0,	27,	'easy',	'Maxime.',	'2018-11-23 03:43:10',	'2018-11-23 03:43:10'),
(128,	NULL,	'Q:What does the following mean? Autem minus ut illo.',	'',	'text',	49,	NULL,	NULL,	NULL,	252,	0,	27,	'easy',	'Dolor ut ex.',	'2018-11-23 03:43:10',	'2018-11-23 03:43:10'),
(129,	NULL,	'Q:What does the following mean? Recusandae sint.',	'',	'text',	28,	NULL,	NULL,	NULL,	79,	0,	27,	'easy',	'Non omnis.',	'2018-11-23 03:43:10',	'2018-11-23 03:43:10'),
(130,	NULL,	'Q:What does the following mean? Sunt tempore.',	'',	'text',	33,	NULL,	NULL,	NULL,	131,	0,	27,	'easy',	'Veritatis in.',	'2018-11-23 03:43:10',	'2018-11-23 03:43:10'),
(131,	NULL,	'Q:What does the following mean? Neque iusto sit.',	'',	'text',	9,	NULL,	NULL,	NULL,	164,	0,	27,	'easy',	'Sed nihil.',	'2018-11-23 03:43:10',	'2018-11-23 03:43:10'),
(132,	NULL,	'Q:What does the following mean? Ullam pariatur.',	'',	'text',	49,	NULL,	NULL,	NULL,	53,	0,	27,	'easy',	'Dolore.',	'2018-11-23 03:43:10',	'2018-11-23 03:43:10'),
(133,	NULL,	'Q:What does the following mean? Ut et ut eveniet.',	'',	'text',	7,	NULL,	NULL,	NULL,	147,	0,	28,	'easy',	'In fugiat.',	'2018-11-23 03:43:11',	'2018-11-23 03:43:11'),
(134,	NULL,	'Q:What does the following mean? Sint laborum non.',	'',	'text',	25,	NULL,	NULL,	NULL,	298,	0,	28,	'easy',	'Tempore nemo.',	'2018-11-23 03:43:11',	'2018-11-23 03:43:11'),
(135,	NULL,	'Q:What does the following mean? Quae reprehenderit.',	'',	'text',	31,	NULL,	NULL,	NULL,	178,	0,	28,	'easy',	'Ut omnis minus.',	'2018-11-23 03:43:11',	'2018-11-23 03:43:11'),
(136,	NULL,	'Q:What does the following mean? Sapiente possimus.',	'',	'text',	15,	NULL,	NULL,	NULL,	197,	0,	28,	'easy',	'Suscipit rerum.',	'2018-11-23 03:43:11',	'2018-11-23 03:43:11'),
(137,	NULL,	'Q:What does the following mean? Sit saepe.',	'',	'text',	3,	NULL,	NULL,	NULL,	18,	0,	29,	'easy',	'Qui voluptatum.',	'2018-11-23 03:43:12',	'2018-11-23 03:43:12'),
(138,	NULL,	'Q:What does the following mean? Et earum ducimus.',	'',	'text',	9,	NULL,	NULL,	NULL,	203,	0,	29,	'easy',	'Occaecati.',	'2018-11-23 03:43:12',	'2018-11-23 03:43:12'),
(139,	NULL,	'Q:What does the following mean? Temporibus optio.',	'',	'text',	27,	NULL,	NULL,	NULL,	118,	0,	29,	'easy',	'Fugiat impedit.',	'2018-11-23 03:43:12',	'2018-11-23 03:43:12'),
(140,	NULL,	'Q:What does the following mean? Suscipit reiciendis.',	'',	'text',	8,	NULL,	NULL,	NULL,	13,	0,	29,	'easy',	'Quos qui.',	'2018-11-23 03:43:12',	'2018-11-23 03:43:12'),
(141,	NULL,	'Q:What does the following mean? Quis rerum veniam.',	'',	'text',	23,	NULL,	NULL,	NULL,	292,	0,	29,	'easy',	'Sint voluptas.',	'2018-11-23 03:43:12',	'2018-11-23 03:43:12'),
(142,	NULL,	'Q:What does the following mean? A sit et omnis qui.',	'',	'text',	1,	NULL,	NULL,	NULL,	52,	0,	29,	'easy',	'Perspiciatis.',	'2018-11-23 03:43:12',	'2018-11-23 03:43:12'),
(143,	NULL,	'Q:What does the following mean? Voluptatem libero.',	'',	'text',	12,	NULL,	NULL,	NULL,	198,	0,	29,	'easy',	'Pariatur.',	'2018-11-23 03:43:12',	'2018-11-23 03:43:12'),
(144,	NULL,	'Q:What does the following mean? Voluptates quos.',	'',	'text',	7,	NULL,	NULL,	NULL,	170,	0,	29,	'easy',	'Qui facilis.',	'2018-11-23 03:43:12',	'2018-11-23 03:43:12'),
(145,	NULL,	'Q:What does the following mean? Quidem ratione ad.',	'',	'text',	37,	NULL,	NULL,	NULL,	266,	0,	30,	'easy',	'Et rerum ea.',	'2018-11-23 03:43:14',	'2018-11-23 03:43:14'),
(146,	NULL,	'Q:What does the following mean? Rerum velit tempore.',	'',	'text',	25,	NULL,	NULL,	NULL,	255,	0,	30,	'easy',	'Aliquam est.',	'2018-11-23 03:43:14',	'2018-11-23 03:43:14'),
(147,	NULL,	'Q:What does the following mean? Modi culpa harum ut.',	'',	'text',	28,	NULL,	NULL,	NULL,	141,	0,	30,	'easy',	'Ut et quisquam.',	'2018-11-23 03:43:14',	'2018-11-23 03:43:14'),
(148,	NULL,	'Q:What does the following mean? Vel omnis rem sint.',	'',	'text',	10,	NULL,	NULL,	NULL,	181,	0,	30,	'easy',	'Omnis facilis.',	'2018-11-23 03:43:14',	'2018-11-23 03:43:14'),
(149,	NULL,	'Q:What does the following mean? Amet quod voluptate.',	'',	'text',	15,	NULL,	NULL,	NULL,	67,	0,	30,	'easy',	'Tenetur.',	'2018-11-23 03:43:14',	'2018-11-23 03:43:14'),
(150,	NULL,	'Q:What does the following mean? Culpa est quo ut et.',	'',	'text',	13,	NULL,	NULL,	NULL,	114,	0,	30,	'easy',	'Quisquam error.',	'2018-11-23 03:43:15',	'2018-11-23 03:43:15'),
(151,	NULL,	'Q:What does the following mean? Odio veritatis aut.',	'',	'text',	38,	NULL,	NULL,	NULL,	89,	0,	31,	'easy',	'Inventore ex.',	'2018-11-23 03:43:16',	'2018-11-23 03:43:16'),
(152,	NULL,	'Q:What does the following mean? Quam sit maxime.',	'',	'text',	9,	NULL,	NULL,	NULL,	75,	0,	31,	'easy',	'Esse a laborum.',	'2018-11-23 03:43:16',	'2018-11-23 03:43:16'),
(153,	NULL,	'Q:What does the following mean? Atque corporis.',	'',	'text',	1,	NULL,	NULL,	NULL,	234,	0,	31,	'easy',	'Laudantium in.',	'2018-11-23 03:43:16',	'2018-11-23 03:43:16'),
(154,	NULL,	'Q:What does the following mean? Consequatur.',	'',	'text',	40,	NULL,	NULL,	NULL,	188,	0,	31,	'easy',	'Nisi non omnis.',	'2018-11-23 03:43:16',	'2018-11-23 03:43:16'),
(155,	NULL,	'Q:What does the following mean? Dolorem autem ipsam.',	'',	'text',	13,	NULL,	NULL,	NULL,	52,	0,	31,	'easy',	'Voluptatem.',	'2018-11-23 03:43:16',	'2018-11-23 03:43:16'),
(156,	NULL,	'Q:What does the following mean? Eos dicta alias.',	'',	'text',	11,	NULL,	NULL,	NULL,	221,	0,	31,	'easy',	'Dicta eum et.',	'2018-11-23 03:43:16',	'2018-11-23 03:43:16'),
(157,	NULL,	'Q:What does the following mean? Recusandae.',	'',	'text',	24,	NULL,	NULL,	NULL,	15,	0,	31,	'easy',	'Cumque vitae.',	'2018-11-23 03:43:16',	'2018-11-23 03:43:16'),
(158,	NULL,	'Q:What does the following mean? Iure occaecati ut.',	'',	'text',	49,	NULL,	NULL,	NULL,	186,	0,	31,	'easy',	'Ut enim.',	'2018-11-23 03:43:16',	'2018-11-23 03:43:16'),
(159,	NULL,	'Q:What does the following mean? Similique fugiat.',	'',	'text',	10,	NULL,	NULL,	NULL,	64,	0,	31,	'easy',	'Sit illo aut.',	'2018-11-23 03:43:16',	'2018-11-23 03:43:16'),
(160,	NULL,	'Q:What does the following mean? Quia commodi est.',	'',	'text',	33,	NULL,	NULL,	NULL,	11,	0,	31,	'easy',	'Aspernatur et.',	'2018-11-23 03:43:16',	'2018-11-23 03:43:16'),
(161,	NULL,	'Q:What does the following mean? Earum sint dolor.',	'',	'text',	16,	NULL,	NULL,	NULL,	86,	0,	32,	'easy',	'Cupiditate et.',	'2018-11-23 03:43:18',	'2018-11-23 03:43:18'),
(162,	NULL,	'Q:What does the following mean? Labore rerum ut.',	'',	'text',	37,	NULL,	NULL,	NULL,	49,	0,	32,	'easy',	'Ducimus.',	'2018-11-23 03:43:18',	'2018-11-23 03:43:18'),
(163,	NULL,	'Q:What does the following mean? Quia saepe sed.',	'',	'text',	17,	NULL,	NULL,	NULL,	61,	0,	32,	'easy',	'Natus enim.',	'2018-11-23 03:43:18',	'2018-11-23 03:43:18'),
(164,	NULL,	'Q:What does the following mean? Possimus doloremque.',	'',	'text',	29,	NULL,	NULL,	NULL,	24,	0,	32,	'easy',	'Hic iure.',	'2018-11-23 03:43:18',	'2018-11-23 03:43:18'),
(165,	NULL,	'Q:What does the following mean? Sequi quod ullam ab.',	'',	'text',	47,	NULL,	NULL,	NULL,	136,	0,	32,	'easy',	'Adipisci.',	'2018-11-23 03:43:18',	'2018-11-23 03:43:18'),
(166,	NULL,	'Q:What does the following mean? Sapiente nemo.',	'',	'text',	37,	NULL,	NULL,	NULL,	94,	0,	32,	'easy',	'Eos ut.',	'2018-11-23 03:43:18',	'2018-11-23 03:43:18'),
(167,	NULL,	'Q:What does the following mean? Voluptas.',	'',	'text',	18,	NULL,	NULL,	NULL,	168,	0,	32,	'easy',	'Quo fuga.',	'2018-11-23 03:43:19',	'2018-11-23 03:43:19'),
(168,	NULL,	'Q:What does the following mean? Temporibus et est.',	'',	'text',	16,	NULL,	NULL,	NULL,	130,	0,	32,	'easy',	'Ut blanditiis.',	'2018-11-23 03:43:19',	'2018-11-23 03:43:19'),
(169,	NULL,	'Q:What does the following mean? Rerum qui voluptas.',	'',	'text',	11,	NULL,	NULL,	NULL,	276,	0,	33,	'easy',	'Corporis.',	'2018-11-23 03:43:20',	'2018-11-23 03:43:20'),
(170,	NULL,	'Q:What does the following mean? Velit animi et quia.',	'',	'text',	5,	NULL,	NULL,	NULL,	235,	0,	33,	'easy',	'Soluta quis.',	'2018-11-23 03:43:20',	'2018-11-23 03:43:20'),
(171,	NULL,	'Q:What does the following mean? Qui exercitationem.',	'',	'text',	44,	NULL,	NULL,	NULL,	182,	0,	33,	'easy',	'Et quos unde.',	'2018-11-23 03:43:20',	'2018-11-23 03:43:20'),
(172,	NULL,	'Q:What does the following mean? Magnam soluta.',	'',	'text',	22,	NULL,	NULL,	NULL,	133,	0,	34,	'easy',	'Officia qui.',	'2018-11-23 03:43:21',	'2018-11-23 03:43:21'),
(173,	NULL,	'Q:What does the following mean? Fugit consequatur.',	'',	'text',	29,	NULL,	NULL,	NULL,	182,	0,	34,	'easy',	'Iusto corrupti.',	'2018-11-23 03:43:21',	'2018-11-23 03:43:21'),
(174,	NULL,	'Q:What does the following mean? Omnis fugit tempore.',	'',	'text',	19,	NULL,	NULL,	NULL,	245,	0,	34,	'easy',	'Modi saepe qui.',	'2018-11-23 03:43:21',	'2018-11-23 03:43:21'),
(175,	NULL,	'Q:What does the following mean? Et et distinctio.',	'',	'text',	34,	NULL,	NULL,	NULL,	299,	0,	34,	'easy',	'Est autem.',	'2018-11-23 03:43:21',	'2018-11-23 03:43:21'),
(176,	NULL,	'Q:What does the following mean? Unde exercitationem.',	'',	'text',	34,	NULL,	NULL,	NULL,	218,	0,	34,	'easy',	'Omnis.',	'2018-11-23 03:43:21',	'2018-11-23 03:43:21'),
(177,	NULL,	'Q:What does the following mean? Aperiam quos.',	'',	'text',	41,	NULL,	NULL,	NULL,	84,	0,	34,	'easy',	'Modi.',	'2018-11-23 03:43:21',	'2018-11-23 03:43:21'),
(178,	NULL,	'Q:What does the following mean? Voluptates.',	'',	'text',	39,	NULL,	NULL,	NULL,	260,	0,	35,	'easy',	'Est numquam.',	'2018-11-23 03:43:22',	'2018-11-23 03:43:22'),
(179,	NULL,	'Q:What does the following mean? Et voluptatibus.',	'',	'text',	2,	NULL,	NULL,	NULL,	8,	0,	35,	'easy',	'Voluptas.',	'2018-11-23 03:43:22',	'2018-11-23 03:43:22'),
(180,	NULL,	'Q:What does the following mean? Perspiciatis nemo.',	'',	'text',	28,	NULL,	NULL,	NULL,	223,	0,	35,	'easy',	'Quibusdam eum.',	'2018-11-23 03:43:22',	'2018-11-23 03:43:22'),
(181,	NULL,	'Q:What does the following mean? Tempora.',	'',	'text',	17,	NULL,	NULL,	NULL,	241,	0,	35,	'easy',	'Minima.',	'2018-11-23 03:43:22',	'2018-11-23 03:43:22'),
(182,	NULL,	'Q:What does the following mean? Repudiandae veniam.',	'',	'text',	24,	NULL,	NULL,	NULL,	99,	0,	35,	'easy',	'Facere.',	'2018-11-23 03:43:23',	'2018-11-23 03:43:23'),
(183,	NULL,	'Q:What does the following mean? Est corrupti.',	'',	'text',	27,	NULL,	NULL,	NULL,	120,	0,	35,	'easy',	'Quia minus.',	'2018-11-23 03:43:23',	'2018-11-23 03:43:23'),
(184,	NULL,	'Q:What does the following mean? Harum sequi totam.',	'',	'text',	12,	NULL,	NULL,	NULL,	218,	0,	35,	'easy',	'Ratione.',	'2018-11-23 03:43:23',	'2018-11-23 03:43:23'),
(185,	NULL,	'Q:What does the following mean? In accusamus cum.',	'',	'text',	2,	NULL,	NULL,	NULL,	107,	0,	36,	'easy',	'Voluptate.',	'2018-11-23 03:43:24',	'2018-11-23 03:43:24'),
(186,	NULL,	'Q:What does the following mean? Minima facere eos.',	'',	'text',	1,	NULL,	NULL,	NULL,	216,	0,	36,	'easy',	'In unde magnam.',	'2018-11-23 03:43:24',	'2018-11-23 03:43:24'),
(187,	NULL,	'Q:What does the following mean? Quam vel autem quam.',	'',	'text',	13,	NULL,	NULL,	NULL,	240,	0,	36,	'easy',	'Distinctio.',	'2018-11-23 03:43:24',	'2018-11-23 03:43:24'),
(188,	NULL,	'Q:What does the following mean? Eum impedit.',	'',	'text',	9,	NULL,	NULL,	NULL,	267,	0,	37,	'easy',	'Omnis magnam.',	'2018-11-23 03:43:25',	'2018-11-23 03:43:25'),
(189,	NULL,	'Q:What does the following mean? Suscipit voluptas.',	'',	'text',	3,	NULL,	NULL,	NULL,	153,	0,	37,	'easy',	'Voluptate.',	'2018-11-23 03:43:25',	'2018-11-23 03:43:25'),
(190,	NULL,	'Q:What does the following mean? Voluptatum veniam.',	'',	'text',	47,	NULL,	NULL,	NULL,	75,	0,	37,	'easy',	'Et laboriosam.',	'2018-11-23 03:43:25',	'2018-11-23 03:43:25'),
(191,	NULL,	'Q:What does the following mean? In laborum natus et.',	'',	'text',	4,	NULL,	NULL,	NULL,	290,	0,	37,	'easy',	'Voluptas quia.',	'2018-11-23 03:43:25',	'2018-11-23 03:43:25'),
(192,	NULL,	'Q:What does the following mean? Perspiciatis a sed.',	'',	'text',	20,	NULL,	NULL,	NULL,	181,	0,	37,	'easy',	'Quas omnis et.',	'2018-11-23 03:43:25',	'2018-11-23 03:43:25'),
(193,	NULL,	'Q:What does the following mean? Hic quo sit sit ab.',	'',	'text',	1,	NULL,	NULL,	NULL,	265,	0,	37,	'easy',	'Aut.',	'2018-11-23 03:43:25',	'2018-11-23 03:43:25'),
(194,	NULL,	'Q:What does the following mean? Architecto.',	'',	'text',	43,	NULL,	NULL,	NULL,	35,	0,	37,	'easy',	'Tenetur rerum.',	'2018-11-23 03:43:25',	'2018-11-23 03:43:25'),
(195,	NULL,	'Q:What does the following mean? Praesentium porro.',	'',	'text',	18,	NULL,	NULL,	NULL,	197,	0,	37,	'easy',	'Error expedita.',	'2018-11-23 03:43:25',	'2018-11-23 03:43:25'),
(196,	NULL,	'Q:What does the following mean? Et illo aut tempore.',	'',	'text',	4,	NULL,	NULL,	NULL,	242,	0,	37,	'easy',	'Est nobis.',	'2018-11-23 03:43:25',	'2018-11-23 03:43:25'),
(197,	NULL,	'Q:What does the following mean? Consequatur eum.',	'',	'text',	24,	NULL,	NULL,	NULL,	50,	0,	37,	'easy',	'Neque eum quos.',	'2018-11-23 03:43:25',	'2018-11-23 03:43:25'),
(198,	NULL,	'Q:What does the following mean? Animi explicabo.',	'',	'text',	32,	NULL,	NULL,	NULL,	11,	0,	38,	'easy',	'A sit.',	'2018-11-23 03:43:27',	'2018-11-23 03:43:27'),
(199,	NULL,	'Q:What does the following mean? Saepe quam.',	'',	'text',	36,	NULL,	NULL,	NULL,	268,	0,	38,	'easy',	'Dolores.',	'2018-11-23 03:43:27',	'2018-11-23 03:43:27'),
(200,	NULL,	'Q:What does the following mean? Sapiente nihil.',	'',	'text',	37,	NULL,	NULL,	NULL,	265,	0,	38,	'easy',	'Vel voluptas.',	'2018-11-23 03:43:27',	'2018-11-23 03:43:27'),
(201,	NULL,	'Q:What does the following mean? Modi corporis.',	'',	'text',	3,	NULL,	NULL,	NULL,	200,	0,	38,	'easy',	'Modi quos.',	'2018-11-23 03:43:27',	'2018-11-23 03:43:27'),
(202,	NULL,	'Q:What does the following mean? A vero ex eum ad.',	'',	'text',	19,	NULL,	NULL,	NULL,	86,	0,	38,	'easy',	'Quam ea ab.',	'2018-11-23 03:43:27',	'2018-11-23 03:43:27'),
(203,	NULL,	'Q:What does the following mean? Laudantium sequi ut.',	'',	'text',	4,	NULL,	NULL,	NULL,	96,	0,	38,	'easy',	'Voluptatem.',	'2018-11-23 03:43:27',	'2018-11-23 03:43:27'),
(204,	NULL,	'Q:What does the following mean? Consequatur soluta.',	'',	'text',	13,	NULL,	NULL,	NULL,	166,	0,	38,	'easy',	'Exercitationem.',	'2018-11-23 03:43:27',	'2018-11-23 03:43:27'),
(205,	NULL,	'Q:What does the following mean? Quae voluptatem.',	'',	'text',	18,	NULL,	NULL,	NULL,	90,	0,	38,	'easy',	'Atque qui non.',	'2018-11-23 03:43:28',	'2018-11-23 03:43:28'),
(206,	NULL,	'Q:What does the following mean? Sapiente nostrum.',	'',	'text',	31,	NULL,	NULL,	NULL,	93,	0,	38,	'easy',	'Corporis.',	'2018-11-23 03:43:28',	'2018-11-23 03:43:28'),
(207,	NULL,	'Q:What does the following mean? Ipsa ut eos qui ea.',	'',	'text',	1,	NULL,	NULL,	NULL,	12,	0,	39,	'easy',	'Beatae quia.',	'2018-11-23 03:43:29',	'2018-11-23 03:43:29'),
(208,	NULL,	'Q:What does the following mean? Atque excepturi.',	'',	'text',	11,	NULL,	NULL,	NULL,	165,	0,	39,	'easy',	'Qui earum iste.',	'2018-11-23 03:43:29',	'2018-11-23 03:43:29'),
(209,	NULL,	'Q:What does the following mean? Delectus quo.',	'',	'text',	19,	NULL,	NULL,	NULL,	102,	0,	39,	'easy',	'Cum pariatur.',	'2018-11-23 03:43:30',	'2018-11-23 03:43:30'),
(210,	NULL,	'Q:What does the following mean? Molestiae illum aut.',	'',	'text',	15,	NULL,	NULL,	NULL,	214,	0,	39,	'easy',	'Dolore vel.',	'2018-11-23 03:43:30',	'2018-11-23 03:43:30'),
(211,	NULL,	'Q:What does the following mean? Dolores iusto alias.',	'',	'text',	1,	NULL,	NULL,	NULL,	169,	0,	40,	'easy',	'Inventore.',	'2018-11-23 03:43:30',	'2018-11-23 03:43:30'),
(212,	NULL,	'Q:What does the following mean? Quas repellat.',	'',	'text',	45,	NULL,	NULL,	NULL,	56,	0,	41,	'easy',	'Quod aut.',	'2018-11-23 03:43:31',	'2018-11-23 03:43:31'),
(213,	NULL,	'Q:What does the following mean? Perspiciatis ut.',	'',	'text',	47,	NULL,	NULL,	NULL,	195,	0,	41,	'easy',	'Nobis incidunt.',	'2018-11-23 03:43:31',	'2018-11-23 03:43:31'),
(214,	NULL,	'Q:What does the following mean? Deleniti aut autem.',	'',	'text',	12,	NULL,	NULL,	NULL,	72,	0,	41,	'easy',	'Nostrum.',	'2018-11-23 03:43:31',	'2018-11-23 03:43:31'),
(215,	NULL,	'Q:What does the following mean? Non cumque.',	'',	'text',	36,	NULL,	NULL,	NULL,	147,	0,	41,	'easy',	'Aut nesciunt.',	'2018-11-23 03:43:31',	'2018-11-23 03:43:31'),
(216,	NULL,	'Q:What does the following mean? Inventore omnis eum.',	'',	'text',	34,	NULL,	NULL,	NULL,	137,	0,	41,	'easy',	'Vel sed.',	'2018-11-23 03:43:31',	'2018-11-23 03:43:31'),
(217,	NULL,	'Q:What does the following mean? Facere est ut.',	'',	'text',	39,	NULL,	NULL,	NULL,	40,	0,	41,	'easy',	'Facilis.',	'2018-11-23 03:43:31',	'2018-11-23 03:43:31'),
(218,	NULL,	'Q:What does the following mean? Quo laborum.',	'',	'text',	14,	NULL,	NULL,	NULL,	14,	0,	42,	'easy',	'Iusto officia.',	'2018-11-23 03:43:32',	'2018-11-23 03:43:32'),
(219,	NULL,	'Q:What does the following mean? Facilis voluptate.',	'',	'text',	41,	NULL,	NULL,	NULL,	224,	0,	42,	'easy',	'Omnis.',	'2018-11-23 03:43:32',	'2018-11-23 03:43:32'),
(220,	NULL,	'Q:What does the following mean? Delectus maxime aut.',	'',	'text',	14,	NULL,	NULL,	NULL,	168,	0,	42,	'easy',	'Sunt et.',	'2018-11-23 03:43:32',	'2018-11-23 03:43:32'),
(221,	NULL,	'Q:What does the following mean? Ut unde possimus.',	'',	'text',	46,	NULL,	NULL,	NULL,	224,	0,	42,	'easy',	'Blanditiis quo.',	'2018-11-23 03:43:32',	'2018-11-23 03:43:32'),
(222,	NULL,	'Q:What does the following mean? Ut error dolorem.',	'',	'text',	48,	NULL,	NULL,	NULL,	35,	0,	42,	'easy',	'Labore quam.',	'2018-11-23 03:43:32',	'2018-11-23 03:43:32'),
(223,	NULL,	'Q:What does the following mean? Dolor delectus et.',	'',	'text',	7,	NULL,	NULL,	NULL,	79,	0,	42,	'easy',	'Nulla sequi.',	'2018-11-23 03:43:32',	'2018-11-23 03:43:32'),
(224,	NULL,	'Q:What does the following mean? Ut quam et qui est.',	'',	'text',	45,	NULL,	NULL,	NULL,	12,	0,	42,	'easy',	'Fugit cum.',	'2018-11-23 03:43:32',	'2018-11-23 03:43:32'),
(225,	NULL,	'Q:What does the following mean? Beatae porro sequi.',	'',	'text',	34,	NULL,	NULL,	NULL,	168,	0,	42,	'easy',	'Possimus vel.',	'2018-11-23 03:43:32',	'2018-11-23 03:43:32'),
(226,	NULL,	'Q:What does the following mean? Voluptatem magni.',	'',	'text',	48,	NULL,	NULL,	NULL,	142,	0,	42,	'easy',	'Velit ad velit.',	'2018-11-23 03:43:32',	'2018-11-23 03:43:32'),
(227,	NULL,	'Q:What does the following mean? Sequi consectetur.',	'',	'text',	21,	NULL,	NULL,	NULL,	200,	0,	43,	'easy',	'Harum omnis.',	'2018-11-23 03:43:34',	'2018-11-23 03:43:34'),
(228,	NULL,	'Q:What does the following mean? Modi maiores id.',	'',	'text',	21,	NULL,	NULL,	NULL,	100,	0,	43,	'easy',	'Nisi quasi hic.',	'2018-11-23 03:43:34',	'2018-11-23 03:43:34'),
(229,	NULL,	'Q:What does the following mean? Rerum ut iusto.',	'',	'text',	43,	NULL,	NULL,	NULL,	138,	0,	44,	'easy',	'Nobis ad hic.',	'2018-11-23 03:43:35',	'2018-11-23 03:43:35'),
(230,	NULL,	'Q:What does the following mean? Et nemo quo dolorum.',	'',	'text',	2,	NULL,	NULL,	NULL,	146,	0,	44,	'easy',	'Quas vel et.',	'2018-11-23 03:43:35',	'2018-11-23 03:43:35'),
(231,	NULL,	'Q:What does the following mean? Sunt illo ipsam in.',	'',	'text',	34,	NULL,	NULL,	NULL,	145,	0,	44,	'easy',	'Adipisci.',	'2018-11-23 03:43:35',	'2018-11-23 03:43:35'),
(232,	NULL,	'Q:What does the following mean? Commodi excepturi.',	'',	'text',	42,	NULL,	NULL,	NULL,	253,	0,	44,	'easy',	'Cum voluptas.',	'2018-11-23 03:43:35',	'2018-11-23 03:43:35'),
(233,	NULL,	'Q:What does the following mean? Quo blanditiis.',	'',	'text',	1,	NULL,	NULL,	NULL,	228,	0,	44,	'easy',	'Dolores quia.',	'2018-11-23 03:43:35',	'2018-11-23 03:43:35'),
(234,	NULL,	'Q:What does the following mean? Et assumenda sit.',	'',	'text',	19,	NULL,	NULL,	NULL,	45,	0,	44,	'easy',	'Adipisci.',	'2018-11-23 03:43:35',	'2018-11-23 03:43:35'),
(235,	NULL,	'Q:What does the following mean? Eius molestiae ut.',	'',	'text',	23,	NULL,	NULL,	NULL,	156,	0,	44,	'easy',	'Iure et magni.',	'2018-11-23 03:43:35',	'2018-11-23 03:43:35'),
(236,	NULL,	'Q:What does the following mean? Facere nostrum.',	'',	'text',	50,	NULL,	NULL,	NULL,	234,	0,	44,	'easy',	'Odit ad.',	'2018-11-23 03:43:35',	'2018-11-23 03:43:35'),
(237,	NULL,	'Q:What does the following mean? Exercitationem aut.',	'',	'text',	7,	NULL,	NULL,	NULL,	140,	0,	44,	'easy',	'Ad.',	'2018-11-23 03:43:35',	'2018-11-23 03:43:35'),
(238,	NULL,	'Q:What does the following mean? Ipsum iure et.',	'',	'text',	24,	NULL,	NULL,	NULL,	207,	0,	44,	'easy',	'Provident.',	'2018-11-23 03:43:35',	'2018-11-23 03:43:35'),
(239,	NULL,	'Q:What does the following mean? Et vitae quasi quia.',	'',	'text',	41,	NULL,	NULL,	NULL,	188,	0,	45,	'easy',	'Occaecati amet.',	'2018-11-23 03:43:37',	'2018-11-23 03:43:37'),
(240,	NULL,	'Q:What does the following mean? Aut sit aut rerum.',	'',	'text',	23,	NULL,	NULL,	NULL,	238,	0,	45,	'easy',	'Velit.',	'2018-11-23 03:43:37',	'2018-11-23 03:43:37'),
(241,	NULL,	'Q:What does the following mean? Non provident eius.',	'',	'text',	3,	NULL,	NULL,	NULL,	35,	0,	45,	'easy',	'Quibusdam.',	'2018-11-23 03:43:37',	'2018-11-23 03:43:37'),
(242,	NULL,	'Q:What does the following mean? Et nemo consectetur.',	'',	'text',	42,	NULL,	NULL,	NULL,	101,	0,	45,	'easy',	'Voluptas eos.',	'2018-11-23 03:43:37',	'2018-11-23 03:43:37'),
(243,	NULL,	'Q:What does the following mean? Voluptatum quisquam.',	'',	'text',	4,	NULL,	NULL,	NULL,	39,	0,	45,	'easy',	'Fugiat.',	'2018-11-23 03:43:37',	'2018-11-23 03:43:37'),
(244,	NULL,	'Q:What does the following mean? Corporis ad illum.',	'',	'text',	10,	NULL,	NULL,	NULL,	297,	0,	45,	'easy',	'Aliquam non.',	'2018-11-23 03:43:37',	'2018-11-23 03:43:37'),
(245,	NULL,	'Q:What does the following mean? Laboriosam harum.',	'',	'text',	4,	NULL,	NULL,	NULL,	161,	0,	46,	'easy',	'Aliquid optio.',	'2018-11-23 03:43:39',	'2018-11-23 03:43:39'),
(246,	NULL,	'Q:What does the following mean? Accusamus veritatis.',	'',	'text',	28,	NULL,	NULL,	NULL,	289,	0,	46,	'easy',	'Eos rerum.',	'2018-11-23 03:43:39',	'2018-11-23 03:43:39'),
(247,	NULL,	'Q:What does the following mean? Officia delectus.',	'',	'text',	39,	NULL,	NULL,	NULL,	187,	0,	46,	'easy',	'Sequi ab.',	'2018-11-23 03:43:39',	'2018-11-23 03:43:39'),
(248,	NULL,	'Q:What does the following mean? Sint velit omnis.',	'',	'text',	47,	NULL,	NULL,	NULL,	267,	0,	46,	'easy',	'Ex rem hic.',	'2018-11-23 03:43:39',	'2018-11-23 03:43:39'),
(249,	NULL,	'Q:What does the following mean? Iusto qui aut error.',	'',	'text',	38,	NULL,	NULL,	NULL,	140,	0,	47,	'easy',	'Sint est.',	'2018-11-23 03:43:40',	'2018-11-23 03:43:40'),
(250,	NULL,	'Q:What does the following mean? Rerum atque rerum.',	'',	'text',	10,	NULL,	NULL,	NULL,	165,	0,	47,	'easy',	'Placeat minus.',	'2018-11-23 03:43:40',	'2018-11-23 03:43:40'),
(251,	NULL,	'Q:What does the following mean? Rerum sint amet.',	'',	'text',	15,	NULL,	NULL,	NULL,	167,	0,	47,	'easy',	'Aut id quae.',	'2018-11-23 03:43:40',	'2018-11-23 03:43:40'),
(252,	NULL,	'Q:What does the following mean? Qui ad non unde sed.',	'',	'text',	38,	NULL,	NULL,	NULL,	26,	0,	47,	'easy',	'Voluptas sed.',	'2018-11-23 03:43:40',	'2018-11-23 03:43:40'),
(253,	NULL,	'Q:What does the following mean? In quae et ut.',	'',	'text',	24,	NULL,	NULL,	NULL,	245,	0,	47,	'easy',	'Repellendus.',	'2018-11-23 03:43:40',	'2018-11-23 03:43:40'),
(254,	NULL,	'Q:What does the following mean? Repudiandae.',	'',	'text',	28,	NULL,	NULL,	NULL,	17,	0,	48,	'easy',	'Eveniet quis.',	'2018-11-23 03:43:41',	'2018-11-23 03:43:41'),
(255,	NULL,	'Q:What does the following mean? Amet molestiae.',	'',	'text',	37,	NULL,	NULL,	NULL,	288,	0,	48,	'easy',	'Vel ut sit eos.',	'2018-11-23 03:43:41',	'2018-11-23 03:43:41'),
(256,	NULL,	'Q:What does the following mean? Consequatur.',	'',	'text',	18,	NULL,	NULL,	NULL,	252,	0,	48,	'easy',	'Aperiam.',	'2018-11-23 03:43:41',	'2018-11-23 03:43:41'),
(257,	NULL,	'Q:What does the following mean? Quibusdam qui quis.',	'',	'text',	18,	NULL,	NULL,	NULL,	236,	0,	49,	'easy',	'Deleniti quis.',	'2018-11-23 03:43:42',	'2018-11-23 03:43:42'),
(258,	NULL,	'Q:What does the following mean? Architecto.',	'',	'text',	30,	NULL,	NULL,	NULL,	292,	0,	49,	'easy',	'Labore.',	'2018-11-23 03:43:42',	'2018-11-23 03:43:42'),
(259,	NULL,	'Q:What does the following mean? Odio est explicabo.',	'',	'text',	44,	NULL,	NULL,	NULL,	10,	0,	49,	'easy',	'Vero.',	'2018-11-23 03:43:42',	'2018-11-23 03:43:42'),
(260,	NULL,	'Q:What does the following mean? Accusamus unde quia.',	'',	'text',	46,	NULL,	NULL,	NULL,	166,	0,	49,	'easy',	'Eos at et quam.',	'2018-11-23 03:43:42',	'2018-11-23 03:43:42'),
(261,	NULL,	'Q:What does the following mean? Dignissimos non.',	'',	'text',	2,	NULL,	NULL,	NULL,	250,	0,	49,	'easy',	'Veritatis.',	'2018-11-23 03:43:42',	'2018-11-23 03:43:42'),
(262,	NULL,	'Q:What does the following mean? Sit ut autem.',	'',	'text',	25,	NULL,	NULL,	NULL,	275,	0,	49,	'easy',	'Quae dolorum.',	'2018-11-23 03:43:42',	'2018-11-23 03:43:42'),
(263,	NULL,	'Q:What does the following mean? Aut veniam.',	'',	'text',	45,	NULL,	NULL,	NULL,	260,	0,	49,	'easy',	'Fuga.',	'2018-11-23 03:43:42',	'2018-11-23 03:43:42'),
(264,	NULL,	'Q:What does the following mean? At rerum et nemo.',	'',	'text',	31,	NULL,	NULL,	NULL,	125,	0,	49,	'easy',	'Enim dolor.',	'2018-11-23 03:43:42',	'2018-11-23 03:43:42'),
(265,	NULL,	'Q:What does the following mean? Quia et consequatur.',	'',	'text',	40,	NULL,	NULL,	NULL,	97,	0,	49,	'easy',	'Ut enim vel.',	'2018-11-23 03:43:42',	'2018-11-23 03:43:42'),
(266,	NULL,	'Q:What does the following mean? Rem aperiam.',	'',	'text',	19,	NULL,	NULL,	NULL,	59,	0,	50,	'easy',	'Quia rerum.',	'2018-11-23 03:43:44',	'2018-11-23 03:43:44'),
(267,	NULL,	'Q:What does the following mean? Tempora cum et.',	'',	'text',	34,	NULL,	NULL,	NULL,	67,	0,	50,	'easy',	'Molestias.',	'2018-11-23 03:43:44',	'2018-11-23 03:43:44'),
(268,	NULL,	'Q:What does the following mean? Quia odio facere.',	'',	'text',	15,	NULL,	NULL,	NULL,	178,	0,	50,	'easy',	'Mollitia in.',	'2018-11-23 03:43:44',	'2018-11-23 03:43:44'),
(269,	NULL,	'Q:What does the following mean? Vitae enim tenetur.',	'',	'text',	20,	NULL,	NULL,	NULL,	271,	0,	50,	'easy',	'Dolorum dolor.',	'2018-11-23 03:43:44',	'2018-11-23 03:43:44'),
(270,	NULL,	'Q:What does the following mean? Magnam quibusdam.',	'',	'text',	16,	NULL,	NULL,	NULL,	115,	0,	50,	'easy',	'Et ex vel sed.',	'2018-11-23 03:43:44',	'2018-11-23 03:43:44'),
(271,	NULL,	'Q:What does the following mean? Quaerat ex.',	'',	'text',	17,	NULL,	NULL,	NULL,	183,	0,	50,	'easy',	'Sapiente ut.',	'2018-11-23 03:43:44',	'2018-11-23 03:43:44'),
(272,	NULL,	'Q:What does the following mean? Optio qui.',	'',	'text',	25,	NULL,	NULL,	NULL,	152,	0,	50,	'easy',	'Et rerum.',	'2018-11-23 03:43:44',	'2018-11-23 03:43:44'),
(273,	NULL,	'Q:What does the following mean? Voluptates corporis.',	'',	'text',	12,	NULL,	NULL,	NULL,	137,	0,	50,	'easy',	'Doloremque.',	'2018-11-23 03:43:44',	'2018-11-23 03:43:44'),
(274,	NULL,	'Q:What does the following mean? Culpa assumenda sed.',	'',	'text',	28,	NULL,	NULL,	NULL,	161,	0,	50,	'easy',	'Facilis nihil.',	'2018-11-23 03:43:44',	'2018-11-23 03:43:44');

DROP TABLE IF EXISTS `ratings`;
CREATE TABLE `ratings` (
  `id` int(11) NOT NULL AUTO_INCREMENT,
  `rating` int(11) NOT NULL,
  `title` varchar(100) COLLATE utf8mb4_unicode_ci NOT NULL,
  `body` varchar(250) COLLATE utf8mb4_unicode_ci NOT NULL,
  `reviewrateable_id` int(11) NOT NULL,
  `reviewrateable_type` varchar(250) COLLATE utf8mb4_unicode_ci NOT NULL,
  `author_id` int(11) NOT NULL,
  `author_type` varchar(250) COLLATE utf8mb4_unicode_ci NOT NULL,
  `created_at` timestamp NULL DEFAULT NULL,
  `updated_at` timestamp NULL DEFAULT NULL,
  PRIMARY KEY (`id`)
) ENGINE=InnoDB DEFAULT CHARSET=utf8mb4 COLLATE=utf8mb4_unicode_ci;


DROP TABLE IF EXISTS `roles`;
CREATE TABLE `roles` (
  `id` int(11) NOT NULL AUTO_INCREMENT,
  `name` varchar(100) COLLATE utf8mb4_unicode_ci NOT NULL,
  `description` int(11) DEFAULT NULL,
  PRIMARY KEY (`id`)
) ENGINE=InnoDB DEFAULT CHARSET=utf8mb4 COLLATE=utf8mb4_unicode_ci;

INSERT INTO `roles` (`id`, `name`, `description`) VALUES
(1,	'Learner',	1),
(2,	'Teacher',	1),
(3,	'Parent',	1),
(4,	'Admin',	1);

DROP TABLE IF EXISTS `role_user`;
CREATE TABLE `role_user` (
  `id` int(11) NOT NULL AUTO_INCREMENT,
  `role_id` int(11) NOT NULL,
  `user_id` int(11) NOT NULL,
  PRIMARY KEY (`id`)
) ENGINE=InnoDB DEFAULT CHARSET=utf8mb4 COLLATE=utf8mb4_unicode_ci;

INSERT INTO `role_user` (`id`, `role_id`, `user_id`) VALUES
(1,	1,	1),
(2,	2,	2),
(3,	3,	3),
(4,	4,	4),
(5,	3,	5),
(6,	3,	6),
(7,	3,	7),
(8,	3,	8),
(9,	2,	9),
(10,	2,	10),
(11,	2,	11),
(12,	3,	12),
(13,	2,	13),
(14,	1,	14);

DROP TABLE IF EXISTS `schools`;
CREATE TABLE `schools` (
  `id` int(11) NOT NULL AUTO_INCREMENT,
  `school_name` varchar(250) COLLATE utf8mb4_unicode_ci NOT NULL,
  `address` varchar(250) COLLATE utf8mb4_unicode_ci DEFAULT NULL,
  `created_at` timestamp NULL DEFAULT NULL,
  `updated_at` timestamp NULL DEFAULT NULL,
  PRIMARY KEY (`id`)
) ENGINE=InnoDB DEFAULT CHARSET=utf8mb4 COLLATE=utf8mb4_unicode_ci;


DROP TABLE IF EXISTS `skillcategories`;
CREATE TABLE `skillcategories` (
  `id` int(11) NOT NULL AUTO_INCREMENT,
  `skill_category_name` varchar(250) COLLATE utf8mb4_unicode_ci NOT NULL,
  `skill_category_decsription` varchar(500) COLLATE utf8mb4_unicode_ci NOT NULL,
  `version` int(11) NOT NULL,
  `origin_id` int(11) NOT NULL DEFAULT '0',
  `sort_order` int(11) NOT NULL,
  `new_sort_order` int(11) DEFAULT NULL,
  `duration` int(11) NOT NULL DEFAULT '0',
  `approve_status` enum('pending','approved','declined','changed','not changed') COLLATE utf8mb4_unicode_ci NOT NULL DEFAULT 'pending',
  `publish_status` enum('published','unpublished','deleted') COLLATE utf8mb4_unicode_ci NOT NULL DEFAULT 'unpublished',
  `discipline_id` int(11) DEFAULT NULL,
  `createdby` int(11) NOT NULL,
  `updatedby` int(11) NOT NULL,
  `moderatedby` int(11) NOT NULL DEFAULT '0',
  `publishedby` int(11) NOT NULL DEFAULT '0',
  `created_at` timestamp NULL DEFAULT NULL,
  `updated_at` timestamp NULL DEFAULT NULL,
  PRIMARY KEY (`id`),
  KEY `skillcategories_ibfk_1` (`discipline_id`),
  CONSTRAINT `skillcategories_ibfk_1` FOREIGN KEY (`discipline_id`) REFERENCES `disciplines` (`id`) ON DELETE SET NULL
) ENGINE=InnoDB DEFAULT CHARSET=utf8mb4 COLLATE=utf8mb4_unicode_ci;

INSERT INTO `skillcategories` (`id`, `skill_category_name`, `skill_category_decsription`, `version`, `origin_id`, `sort_order`, `new_sort_order`, `duration`, `approve_status`, `publish_status`, `discipline_id`, `createdby`, `updatedby`, `moderatedby`, `publishedby`, `created_at`, `updated_at`) VALUES
(1,	'skillcategoryExplicabo.',	'skillcategorydescriptionNisi asperiores non inventore et id.',	1,	0,	5,	NULL,	0,	'not changed',	'published',	1,	1,	1,	0,	0,	'2018-11-23 03:42:26',	'2018-11-23 03:42:26'),
(2,	'skillcategoryError.',	'skillcategorydescriptionEveniet officia modi dolore.',	1,	0,	8,	NULL,	0,	'not changed',	'published',	1,	1,	1,	0,	0,	'2018-11-23 03:42:26',	'2018-11-23 03:42:26'),
(3,	'skillcategoryQuibusdam.',	'skillcategorydescriptionIncidunt ut at officiis dolores expedita.',	1,	0,	5,	NULL,	0,	'not changed',	'published',	1,	1,	1,	0,	0,	'2018-11-23 03:42:26',	'2018-11-23 03:42:26'),
(4,	'skillcategorySed quo.',	'skillcategorydescriptionOptio impedit qui est dolorem aut.',	1,	0,	4,	NULL,	0,	'not changed',	'published',	1,	1,	1,	0,	0,	'2018-11-23 03:42:26',	'2018-11-23 03:42:26'),
(5,	'skillcategoryFugit non.',	'skillcategorydescriptionEarum et rerum dolorum iste.',	1,	0,	7,	NULL,	0,	'not changed',	'published',	1,	1,	1,	0,	0,	'2018-11-23 03:42:26',	'2018-11-23 03:42:26'),
(6,	'skillcategoryDolorem.',	'skillcategorydescriptionCupiditate eveniet incidunt est aliquid.',	1,	0,	1,	NULL,	0,	'not changed',	'published',	1,	1,	1,	0,	0,	'2018-11-23 03:42:26',	'2018-11-23 03:42:26'),
(7,	'skillcategoryAperiam.',	'skillcategorydescriptionLibero exercitationem et fugiat ipsa et enim.',	1,	0,	8,	NULL,	0,	'not changed',	'published',	1,	1,	1,	0,	0,	'2018-11-23 03:42:26',	'2018-11-23 03:42:26'),
(8,	'skillcategoryMolestiae.',	'skillcategorydescriptionSunt nam incidunt nihil nesciunt ullam aut.',	1,	0,	5,	NULL,	0,	'not changed',	'published',	1,	1,	1,	0,	0,	'2018-11-23 03:42:27',	'2018-11-23 03:42:27'),
(9,	'skillcategoryQui quo.',	'skillcategorydescriptionIpsam voluptas nihil expedita nam.',	1,	0,	8,	NULL,	0,	'not changed',	'published',	1,	1,	1,	0,	0,	'2018-11-23 03:42:27',	'2018-11-23 03:42:27'),
(10,	'skillcategoryExplicabo.',	'skillcategorydescriptionOdit et et voluptas nemo ab et repellendus.',	1,	0,	6,	NULL,	0,	'not changed',	'published',	1,	1,	1,	0,	0,	'2018-11-23 03:42:27',	'2018-11-23 03:42:27'),
(11,	'skillcategoryRerum.',	'skillcategorydescriptionEt modi aut ratione ipsum ipsam rerum.',	1,	0,	7,	NULL,	0,	'not changed',	'published',	1,	1,	1,	0,	0,	'2018-11-23 03:42:27',	'2018-11-23 03:42:27'),
(12,	'skillcategoryOfficia.',	'skillcategorydescriptionPorro enim soluta quasi quod.',	1,	0,	5,	NULL,	0,	'not changed',	'published',	1,	1,	1,	0,	0,	'2018-11-23 03:42:27',	'2018-11-23 03:42:27'),
(13,	'skillcategoryTotam qui.',	'skillcategorydescriptionTempore et saepe molestiae.',	1,	0,	4,	NULL,	0,	'not changed',	'published',	1,	1,	1,	0,	0,	'2018-11-23 03:42:27',	'2018-11-23 03:42:27'),
(14,	'skillcategoryExplicabo.',	'skillcategorydescriptionHic quod enim quasi ipsum necessitatibus.',	1,	0,	9,	NULL,	0,	'not changed',	'published',	1,	1,	1,	0,	0,	'2018-11-23 03:42:27',	'2018-11-23 03:42:27'),
(15,	'skillcategoryEt at.',	'skillcategorydescriptionExcepturi earum similique corporis dolores aut.',	1,	0,	3,	NULL,	0,	'not changed',	'published',	1,	1,	1,	0,	0,	'2018-11-23 03:42:27',	'2018-11-23 03:42:27'),
(16,	'skillcategoryIpsam.',	'skillcategorydescriptionAut voluptatum mollitia alias ducimus qui libero.',	1,	0,	8,	NULL,	0,	'not changed',	'published',	1,	1,	1,	0,	0,	'2018-11-23 03:42:27',	'2018-11-23 03:42:27'),
(17,	'skillcategoryMaiores.',	'skillcategorydescriptionNihil pariatur laborum ab nam esse.',	1,	0,	8,	NULL,	0,	'not changed',	'published',	1,	1,	1,	0,	0,	'2018-11-23 03:42:27',	'2018-11-23 03:42:27'),
(18,	'skillcategoryLibero.',	'skillcategorydescriptionSint velit veniam suscipit.',	1,	0,	2,	NULL,	0,	'not changed',	'published',	1,	1,	1,	0,	0,	'2018-11-23 03:42:27',	'2018-11-23 03:42:27'),
(19,	'skillcategoryQui.',	'skillcategorydescriptionConsectetur vel dolor quidem libero quis.',	1,	0,	4,	NULL,	0,	'not changed',	'published',	1,	1,	1,	0,	0,	'2018-11-23 03:42:27',	'2018-11-23 03:42:27'),
(20,	'skillcategoryEt odit.',	'skillcategorydescriptionEt itaque esse aliquid quibusdam animi.',	1,	0,	2,	NULL,	0,	'not changed',	'published',	1,	1,	1,	0,	0,	'2018-11-23 03:42:27',	'2018-11-23 03:42:27'),
(21,	'skillcategorySit sunt.',	'skillcategorydescriptionRem facere iste laudantium alias quas iure.',	1,	0,	6,	NULL,	0,	'not changed',	'published',	1,	1,	1,	0,	0,	'2018-11-23 03:42:27',	'2018-11-23 03:42:27'),
(22,	'skillcategoryExpedita.',	'skillcategorydescriptionQui sit soluta vel est odit voluptates.',	1,	0,	6,	NULL,	0,	'not changed',	'published',	1,	1,	1,	0,	0,	'2018-11-23 03:42:27',	'2018-11-23 03:42:27'),
(23,	'skillcategoryMollitia.',	'skillcategorydescriptionNobis perspiciatis ut vero quis.',	1,	0,	9,	NULL,	0,	'not changed',	'published',	1,	1,	1,	0,	0,	'2018-11-23 03:42:27',	'2018-11-23 03:42:27'),
(24,	'skillcategoryEnim vel.',	'skillcategorydescriptionMolestias est deserunt quas laborum odio rerum.',	1,	0,	8,	NULL,	0,	'not changed',	'published',	1,	1,	1,	0,	0,	'2018-11-23 03:42:27',	'2018-11-23 03:42:27'),
(25,	'skillcategoryEt.',	'skillcategorydescriptionNeque molestias ipsa quo.',	1,	0,	9,	NULL,	0,	'not changed',	'published',	1,	1,	1,	0,	0,	'2018-11-23 03:42:27',	'2018-11-23 03:42:27'),
(26,	'skillcategoryError.',	'skillcategorydescriptionReiciendis rem rerum placeat aut.',	1,	0,	4,	NULL,	0,	'not changed',	'published',	1,	1,	1,	0,	0,	'2018-11-23 03:42:27',	'2018-11-23 03:42:27'),
(27,	'skillcategoryDolorem.',	'skillcategorydescriptionUt rerum quo a.',	1,	0,	7,	NULL,	0,	'not changed',	'published',	1,	1,	1,	0,	0,	'2018-11-23 03:42:27',	'2018-11-23 03:42:27'),
(28,	'skillcategoryQui quis.',	'skillcategorydescriptionIn rerum odio doloribus a.',	1,	0,	3,	NULL,	0,	'not changed',	'published',	1,	1,	1,	0,	0,	'2018-11-23 03:42:27',	'2018-11-23 03:42:27'),
(29,	'skillcategoryHarum sed.',	'skillcategorydescriptionDolor autem sunt quo fugiat.',	1,	0,	6,	NULL,	0,	'not changed',	'published',	1,	1,	1,	0,	0,	'2018-11-23 03:42:28',	'2018-11-23 03:42:28'),
(30,	'skillcategoryQuis.',	'skillcategorydescriptionVelit a odit quo quis quae adipisci ipsum.',	1,	0,	5,	NULL,	0,	'not changed',	'published',	1,	1,	1,	0,	0,	'2018-11-23 03:42:28',	'2018-11-23 03:42:28'),
(31,	'skillcategoryAut aut.',	'skillcategorydescriptionQuos ut provident atque minima quam vitae.',	1,	0,	5,	NULL,	0,	'not changed',	'published',	1,	1,	1,	0,	0,	'2018-11-23 03:42:28',	'2018-11-23 03:42:28'),
(32,	'skillcategoryQui alias.',	'skillcategorydescriptionDeserunt iusto sed non ipsam.',	1,	0,	1,	NULL,	0,	'not changed',	'published',	1,	1,	1,	0,	0,	'2018-11-23 03:42:28',	'2018-11-23 03:42:28'),
(33,	'skillcategoryVelit.',	'skillcategorydescriptionQuis quis nihil quidem quae.',	1,	0,	1,	NULL,	0,	'not changed',	'published',	1,	1,	1,	0,	0,	'2018-11-23 03:42:28',	'2018-11-23 03:42:28'),
(34,	'skillcategoryEsse.',	'skillcategorydescriptionHarum aperiam aut dolorem et quis eos.',	1,	0,	5,	NULL,	0,	'not changed',	'published',	1,	1,	1,	0,	0,	'2018-11-23 03:42:28',	'2018-11-23 03:42:28'),
(35,	'skillcategoryCommodi.',	'skillcategorydescriptionDolore sequi quidem consequuntur asperiores enim.',	1,	0,	4,	NULL,	0,	'not changed',	'published',	1,	1,	1,	0,	0,	'2018-11-23 03:42:28',	'2018-11-23 03:42:28'),
(36,	'skillcategoryError.',	'skillcategorydescriptionError alias sint voluptatem aperiam laborum.',	1,	0,	3,	NULL,	0,	'not changed',	'published',	1,	1,	1,	0,	0,	'2018-11-23 03:42:28',	'2018-11-23 03:42:28'),
(37,	'skillcategoryEaque aut.',	'skillcategorydescriptionOmnis id molestiae minus blanditiis ex.',	1,	0,	4,	NULL,	0,	'not changed',	'published',	1,	1,	1,	0,	0,	'2018-11-23 03:42:28',	'2018-11-23 03:42:28'),
(38,	'skillcategoryAt sunt.',	'skillcategorydescriptionIpsa consectetur officiis non ut quas hic.',	1,	0,	6,	NULL,	0,	'not changed',	'published',	1,	1,	1,	0,	0,	'2018-11-23 03:42:28',	'2018-11-23 03:42:28'),
(39,	'skillcategoryDeserunt.',	'skillcategorydescriptionSapiente nesciunt hic aliquam repudiandae.',	1,	0,	8,	NULL,	0,	'not changed',	'published',	1,	1,	1,	0,	0,	'2018-11-23 03:42:28',	'2018-11-23 03:42:28'),
(40,	'skillcategoryEnim quis.',	'skillcategorydescriptionAperiam suscipit qui incidunt laudantium.',	1,	0,	2,	NULL,	0,	'not changed',	'published',	1,	1,	1,	0,	0,	'2018-11-23 03:42:28',	'2018-11-23 03:42:28'),
(41,	'skillcategoryEt maxime.',	'skillcategorydescriptionUt et cumque est in ut suscipit.',	1,	0,	1,	NULL,	0,	'not changed',	'published',	1,	1,	1,	0,	0,	'2018-11-23 03:42:28',	'2018-11-23 03:42:28'),
(42,	'skillcategoryFacere.',	'skillcategorydescriptionEt officiis perferendis vitae et sed.',	1,	0,	4,	NULL,	0,	'not changed',	'published',	1,	1,	1,	0,	0,	'2018-11-23 03:42:28',	'2018-11-23 03:42:28'),
(43,	'skillcategoryQui.',	'skillcategorydescriptionVelit laudantium ea nihil enim distinctio.',	1,	0,	7,	NULL,	0,	'not changed',	'published',	1,	1,	1,	0,	0,	'2018-11-23 03:42:28',	'2018-11-23 03:42:28'),
(44,	'skillcategoryDicta.',	'skillcategorydescriptionEt culpa praesentium aut sit pariatur.',	1,	0,	2,	NULL,	0,	'not changed',	'published',	1,	1,	1,	0,	0,	'2018-11-23 03:42:28',	'2018-11-23 03:42:28'),
(45,	'skillcategoryAutem aut.',	'skillcategorydescriptionId corrupti quidem possimus quidem quas.',	1,	0,	5,	NULL,	0,	'not changed',	'published',	1,	1,	1,	0,	0,	'2018-11-23 03:42:28',	'2018-11-23 03:42:28'),
(46,	'skillcategoryQuae quae.',	'skillcategorydescriptionEt libero nisi possimus et praesentium qui.',	1,	0,	4,	NULL,	0,	'not changed',	'published',	1,	1,	1,	0,	0,	'2018-11-23 03:42:28',	'2018-11-23 03:42:28'),
(47,	'skillcategoryQui.',	'skillcategorydescriptionLibero aut ea aut.',	1,	0,	3,	NULL,	0,	'not changed',	'published',	1,	1,	1,	0,	0,	'2018-11-23 03:42:28',	'2018-11-23 03:42:28'),
(48,	'skillcategoryOccaecati.',	'skillcategorydescriptionEx quis dolore officia ex.',	1,	0,	1,	NULL,	0,	'not changed',	'published',	1,	1,	1,	0,	0,	'2018-11-23 03:42:28',	'2018-11-23 03:42:28'),
(49,	'skillcategoryQui eum.',	'skillcategorydescriptionAut sit excepturi illo.',	1,	0,	2,	NULL,	0,	'not changed',	'published',	1,	1,	1,	0,	0,	'2018-11-23 03:42:28',	'2018-11-23 03:42:28'),
(50,	'skillcategoryNihil.',	'skillcategorydescriptionUt nesciunt aut ad asperiores alias iste quia.',	1,	0,	5,	NULL,	0,	'not changed',	'published',	1,	1,	1,	0,	0,	'2018-11-23 03:42:29',	'2018-11-23 03:42:29');

DROP TABLE IF EXISTS `skillmasterylevels`;
CREATE TABLE `skillmasterylevels` (
  `id` int(10) unsigned NOT NULL AUTO_INCREMENT,
  `levelname` varchar(250) COLLATE utf8mb4_unicode_ci DEFAULT NULL,
  `level_massage` varchar(250) COLLATE utf8mb4_unicode_ci DEFAULT NULL,
  `min_score` int(11) NOT NULL DEFAULT '0',
  `max_score` int(11) NOT NULL DEFAULT '0',
  `min_consecutive_value` int(11) NOT NULL DEFAULT '0',
  `max_consecutive_value` int(11) NOT NULL DEFAULT '0',
  `created_at` timestamp NULL DEFAULT NULL,
  `updated_at` timestamp NULL DEFAULT NULL,
  PRIMARY KEY (`id`)
) ENGINE=InnoDB DEFAULT CHARSET=utf8mb4 COLLATE=utf8mb4_unicode_ci;

INSERT INTO `skillmasterylevels` (`id`, `levelname`, `level_massage`, `min_score`, `max_score`, `min_consecutive_value`, `max_consecutive_value`, `created_at`, `updated_at`) VALUES
(1,	'Not started',	'You didnt start practicing this skill',	0,	0,	0,	0,	NULL,	NULL),
(2,	'Needs More Practice',	'You started practicing but you are struggling',	0,	50,	0,	2,	NULL,	NULL),
(3,	'Under Acquisition',	'You are able to answer questions that depend on this skill',	50,	80,	3,	4,	NULL,	NULL),
(4,	'Acquired',	'You are answering correctly majority of questions but not with the required time',	80,	90,	5,	100,	NULL,	NULL),
(5,	'Mastered',	'You are answering majority questions correctly and within the required time in a consistent manner',	95,	100,	5,	100,	NULL,	NULL);

DROP TABLE IF EXISTS `skills`;
CREATE TABLE `skills` (
  `id` int(11) NOT NULL AUTO_INCREMENT,
  `skill_name` varchar(250) COLLATE utf8mb4_unicode_ci NOT NULL,
  `skill_description` varchar(500) COLLATE utf8mb4_unicode_ci NOT NULL,
  `skill_category_id` int(11) NOT NULL,
  `grade_id` int(11) DEFAULT NULL,
  `version` int(11) NOT NULL,
  `origin_id` int(11) NOT NULL DEFAULT '0',
  `sort_order` int(11) DEFAULT NULL,
  `new_sort_order` int(11) DEFAULT NULL,
  `publish_status` enum('published','unpublished','deleted') COLLATE utf8mb4_unicode_ci NOT NULL DEFAULT 'unpublished',
  `approve_status` enum('pending','approved','declined','changed','not changed') COLLATE utf8mb4_unicode_ci NOT NULL DEFAULT 'pending',
  `createdby` int(11) NOT NULL,
  `updatedby` int(11) NOT NULL,
  `moderatedby` int(11) NOT NULL DEFAULT '0',
  `publishedby` int(11) NOT NULL DEFAULT '0',
  `created_at` timestamp NULL DEFAULT NULL,
  `updated_at` timestamp NULL DEFAULT NULL,
  PRIMARY KEY (`id`),
  KEY `skill_category_id` (`skill_category_id`,`grade_id`),
  CONSTRAINT `skills_ibfk_1` FOREIGN KEY (`skill_category_id`) REFERENCES `skillcategories` (`id`) ON DELETE CASCADE
) ENGINE=InnoDB DEFAULT CHARSET=utf8mb4 COLLATE=utf8mb4_unicode_ci;

INSERT INTO `skills` (`id`, `skill_name`, `skill_description`, `skill_category_id`, `grade_id`, `version`, `origin_id`, `sort_order`, `new_sort_order`, `publish_status`, `approve_status`, `createdby`, `updatedby`, `moderatedby`, `publishedby`, `created_at`, `updated_at`) VALUES
(1,	'skillVoluptas.',	'skilldescriptionOdio labore porro possimus ut natus.',	1,	5,	1,	0,	2,	NULL,	'published',	'not changed',	1,	1,	0,	0,	'2018-11-23 03:42:29',	'2018-11-23 03:42:29'),
(2,	'skillEt ullam.',	'skilldescriptionItaque provident et ut quo.',	1,	9,	1,	0,	7,	NULL,	'published',	'not changed',	1,	1,	0,	0,	'2018-11-23 03:42:29',	'2018-11-23 03:42:29'),
(3,	'skillSimilique.',	'skilldescriptionAut distinctio praesentium hic omnis.',	1,	4,	1,	0,	5,	NULL,	'published',	'not changed',	1,	1,	0,	0,	'2018-11-23 03:42:29',	'2018-11-23 03:42:29'),
(4,	'skillMagni sit.',	'skilldescriptionSit hic sint iure excepturi perspiciatis ut.',	2,	11,	1,	0,	1,	NULL,	'published',	'not changed',	1,	1,	0,	0,	'2018-11-23 03:42:29',	'2018-11-23 03:42:29'),
(5,	'skillEt aut.',	'skilldescriptionDicta dignissimos repellat tenetur.',	2,	6,	1,	0,	8,	NULL,	'published',	'not changed',	1,	1,	0,	0,	'2018-11-23 03:42:29',	'2018-11-23 03:42:29'),
(6,	'skillMinus.',	'skilldescriptionCulpa quasi molestiae aut ea.',	2,	6,	1,	0,	3,	NULL,	'published',	'not changed',	1,	1,	0,	0,	'2018-11-23 03:42:29',	'2018-11-23 03:42:29'),
(7,	'skillProvident.',	'skilldescriptionNulla tempora nam eos dignissimos.',	3,	3,	1,	0,	6,	NULL,	'published',	'not changed',	1,	1,	0,	0,	'2018-11-23 03:42:29',	'2018-11-23 03:42:29'),
(8,	'skillExcepturi.',	'skilldescriptionEa est culpa quia quos excepturi ea.',	3,	2,	1,	0,	4,	NULL,	'published',	'not changed',	1,	1,	0,	0,	'2018-11-23 03:42:29',	'2018-11-23 03:42:29'),
(9,	'skillOdio.',	'skilldescriptionDucimus ullam possimus eius rerum est.',	3,	5,	1,	0,	6,	NULL,	'published',	'not changed',	1,	1,	0,	0,	'2018-11-23 03:42:29',	'2018-11-23 03:42:29'),
(10,	'skillError.',	'skilldescriptionEos qui voluptas ut eum fugit.',	4,	11,	1,	0,	8,	NULL,	'published',	'not changed',	1,	1,	0,	0,	'2018-11-23 03:42:29',	'2018-11-23 03:42:29'),
(11,	'skillSit.',	'skilldescriptionRem occaecati magnam ut in.',	4,	3,	1,	0,	7,	NULL,	'published',	'not changed',	1,	1,	0,	0,	'2018-11-23 03:42:29',	'2018-11-23 03:42:29'),
(12,	'skillCommodi.',	'skilldescriptionA quaerat officia sit.',	4,	5,	1,	0,	8,	NULL,	'published',	'not changed',	1,	1,	0,	0,	'2018-11-23 03:42:29',	'2018-11-23 03:42:29'),
(13,	'skillUt amet.',	'skilldescriptionDolores itaque nemo iste. Ipsa iste dolorem et.',	5,	2,	1,	0,	4,	NULL,	'published',	'not changed',	1,	1,	0,	0,	'2018-11-23 03:42:29',	'2018-11-23 03:42:29'),
(14,	'skillLabore.',	'skilldescriptionDolore enim ut illum.',	5,	4,	1,	0,	4,	NULL,	'published',	'not changed',	1,	1,	0,	0,	'2018-11-23 03:42:29',	'2018-11-23 03:42:29'),
(15,	'skillAtque ut.',	'skilldescriptionImpedit et illo ut esse non id ipsam maiores.',	5,	7,	1,	0,	9,	NULL,	'published',	'not changed',	1,	1,	0,	0,	'2018-11-23 03:42:29',	'2018-11-23 03:42:29'),
(16,	'skillEa fugiat.',	'skilldescriptionPraesentium ipsum eum ea ad itaque.',	6,	5,	1,	0,	1,	NULL,	'published',	'not changed',	1,	1,	0,	0,	'2018-11-23 03:42:29',	'2018-11-23 03:42:29'),
(17,	'skillId iusto.',	'skilldescriptionId quia quia voluptatem magnam.',	6,	1,	1,	0,	4,	NULL,	'published',	'not changed',	1,	1,	0,	0,	'2018-11-23 03:42:29',	'2018-11-23 03:42:29'),
(18,	'skillAut fuga.',	'skilldescriptionEligendi at quo voluptatem ducimus.',	6,	7,	1,	0,	9,	NULL,	'published',	'not changed',	1,	1,	0,	0,	'2018-11-23 03:42:29',	'2018-11-23 03:42:29'),
(19,	'skillDoloribus.',	'skilldescriptionNumquam velit ipsum autem similique quo et.',	7,	5,	1,	0,	5,	NULL,	'published',	'not changed',	1,	1,	0,	0,	'2018-11-23 03:42:30',	'2018-11-23 03:42:30'),
(20,	'skillQuod est.',	'skilldescriptionMolestiae voluptatem quis qui sed at.',	7,	10,	1,	0,	9,	NULL,	'published',	'not changed',	1,	1,	0,	0,	'2018-11-23 03:42:30',	'2018-11-23 03:42:30'),
(21,	'skillVeniam.',	'skilldescriptionCupiditate illum eum sed laboriosam laborum ab.',	7,	11,	1,	0,	6,	NULL,	'published',	'not changed',	1,	1,	0,	0,	'2018-11-23 03:42:30',	'2018-11-23 03:42:30'),
(22,	'skillMagnam a.',	'skilldescriptionEsse iure aut omnis non qui dicta ut enim.',	8,	2,	1,	0,	7,	NULL,	'published',	'not changed',	1,	1,	0,	0,	'2018-11-23 03:42:30',	'2018-11-23 03:42:30'),
(23,	'skillEst ea.',	'skilldescriptionAut distinctio nihil est id facere aut.',	8,	10,	1,	0,	8,	NULL,	'published',	'not changed',	1,	1,	0,	0,	'2018-11-23 03:42:30',	'2018-11-23 03:42:30'),
(24,	'skillOmnis.',	'skilldescriptionQui non tenetur eaque illo a eum quasi.',	8,	8,	1,	0,	5,	NULL,	'published',	'not changed',	1,	1,	0,	0,	'2018-11-23 03:42:30',	'2018-11-23 03:42:30'),
(25,	'skillCommodi.',	'skilldescriptionNeque qui corporis aspernatur quasi qui.',	9,	12,	1,	0,	5,	NULL,	'published',	'not changed',	1,	1,	0,	0,	'2018-11-23 03:42:30',	'2018-11-23 03:42:30'),
(26,	'skillSit magni.',	'skilldescriptionUnde reprehenderit nesciunt autem.',	9,	5,	1,	0,	2,	NULL,	'published',	'not changed',	1,	1,	0,	0,	'2018-11-23 03:42:30',	'2018-11-23 03:42:30'),
(27,	'skillVitae.',	'skilldescriptionQui provident adipisci consequatur quod.',	9,	2,	1,	0,	9,	NULL,	'published',	'not changed',	1,	1,	0,	0,	'2018-11-23 03:42:30',	'2018-11-23 03:42:30'),
(28,	'skillFugiat.',	'skilldescriptionMinima est facilis occaecati temporibus.',	10,	4,	1,	0,	9,	NULL,	'published',	'not changed',	1,	1,	0,	0,	'2018-11-23 03:42:30',	'2018-11-23 03:42:30'),
(29,	'skillSequi.',	'skilldescriptionError iusto incidunt tempore qui aut in.',	10,	12,	1,	0,	3,	NULL,	'published',	'not changed',	1,	1,	0,	0,	'2018-11-23 03:42:30',	'2018-11-23 03:42:30'),
(30,	'skillSoluta.',	'skilldescriptionVelit dolorem aut est repudiandae.',	10,	6,	1,	0,	3,	NULL,	'published',	'not changed',	1,	1,	0,	0,	'2018-11-23 03:42:30',	'2018-11-23 03:42:30'),
(31,	'skillTempore.',	'skilldescriptionIpsa distinctio quisquam ut.',	11,	1,	1,	0,	4,	NULL,	'published',	'not changed',	1,	1,	0,	0,	'2018-11-23 03:42:30',	'2018-11-23 03:42:30'),
(32,	'skillMaiores.',	'skilldescriptionTempora qui ut consectetur neque.',	11,	3,	1,	0,	6,	NULL,	'published',	'not changed',	1,	1,	0,	0,	'2018-11-23 03:42:30',	'2018-11-23 03:42:30'),
(33,	'skillSimilique.',	'skilldescriptionVel commodi sed itaque porro illum occaecati.',	11,	2,	1,	0,	2,	NULL,	'published',	'not changed',	1,	1,	0,	0,	'2018-11-23 03:42:30',	'2018-11-23 03:42:30'),
(34,	'skillOccaecati.',	'skilldescriptionQuidem quibusdam expedita reiciendis voluptas.',	12,	5,	1,	0,	3,	NULL,	'published',	'not changed',	1,	1,	0,	0,	'2018-11-23 03:42:30',	'2018-11-23 03:42:30'),
(35,	'skillQui id.',	'skilldescriptionQuo quidem cupiditate et quos.',	12,	12,	1,	0,	8,	NULL,	'published',	'not changed',	1,	1,	0,	0,	'2018-11-23 03:42:30',	'2018-11-23 03:42:30'),
(36,	'skillPlaceat.',	'skilldescriptionFugiat minus sapiente reprehenderit dolores.',	12,	10,	1,	0,	1,	NULL,	'published',	'not changed',	1,	1,	0,	0,	'2018-11-23 03:42:30',	'2018-11-23 03:42:30'),
(37,	'skillQui vitae.',	'skilldescriptionSed dolorem illum officia.',	13,	6,	1,	0,	2,	NULL,	'published',	'not changed',	1,	1,	0,	0,	'2018-11-23 03:42:30',	'2018-11-23 03:42:30'),
(38,	'skillQuo in.',	'skilldescriptionUt corrupti et et quam.',	13,	4,	1,	0,	2,	NULL,	'published',	'not changed',	1,	1,	0,	0,	'2018-11-23 03:42:30',	'2018-11-23 03:42:30'),
(39,	'skillAnimi.',	'skilldescriptionEum ut minima ipsum facere ab.',	13,	4,	1,	0,	7,	NULL,	'published',	'not changed',	1,	1,	0,	0,	'2018-11-23 03:42:30',	'2018-11-23 03:42:30'),
(40,	'skillIpsum id.',	'skilldescriptionAd nobis iusto modi perspiciatis ipsam rem.',	14,	4,	1,	0,	7,	NULL,	'published',	'not changed',	1,	1,	0,	0,	'2018-11-23 03:42:31',	'2018-11-23 03:42:31'),
(41,	'skillQuam.',	'skilldescriptionNon facilis laborum aut aliquid molestiae aut.',	14,	3,	1,	0,	5,	NULL,	'published',	'not changed',	1,	1,	0,	0,	'2018-11-23 03:42:31',	'2018-11-23 03:42:31'),
(42,	'skillQuia.',	'skilldescriptionUt non alias odit tenetur.',	14,	2,	1,	0,	3,	NULL,	'published',	'not changed',	1,	1,	0,	0,	'2018-11-23 03:42:31',	'2018-11-23 03:42:31'),
(43,	'skillIllo quia.',	'skilldescriptionVeniam amet quia consequuntur consectetur.',	15,	6,	1,	0,	7,	NULL,	'published',	'not changed',	1,	1,	0,	0,	'2018-11-23 03:42:31',	'2018-11-23 03:42:31'),
(44,	'skillSit.',	'skilldescriptionConsequatur sunt blanditiis dignissimos.',	15,	10,	1,	0,	5,	NULL,	'published',	'not changed',	1,	1,	0,	0,	'2018-11-23 03:42:31',	'2018-11-23 03:42:31'),
(45,	'skillA atque.',	'skilldescriptionSunt sed dolores qui.',	15,	4,	1,	0,	3,	NULL,	'published',	'not changed',	1,	1,	0,	0,	'2018-11-23 03:42:31',	'2018-11-23 03:42:31'),
(46,	'skillQuo est.',	'skilldescriptionSed id architecto aut nemo.',	16,	5,	1,	0,	7,	NULL,	'published',	'not changed',	1,	1,	0,	0,	'2018-11-23 03:42:31',	'2018-11-23 03:42:31'),
(47,	'skillExplicabo.',	'skilldescriptionEst voluptatem omnis rerum.',	16,	5,	1,	0,	5,	NULL,	'published',	'not changed',	1,	1,	0,	0,	'2018-11-23 03:42:31',	'2018-11-23 03:42:31'),
(48,	'skillRerum in.',	'skilldescriptionAsperiores enim sit voluptatem ducimus ut ut.',	16,	11,	1,	0,	9,	NULL,	'published',	'not changed',	1,	1,	0,	0,	'2018-11-23 03:42:31',	'2018-11-23 03:42:31'),
(49,	'skillAlias.',	'skilldescriptionVelit doloribus dignissimos autem ad libero ad.',	17,	4,	1,	0,	7,	NULL,	'published',	'not changed',	1,	1,	0,	0,	'2018-11-23 03:42:31',	'2018-11-23 03:42:31'),
(50,	'skillMinus.',	'skilldescriptionQui iste odio deserunt sit.',	17,	10,	1,	0,	7,	NULL,	'published',	'not changed',	1,	1,	0,	0,	'2018-11-23 03:42:31',	'2018-11-23 03:42:31'),
(51,	'skillSed.',	'skilldescriptionDoloribus facilis eos quo. Sunt hic at rerum quo.',	17,	3,	1,	0,	1,	NULL,	'published',	'not changed',	1,	1,	0,	0,	'2018-11-23 03:42:31',	'2018-11-23 03:42:31'),
(52,	'skillCorrupti.',	'skilldescriptionAlias eum voluptate qui.',	18,	2,	1,	0,	9,	NULL,	'published',	'not changed',	1,	1,	0,	0,	'2018-11-23 03:42:31',	'2018-11-23 03:42:31'),
(53,	'skillCorrupti.',	'skilldescriptionCorporis aut laudantium neque quod autem.',	18,	8,	1,	0,	9,	NULL,	'published',	'not changed',	1,	1,	0,	0,	'2018-11-23 03:42:31',	'2018-11-23 03:42:31'),
(54,	'skillAdipisci.',	'skilldescriptionEarum at dolorem architecto reiciendis dolorem.',	18,	11,	1,	0,	8,	NULL,	'published',	'not changed',	1,	1,	0,	0,	'2018-11-23 03:42:31',	'2018-11-23 03:42:31'),
(55,	'skillQuam qui.',	'skilldescriptionFugit vel ipsam vel sit dolor.',	19,	6,	1,	0,	3,	NULL,	'published',	'not changed',	1,	1,	0,	0,	'2018-11-23 03:42:31',	'2018-11-23 03:42:31'),
(56,	'skillMolestiae.',	'skilldescriptionImpedit nihil et omnis assumenda doloribus.',	19,	6,	1,	0,	6,	NULL,	'published',	'not changed',	1,	1,	0,	0,	'2018-11-23 03:42:31',	'2018-11-23 03:42:31'),
(57,	'skillQuam.',	'skilldescriptionEst delectus exercitationem delectus praesentium.',	19,	12,	1,	0,	9,	NULL,	'published',	'not changed',	1,	1,	0,	0,	'2018-11-23 03:42:31',	'2018-11-23 03:42:31'),
(58,	'skillIn optio.',	'skilldescriptionOmnis eum vel ea.',	20,	6,	1,	0,	7,	NULL,	'published',	'not changed',	1,	1,	0,	0,	'2018-11-23 03:42:31',	'2018-11-23 03:42:31'),
(59,	'skillDolor.',	'skilldescriptionNostrum omnis voluptas aut ut quam.',	20,	10,	1,	0,	7,	NULL,	'published',	'not changed',	1,	1,	0,	0,	'2018-11-23 03:42:31',	'2018-11-23 03:42:31'),
(60,	'skillQuod.',	'skilldescriptionEos maxime dignissimos qui cumque.',	20,	4,	1,	0,	3,	NULL,	'published',	'not changed',	1,	1,	0,	0,	'2018-11-23 03:42:31',	'2018-11-23 03:42:31'),
(61,	'skillEnim eos.',	'skilldescriptionQui molestias ut eaque necessitatibus.',	21,	12,	1,	0,	5,	NULL,	'published',	'not changed',	1,	1,	0,	0,	'2018-11-23 03:42:31',	'2018-11-23 03:42:31'),
(62,	'skillOptio.',	'skilldescriptionNatus delectus ullam quod autem dolor.',	21,	7,	1,	0,	3,	NULL,	'published',	'not changed',	1,	1,	0,	0,	'2018-11-23 03:42:32',	'2018-11-23 03:42:32'),
(63,	'skillEt.',	'skilldescriptionRem quod ducimus pariatur quis.',	21,	6,	1,	0,	5,	NULL,	'published',	'not changed',	1,	1,	0,	0,	'2018-11-23 03:42:32',	'2018-11-23 03:42:32'),
(64,	'skillCommodi.',	'skilldescriptionUt similique dolor dolor.',	22,	1,	1,	0,	8,	NULL,	'published',	'not changed',	1,	1,	0,	0,	'2018-11-23 03:42:32',	'2018-11-23 03:42:32'),
(65,	'skillDebitis.',	'skilldescriptionFugiat quaerat adipisci aliquam.',	22,	5,	1,	0,	6,	NULL,	'published',	'not changed',	1,	1,	0,	0,	'2018-11-23 03:42:32',	'2018-11-23 03:42:32'),
(66,	'skillEa quas.',	'skilldescriptionSequi quia in in.',	22,	11,	1,	0,	5,	NULL,	'published',	'not changed',	1,	1,	0,	0,	'2018-11-23 03:42:32',	'2018-11-23 03:42:32'),
(67,	'skillEt veniam.',	'skilldescriptionEarum delectus est at quos.',	23,	10,	1,	0,	4,	NULL,	'published',	'not changed',	1,	1,	0,	0,	'2018-11-23 03:42:32',	'2018-11-23 03:42:32'),
(68,	'skillSoluta ut.',	'skilldescriptionSed expedita dolorum porro laboriosam.',	23,	3,	1,	0,	5,	NULL,	'published',	'not changed',	1,	1,	0,	0,	'2018-11-23 03:42:32',	'2018-11-23 03:42:32'),
(69,	'skillOdit est.',	'skilldescriptionEt et ipsa tempora dolor.',	23,	4,	1,	0,	4,	NULL,	'published',	'not changed',	1,	1,	0,	0,	'2018-11-23 03:42:32',	'2018-11-23 03:42:32'),
(70,	'skillCulpa.',	'skilldescriptionMinima aliquam odio dolorem eum.',	24,	1,	1,	0,	1,	NULL,	'published',	'not changed',	1,	1,	0,	0,	'2018-11-23 03:42:32',	'2018-11-23 03:42:32'),
(71,	'skillEt a.',	'skilldescriptionBeatae est ut nostrum vero.',	24,	7,	1,	0,	9,	NULL,	'published',	'not changed',	1,	1,	0,	0,	'2018-11-23 03:42:32',	'2018-11-23 03:42:32'),
(72,	'skillSimilique.',	'skilldescriptionCulpa et nihil ex et. Cum esse est autem ut.',	24,	10,	1,	0,	4,	NULL,	'published',	'not changed',	1,	1,	0,	0,	'2018-11-23 03:42:32',	'2018-11-23 03:42:32'),
(73,	'skillAliquid.',	'skilldescriptionEligendi non nihil et deserunt.',	25,	12,	1,	0,	9,	NULL,	'published',	'not changed',	1,	1,	0,	0,	'2018-11-23 03:42:32',	'2018-11-23 03:42:32'),
(74,	'skillEarum.',	'skilldescriptionEum excepturi et labore est.',	25,	7,	1,	0,	3,	NULL,	'published',	'not changed',	1,	1,	0,	0,	'2018-11-23 03:42:32',	'2018-11-23 03:42:32'),
(75,	'skillEnim esse.',	'skilldescriptionPraesentium nesciunt labore numquam placeat.',	25,	7,	1,	0,	9,	NULL,	'published',	'not changed',	1,	1,	0,	0,	'2018-11-23 03:42:32',	'2018-11-23 03:42:32'),
(76,	'skillQui.',	'skilldescriptionVoluptatem sint unde aut repudiandae qui.',	26,	5,	1,	0,	5,	NULL,	'published',	'not changed',	1,	1,	0,	0,	'2018-11-23 03:42:32',	'2018-11-23 03:42:32'),
(77,	'skillQuaerat.',	'skilldescriptionNatus fugit non rerum dolores id possimus.',	26,	12,	1,	0,	5,	NULL,	'published',	'not changed',	1,	1,	0,	0,	'2018-11-23 03:42:32',	'2018-11-23 03:42:32'),
(78,	'skillQui vel.',	'skilldescriptionUnde optio est odio.',	26,	5,	1,	0,	3,	NULL,	'published',	'not changed',	1,	1,	0,	0,	'2018-11-23 03:42:32',	'2018-11-23 03:42:32'),
(79,	'skillNostrum.',	'skilldescriptionPariatur aspernatur veniam ut nulla optio id.',	27,	12,	1,	0,	9,	NULL,	'published',	'not changed',	1,	1,	0,	0,	'2018-11-23 03:42:32',	'2018-11-23 03:42:32'),
(80,	'skillNam.',	'skilldescriptionDignissimos veniam omnis tempore similique id.',	27,	1,	1,	0,	5,	NULL,	'published',	'not changed',	1,	1,	0,	0,	'2018-11-23 03:42:32',	'2018-11-23 03:42:32'),
(81,	'skillMinus.',	'skilldescriptionAt sed hic minus harum eum.',	27,	12,	1,	0,	9,	NULL,	'published',	'not changed',	1,	1,	0,	0,	'2018-11-23 03:42:33',	'2018-11-23 03:42:33'),
(82,	'skillQuaerat.',	'skilldescriptionAdipisci repellendus corporis esse quasi.',	28,	10,	1,	0,	1,	NULL,	'published',	'not changed',	1,	1,	0,	0,	'2018-11-23 03:42:33',	'2018-11-23 03:42:33'),
(83,	'skillAutem sit.',	'skilldescriptionSint magni omnis eos adipisci aspernatur sunt.',	28,	5,	1,	0,	6,	NULL,	'published',	'not changed',	1,	1,	0,	0,	'2018-11-23 03:42:33',	'2018-11-23 03:42:33'),
(84,	'skillMagni.',	'skilldescriptionVel dolorem temporibus sunt libero ut.',	28,	4,	1,	0,	1,	NULL,	'published',	'not changed',	1,	1,	0,	0,	'2018-11-23 03:42:33',	'2018-11-23 03:42:33'),
(85,	'skillAut.',	'skilldescriptionDelectus esse eaque esse quia quasi.',	29,	4,	1,	0,	6,	NULL,	'published',	'not changed',	1,	1,	0,	0,	'2018-11-23 03:42:33',	'2018-11-23 03:42:33'),
(86,	'skillEst rerum.',	'skilldescriptionEst autem unde amet asperiores occaecati.',	29,	12,	1,	0,	7,	NULL,	'published',	'not changed',	1,	1,	0,	0,	'2018-11-23 03:42:33',	'2018-11-23 03:42:33'),
(87,	'skillDeleniti.',	'skilldescriptionQuo occaecati est officiis eos.',	29,	5,	1,	0,	1,	NULL,	'published',	'not changed',	1,	1,	0,	0,	'2018-11-23 03:42:33',	'2018-11-23 03:42:33'),
(88,	'skillPorro ad.',	'skilldescriptionOccaecati sed in blanditiis libero.',	30,	6,	1,	0,	1,	NULL,	'published',	'not changed',	1,	1,	0,	0,	'2018-11-23 03:42:33',	'2018-11-23 03:42:33'),
(89,	'skillFugit.',	'skilldescriptionIusto quas expedita velit voluptatibus veniam.',	30,	4,	1,	0,	2,	NULL,	'published',	'not changed',	1,	1,	0,	0,	'2018-11-23 03:42:33',	'2018-11-23 03:42:33'),
(90,	'skillAutem.',	'skilldescriptionSed necessitatibus deserunt voluptates culpa.',	30,	2,	1,	0,	6,	NULL,	'published',	'not changed',	1,	1,	0,	0,	'2018-11-23 03:42:33',	'2018-11-23 03:42:33'),
(91,	'skillPlaceat.',	'skilldescriptionSuscipit sed sunt ea quo in ab.',	31,	10,	1,	0,	9,	NULL,	'published',	'not changed',	1,	1,	0,	0,	'2018-11-23 03:42:33',	'2018-11-23 03:42:33'),
(92,	'skillAut.',	'skilldescriptionQuos molestiae voluptates hic corporis.',	31,	11,	1,	0,	9,	NULL,	'published',	'not changed',	1,	1,	0,	0,	'2018-11-23 03:42:33',	'2018-11-23 03:42:33'),
(93,	'skillEnim.',	'skilldescriptionSunt ea est consectetur sunt mollitia odit est.',	31,	3,	1,	0,	4,	NULL,	'published',	'not changed',	1,	1,	0,	0,	'2018-11-23 03:42:33',	'2018-11-23 03:42:33'),
(94,	'skillDeserunt.',	'skilldescriptionAt voluptatem eius accusantium laborum aut.',	32,	1,	1,	0,	5,	NULL,	'published',	'not changed',	1,	1,	0,	0,	'2018-11-23 03:42:33',	'2018-11-23 03:42:33'),
(95,	'skillIn enim.',	'skilldescriptionModi eligendi fugiat esse ut temporibus mollitia.',	32,	1,	1,	0,	4,	NULL,	'published',	'not changed',	1,	1,	0,	0,	'2018-11-23 03:42:33',	'2018-11-23 03:42:33'),
(96,	'skillHic.',	'skilldescriptionBlanditiis molestiae nobis natus eum sed non.',	32,	7,	1,	0,	4,	NULL,	'published',	'not changed',	1,	1,	0,	0,	'2018-11-23 03:42:33',	'2018-11-23 03:42:33'),
(97,	'skillEos.',	'skilldescriptionOmnis unde suscipit est sequi a.',	33,	2,	1,	0,	7,	NULL,	'published',	'not changed',	1,	1,	0,	0,	'2018-11-23 03:42:33',	'2018-11-23 03:42:33'),
(98,	'skillIn.',	'skilldescriptionDelectus nam ut voluptas eum dolorem.',	33,	11,	1,	0,	5,	NULL,	'published',	'not changed',	1,	1,	0,	0,	'2018-11-23 03:42:33',	'2018-11-23 03:42:33'),
(99,	'skillVel quas.',	'skilldescriptionQuo commodi qui exercitationem qui eius.',	33,	11,	1,	0,	8,	NULL,	'published',	'not changed',	1,	1,	0,	0,	'2018-11-23 03:42:33',	'2018-11-23 03:42:33'),
(100,	'skillDolorem.',	'skilldescriptionAutem ipsum nulla rerum temporibus quia.',	34,	5,	1,	0,	4,	NULL,	'published',	'not changed',	1,	1,	0,	0,	'2018-11-23 03:42:33',	'2018-11-23 03:42:33'),
(101,	'skillRerum.',	'skilldescriptionIncidunt beatae ut error.',	34,	11,	1,	0,	3,	NULL,	'published',	'not changed',	1,	1,	0,	0,	'2018-11-23 03:42:34',	'2018-11-23 03:42:34'),
(102,	'skillTempora.',	'skilldescriptionEveniet dolores veniam impedit blanditiis.',	34,	3,	1,	0,	2,	NULL,	'published',	'not changed',	1,	1,	0,	0,	'2018-11-23 03:42:34',	'2018-11-23 03:42:34'),
(103,	'skillUt harum.',	'skilldescriptionAnimi pariatur ut illo neque officiis.',	35,	6,	1,	0,	9,	NULL,	'published',	'not changed',	1,	1,	0,	0,	'2018-11-23 03:42:34',	'2018-11-23 03:42:34'),
(104,	'skillLaborum.',	'skilldescriptionNesciunt est magni non placeat eum consequatur.',	35,	9,	1,	0,	8,	NULL,	'published',	'not changed',	1,	1,	0,	0,	'2018-11-23 03:42:34',	'2018-11-23 03:42:34'),
(105,	'skillIpsam et.',	'skilldescriptionSuscipit expedita rem animi nam ea est.',	35,	8,	1,	0,	5,	NULL,	'published',	'not changed',	1,	1,	0,	0,	'2018-11-23 03:42:34',	'2018-11-23 03:42:34'),
(106,	'skillQui quia.',	'skilldescriptionEos quos non maiores voluptatem.',	36,	5,	1,	0,	6,	NULL,	'published',	'not changed',	1,	1,	0,	0,	'2018-11-23 03:42:34',	'2018-11-23 03:42:34'),
(107,	'skillSaepe.',	'skilldescriptionPossimus quo ducimus amet esse.',	36,	9,	1,	0,	9,	NULL,	'published',	'not changed',	1,	1,	0,	0,	'2018-11-23 03:42:34',	'2018-11-23 03:42:34'),
(108,	'skillFuga.',	'skilldescriptionQuo est modi aliquid aliquid.',	36,	11,	1,	0,	7,	NULL,	'published',	'not changed',	1,	1,	0,	0,	'2018-11-23 03:42:34',	'2018-11-23 03:42:34'),
(109,	'skillDolore et.',	'skilldescriptionMolestiae officiis eveniet nemo optio voluptatum.',	37,	1,	1,	0,	2,	NULL,	'published',	'not changed',	1,	1,	0,	0,	'2018-11-23 03:42:34',	'2018-11-23 03:42:34'),
(110,	'skillDebitis.',	'skilldescriptionMaxime voluptatem consequatur natus.',	37,	6,	1,	0,	5,	NULL,	'published',	'not changed',	1,	1,	0,	0,	'2018-11-23 03:42:34',	'2018-11-23 03:42:34'),
(111,	'skillEst non.',	'skilldescriptionSuscipit ut voluptatem molestiae non.',	37,	4,	1,	0,	2,	NULL,	'published',	'not changed',	1,	1,	0,	0,	'2018-11-23 03:42:34',	'2018-11-23 03:42:34'),
(112,	'skillMinus quo.',	'skilldescriptionQui culpa possimus ab commodi repellat non.',	38,	2,	1,	0,	9,	NULL,	'published',	'not changed',	1,	1,	0,	0,	'2018-11-23 03:42:34',	'2018-11-23 03:42:34'),
(113,	'skillNihil.',	'skilldescriptionUnde enim dolore nobis quia.',	38,	11,	1,	0,	4,	NULL,	'published',	'not changed',	1,	1,	0,	0,	'2018-11-23 03:42:34',	'2018-11-23 03:42:34'),
(114,	'skillVel.',	'skilldescriptionQui maiores magni natus facere.',	38,	3,	1,	0,	1,	NULL,	'published',	'not changed',	1,	1,	0,	0,	'2018-11-23 03:42:34',	'2018-11-23 03:42:34'),
(115,	'skillDebitis.',	'skilldescriptionAperiam quos velit soluta temporibus quis.',	39,	1,	1,	0,	9,	NULL,	'published',	'not changed',	1,	1,	0,	0,	'2018-11-23 03:42:34',	'2018-11-23 03:42:34'),
(116,	'skillQuia.',	'skilldescriptionQuis enim eum magnam veritatis amet deleniti.',	39,	6,	1,	0,	1,	NULL,	'published',	'not changed',	1,	1,	0,	0,	'2018-11-23 03:42:34',	'2018-11-23 03:42:34'),
(117,	'skillMagni.',	'skilldescriptionEt excepturi velit in dolorum esse sed.',	39,	12,	1,	0,	4,	NULL,	'published',	'not changed',	1,	1,	0,	0,	'2018-11-23 03:42:35',	'2018-11-23 03:42:35'),
(118,	'skillCorrupti.',	'skilldescriptionUt quibusdam praesentium adipisci et qui.',	40,	12,	1,	0,	8,	NULL,	'published',	'not changed',	1,	1,	0,	0,	'2018-11-23 03:42:35',	'2018-11-23 03:42:35'),
(119,	'skillNostrum.',	'skilldescriptionPorro aliquam voluptatum delectus ipsum ipsa.',	40,	11,	1,	0,	4,	NULL,	'published',	'not changed',	1,	1,	0,	0,	'2018-11-23 03:42:35',	'2018-11-23 03:42:35'),
(120,	'skillAliquam.',	'skilldescriptionQuia dignissimos illo perspiciatis sint.',	40,	2,	1,	0,	7,	NULL,	'published',	'not changed',	1,	1,	0,	0,	'2018-11-23 03:42:35',	'2018-11-23 03:42:35'),
(121,	'skillPorro.',	'skilldescriptionEarum possimus autem autem inventore.',	41,	5,	1,	0,	2,	NULL,	'published',	'not changed',	1,	1,	0,	0,	'2018-11-23 03:42:35',	'2018-11-23 03:42:35'),
(122,	'skillDicta qui.',	'skilldescriptionUt quo sint natus.',	41,	7,	1,	0,	6,	NULL,	'published',	'not changed',	1,	1,	0,	0,	'2018-11-23 03:42:35',	'2018-11-23 03:42:35'),
(123,	'skillQui quia.',	'skilldescriptionVelit fugiat perspiciatis vel rerum qui.',	41,	1,	1,	0,	3,	NULL,	'published',	'not changed',	1,	1,	0,	0,	'2018-11-23 03:42:35',	'2018-11-23 03:42:35'),
(124,	'skillAut.',	'skilldescriptionQuis sed eaque illum nisi et et voluptatem.',	42,	11,	1,	0,	8,	NULL,	'published',	'not changed',	1,	1,	0,	0,	'2018-11-23 03:42:35',	'2018-11-23 03:42:35'),
(125,	'skillQuibusdam.',	'skilldescriptionEt itaque soluta eum magni.',	42,	12,	1,	0,	5,	NULL,	'published',	'not changed',	1,	1,	0,	0,	'2018-11-23 03:42:35',	'2018-11-23 03:42:35'),
(126,	'skillRerum.',	'skilldescriptionEius veniam aperiam dolor ipsum ea.',	42,	1,	1,	0,	2,	NULL,	'published',	'not changed',	1,	1,	0,	0,	'2018-11-23 03:42:35',	'2018-11-23 03:42:35'),
(127,	'skillHarum ad.',	'skilldescriptionLaborum tenetur voluptas accusantium qui et.',	43,	10,	1,	0,	5,	NULL,	'published',	'not changed',	1,	1,	0,	0,	'2018-11-23 03:42:35',	'2018-11-23 03:42:35'),
(128,	'skillImpedit.',	'skilldescriptionUt nemo eum sunt et provident necessitatibus.',	43,	9,	1,	0,	4,	NULL,	'published',	'not changed',	1,	1,	0,	0,	'2018-11-23 03:42:35',	'2018-11-23 03:42:35'),
(129,	'skillLaborum.',	'skilldescriptionDignissimos et consequatur explicabo fugiat.',	43,	2,	1,	0,	1,	NULL,	'published',	'not changed',	1,	1,	0,	0,	'2018-11-23 03:42:35',	'2018-11-23 03:42:35'),
(130,	'skillRerum sit.',	'skilldescriptionItaque officia ipsa tenetur ut sequi.',	44,	11,	1,	0,	6,	NULL,	'published',	'not changed',	1,	1,	0,	0,	'2018-11-23 03:42:35',	'2018-11-23 03:42:35'),
(131,	'skillQui sit.',	'skilldescriptionNon et quia ipsa est aut.',	44,	5,	1,	0,	2,	NULL,	'published',	'not changed',	1,	1,	0,	0,	'2018-11-23 03:42:35',	'2018-11-23 03:42:35'),
(132,	'skillExplicabo.',	'skilldescriptionQuia ipsum beatae error.',	44,	6,	1,	0,	6,	NULL,	'published',	'not changed',	1,	1,	0,	0,	'2018-11-23 03:42:35',	'2018-11-23 03:42:35'),
(133,	'skillBeatae ut.',	'skilldescriptionNatus a in veniam praesentium numquam iure animi.',	45,	12,	1,	0,	2,	NULL,	'published',	'not changed',	1,	1,	0,	0,	'2018-11-23 03:42:35',	'2018-11-23 03:42:35'),
(134,	'skillLabore.',	'skilldescriptionUt reiciendis quasi ea dolor.',	45,	10,	1,	0,	9,	NULL,	'published',	'not changed',	1,	1,	0,	0,	'2018-11-23 03:42:35',	'2018-11-23 03:42:35'),
(135,	'skillSequi.',	'skilldescriptionQuas sint non dolores vel dignissimos maiores.',	45,	10,	1,	0,	2,	NULL,	'published',	'not changed',	1,	1,	0,	0,	'2018-11-23 03:42:35',	'2018-11-23 03:42:35'),
(136,	'skillSed.',	'skilldescriptionOfficiis ea maiores eum dolore.',	46,	7,	1,	0,	8,	NULL,	'published',	'not changed',	1,	1,	0,	0,	'2018-11-23 03:42:35',	'2018-11-23 03:42:35'),
(137,	'skillIusto sit.',	'skilldescriptionAd in voluptatem eos quia.',	46,	3,	1,	0,	2,	NULL,	'published',	'not changed',	1,	1,	0,	0,	'2018-11-23 03:42:36',	'2018-11-23 03:42:36'),
(138,	'skillQui.',	'skilldescriptionQuibusdam nulla autem deleniti dignissimos.',	46,	3,	1,	0,	7,	NULL,	'published',	'not changed',	1,	1,	0,	0,	'2018-11-23 03:42:36',	'2018-11-23 03:42:36'),
(139,	'skillEt omnis.',	'skilldescriptionAutem nihil optio facilis quae ea ut rem.',	47,	3,	1,	0,	8,	NULL,	'published',	'not changed',	1,	1,	0,	0,	'2018-11-23 03:42:36',	'2018-11-23 03:42:36'),
(140,	'skillMaiores.',	'skilldescriptionBlanditiis hic ipsum suscipit quis.',	47,	1,	1,	0,	7,	NULL,	'published',	'not changed',	1,	1,	0,	0,	'2018-11-23 03:42:36',	'2018-11-23 03:42:36'),
(141,	'skillSed.',	'skilldescriptionDeserunt qui iusto eius aut accusantium.',	47,	8,	1,	0,	1,	NULL,	'published',	'not changed',	1,	1,	0,	0,	'2018-11-23 03:42:36',	'2018-11-23 03:42:36'),
(142,	'skillQuasi.',	'skilldescriptionHic ut architecto sint eum.',	48,	2,	1,	0,	8,	NULL,	'published',	'not changed',	1,	1,	0,	0,	'2018-11-23 03:42:36',	'2018-11-23 03:42:36'),
(143,	'skillNemo.',	'skilldescriptionRerum nulla ipsa odit nihil.',	48,	2,	1,	0,	5,	NULL,	'published',	'not changed',	1,	1,	0,	0,	'2018-11-23 03:42:36',	'2018-11-23 03:42:36'),
(144,	'skillSed.',	'skilldescriptionNihil et ut facilis aliquid corporis.',	48,	7,	1,	0,	3,	NULL,	'published',	'not changed',	1,	1,	0,	0,	'2018-11-23 03:42:36',	'2018-11-23 03:42:36'),
(145,	'skillQui.',	'skilldescriptionCorrupti cumque nulla id.',	49,	5,	1,	0,	9,	NULL,	'published',	'not changed',	1,	1,	0,	0,	'2018-11-23 03:42:36',	'2018-11-23 03:42:36'),
(146,	'skillEt.',	'skilldescriptionEt excepturi odio earum tenetur.',	49,	3,	1,	0,	7,	NULL,	'published',	'not changed',	1,	1,	0,	0,	'2018-11-23 03:42:36',	'2018-11-23 03:42:36'),
(147,	'skillQuam.',	'skilldescriptionOfficia sed asperiores et distinctio.',	49,	8,	1,	0,	4,	NULL,	'published',	'not changed',	1,	1,	0,	0,	'2018-11-23 03:42:36',	'2018-11-23 03:42:36'),
(148,	'skillDolor.',	'skilldescriptionQuia aut ratione ab quo excepturi molestiae.',	50,	10,	1,	0,	4,	NULL,	'published',	'not changed',	1,	1,	0,	0,	'2018-11-23 03:42:36',	'2018-11-23 03:42:36'),
(149,	'skillInventore.',	'skilldescriptionSimilique harum veritatis praesentium sed.',	50,	12,	1,	0,	6,	NULL,	'published',	'not changed',	1,	1,	0,	0,	'2018-11-23 03:42:36',	'2018-11-23 03:42:36'),
(150,	'skillNon quis.',	'skilldescriptionIure inventore sapiente non.',	50,	2,	1,	0,	8,	NULL,	'published',	'not changed',	1,	1,	0,	0,	'2018-11-23 03:42:36',	'2018-11-23 03:42:36');

DROP TABLE IF EXISTS `tagging_tagged`;
CREATE TABLE `tagging_tagged` (
  `id` int(10) unsigned NOT NULL AUTO_INCREMENT,
  `taggable_id` int(10) unsigned NOT NULL,
  `taggable_type` varchar(125) COLLATE utf8mb4_unicode_ci NOT NULL,
  `tag_name` varchar(125) COLLATE utf8mb4_unicode_ci NOT NULL,
  `tag_slug` varchar(125) COLLATE utf8mb4_unicode_ci NOT NULL,
  PRIMARY KEY (`id`),
  KEY `tagging_tagged_taggable_id_index` (`taggable_id`),
  KEY `tagging_tagged_taggable_type_index` (`taggable_type`),
  KEY `tagging_tagged_tag_slug_index` (`tag_slug`)
) ENGINE=InnoDB DEFAULT CHARSET=utf8mb4 COLLATE=utf8mb4_unicode_ci;


DROP TABLE IF EXISTS `tagging_tags`;
CREATE TABLE `tagging_tags` (
  `id` int(10) unsigned NOT NULL AUTO_INCREMENT,
  `tag_group_id` int(10) unsigned DEFAULT NULL,
  `slug` varchar(125) COLLATE utf8mb4_unicode_ci NOT NULL,
  `name` varchar(125) COLLATE utf8mb4_unicode_ci NOT NULL,
  `suggest` tinyint(1) NOT NULL DEFAULT '0',
  `count` int(10) unsigned NOT NULL DEFAULT '0',
  PRIMARY KEY (`id`),
  KEY `tagging_tags_slug_index` (`slug`),
  KEY `tagging_tags_tag_group_id_foreign` (`tag_group_id`),
  CONSTRAINT `tagging_tags_tag_group_id_foreign` FOREIGN KEY (`tag_group_id`) REFERENCES `tagging_tag_groups` (`id`)
) ENGINE=InnoDB DEFAULT CHARSET=utf8mb4 COLLATE=utf8mb4_unicode_ci;


DROP TABLE IF EXISTS `tagging_tag_groups`;
CREATE TABLE `tagging_tag_groups` (
  `id` int(10) unsigned NOT NULL AUTO_INCREMENT,
  `slug` varchar(125) COLLATE utf8mb4_unicode_ci NOT NULL,
  `name` varchar(125) COLLATE utf8mb4_unicode_ci NOT NULL,
  PRIMARY KEY (`id`),
  KEY `tagging_tag_groups_slug_index` (`slug`)
) ENGINE=InnoDB DEFAULT CHARSET=utf8mb4 COLLATE=utf8mb4_unicode_ci;


DROP TABLE IF EXISTS `topics`;
CREATE TABLE `topics` (
  `id` int(11) NOT NULL AUTO_INCREMENT,
  `topic_name` varchar(250) COLLATE utf8mb4_unicode_ci NOT NULL,
  `iconurl` varchar(250) COLLATE utf8mb4_unicode_ci DEFAULT NULL,
  `approve_status` enum('pending','approved','declined','') COLLATE utf8mb4_unicode_ci NOT NULL DEFAULT 'pending',
  `createdby` int(11) NOT NULL,
  `updatedby` int(11) NOT NULL,
  `created_at` timestamp NULL DEFAULT NULL,
  `updated_at` timestamp NULL DEFAULT NULL,
  PRIMARY KEY (`id`)
) ENGINE=InnoDB DEFAULT CHARSET=utf8mb4 COLLATE=utf8mb4_unicode_ci;

INSERT INTO `topics` (`id`, `topic_name`, `iconurl`, `approve_status`, `createdby`, `updatedby`, `created_at`, `updated_at`) VALUES
(1,	'Chemistry',	NULL,	'approved',	1,	1,	NULL,	NULL),
(2,	'Math',	NULL,	'approved',	1,	1,	NULL,	NULL),
(3,	'Biology',	NULL,	'approved',	1,	1,	NULL,	NULL);

DROP TABLE IF EXISTS `useractivitylogs`;
CREATE TABLE `useractivitylogs` (
  `id` int(11) NOT NULL AUTO_INCREMENT,
  `created_at` timestamp NOT NULL DEFAULT CURRENT_TIMESTAMP,
  `activity_id` int(11) NOT NULL,
  `user_id` int(11) NOT NULL,
  `points` int(11) NOT NULL,
  `accumulated_points` int(11) NOT NULL,
  `details` text COLLATE utf8mb4_unicode_ci,
  `device` varchar(500) COLLATE utf8mb4_unicode_ci DEFAULT NULL,
  `browserinformation` varchar(500) COLLATE utf8mb4_unicode_ci DEFAULT NULL,
  PRIMARY KEY (`id`),
  KEY `user_id` (`user_id`),
  CONSTRAINT `useractivitylogs_ibfk_1` FOREIGN KEY (`user_id`) REFERENCES `users` (`id`) ON DELETE CASCADE
) ENGINE=InnoDB DEFAULT CHARSET=utf8mb4 COLLATE=utf8mb4_unicode_ci;

INSERT INTO `useractivitylogs` (`id`, `created_at`, `activity_id`, `user_id`, `points`, `accumulated_points`, `details`, `device`, `browserinformation`) VALUES
(1,	'2018-11-23 09:14:41',	0,	1,	1,	1,	'login',	NULL,	NULL),
(2,	'2018-11-23 09:32:02',	0,	1,	1,	2,	'login',	NULL,	NULL),
(3,	'2018-11-23 09:32:53',	0,	1,	1,	3,	'login',	NULL,	NULL),
(4,	'2018-11-23 09:34:11',	0,	1,	1,	4,	'login',	NULL,	NULL),
(5,	'2018-11-23 09:36:01',	0,	1,	1,	5,	'login',	NULL,	NULL),
(6,	'2018-11-23 09:41:42',	0,	1,	1,	6,	'login',	NULL,	NULL),
(7,	'2018-11-23 09:41:58',	0,	1,	1,	7,	'login',	NULL,	NULL),
(8,	'2018-11-23 09:42:49',	0,	1,	1,	8,	'login',	NULL,	NULL),
(9,	'2018-11-23 09:43:19',	0,	1,	1,	9,	'login',	NULL,	NULL),
(10,	'2018-11-23 09:44:40',	0,	1,	1,	10,	'login',	NULL,	NULL),
(11,	'2018-11-23 09:46:08',	0,	1,	1,	11,	'login',	NULL,	NULL),
(12,	'2018-11-23 09:49:47',	0,	1,	1,	12,	'login',	NULL,	NULL),
(13,	'2018-11-23 09:53:35',	0,	1,	1,	13,	'login',	NULL,	NULL),
(14,	'2018-11-23 09:55:03',	0,	1,	1,	14,	'login',	NULL,	NULL),
(15,	'2018-11-23 09:55:42',	0,	1,	1,	15,	'login',	NULL,	NULL),
(16,	'2018-11-23 09:57:59',	0,	1,	1,	16,	'login',	NULL,	NULL),
(17,	'2018-11-23 09:58:38',	0,	1,	1,	17,	'login',	NULL,	NULL),
(18,	'2018-11-23 09:59:10',	0,	1,	1,	18,	'login',	NULL,	NULL),
(19,	'2018-11-23 10:05:05',	0,	1,	1,	19,	'login',	NULL,	NULL),
(20,	'2018-11-23 10:22:05',	0,	1,	1,	20,	'login',	NULL,	NULL),
(21,	'2018-11-23 10:22:29',	0,	1,	1,	21,	'login',	NULL,	NULL),
(22,	'2018-11-23 10:22:52',	0,	1,	1,	22,	'login',	NULL,	NULL),
(23,	'2018-11-23 10:38:57',	0,	1,	1,	23,	'login',	NULL,	NULL),
(24,	'2018-11-23 10:43:41',	0,	1,	1,	24,	'login',	NULL,	NULL),
(25,	'2018-11-23 10:52:38',	0,	1,	1,	25,	'login',	NULL,	NULL),
(26,	'2018-11-23 11:09:01',	0,	1,	1,	26,	'login',	NULL,	NULL),
(27,	'2018-11-23 11:40:59',	0,	1,	1,	27,	'login',	NULL,	NULL),
(28,	'2018-11-23 11:47:26',	0,	1,	1,	28,	'login',	NULL,	NULL),
(29,	'2018-11-23 12:13:51',	0,	1,	1,	29,	'login',	NULL,	NULL),
(30,	'2018-11-23 13:39:19',	0,	1,	1,	30,	'login',	NULL,	NULL),
(31,	'2018-11-24 09:33:56',	0,	1,	1,	31,	'login',	NULL,	NULL),
(32,	'2018-11-24 10:16:51',	0,	1,	1,	32,	'login',	NULL,	NULL),
(33,	'2018-11-26 06:02:44',	0,	1,	1,	33,	'login',	NULL,	NULL),
(34,	'2018-11-28 12:33:19',	0,	1,	1,	34,	'login',	NULL,	NULL),
(35,	'2018-11-28 12:33:58',	0,	2,	1,	1,	'login',	NULL,	NULL),
(36,	'2018-11-28 12:36:40',	0,	1,	1,	35,	'login',	NULL,	NULL),
(37,	'2018-11-29 05:22:35',	0,	1,	1,	36,	'login',	NULL,	NULL),
(38,	'2018-11-29 05:32:30',	0,	1,	1,	37,	'login',	NULL,	NULL),
(39,	'2018-11-29 05:33:00',	0,	1,	1,	38,	'login',	NULL,	NULL),
(40,	'2018-11-29 05:33:59',	0,	1,	1,	39,	'login',	NULL,	NULL),
(41,	'2018-11-29 05:34:34',	0,	1,	1,	40,	'login',	NULL,	NULL),
(42,	'2018-11-30 06:19:02',	0,	1,	1,	41,	'login',	NULL,	NULL),
(43,	'2018-11-30 07:48:29',	0,	1,	1,	42,	'login',	NULL,	NULL),
(44,	'2018-11-30 08:01:53',	0,	1,	1,	43,	'login',	NULL,	NULL),
(45,	'2018-11-30 09:24:09',	0,	1,	1,	44,	'login',	NULL,	NULL),
(46,	'2018-11-30 10:58:36',	0,	2,	1,	2,	'login',	NULL,	NULL),
(47,	'2018-11-30 11:05:21',	0,	1,	1,	45,	'login',	NULL,	NULL),
(48,	'2018-11-30 11:48:50',	0,	1,	1,	46,	'login',	NULL,	NULL),
(49,	'2018-11-30 13:14:59',	0,	1,	1,	47,	'login',	NULL,	NULL),
(50,	'2018-11-30 14:26:13',	0,	1,	1,	48,	'login',	NULL,	NULL),
(51,	'2018-12-03 05:09:47',	1,	1,	1,	49,	'login',	NULL,	NULL),
(52,	'2018-12-03 05:09:47',	1,	2,	1,	49,	'login',	NULL,	NULL),
(53,	'2018-12-03 07:38:53',	2,	1,	1,	50,	'login',	NULL,	NULL),
(54,	'2018-12-03 07:40:59',	3,	1,	1,	51,	'login',	NULL,	NULL),
(55,	'2018-12-03 07:44:42',	4,	1,	1,	52,	'login',	NULL,	NULL),
(56,	'2018-12-03 07:45:36',	5,	1,	1,	53,	'login',	NULL,	NULL),
(57,	'2018-12-03 08:04:23',	6,	1,	1,	54,	'login',	NULL,	NULL),
(58,	'2018-12-03 08:19:54',	1,	1,	1,	55,	'login',	NULL,	NULL),
(59,	'2018-12-04 05:26:03',	3,	1,	1,	56,	'login',	NULL,	NULL),
(60,	'2018-12-04 06:32:07',	2,	1,	1,	57,	'login',	NULL,	NULL),
(61,	'2018-12-04 11:20:19',	2,	1,	1,	58,	'login',	NULL,	NULL),
(62,	'2018-12-04 11:43:17',	2,	1,	1,	59,	'login',	NULL,	NULL),
(63,	'2018-12-04 11:46:46',	2,	1,	1,	60,	'login',	NULL,	NULL),
(64,	'2018-12-04 12:04:11',	5,	1,	1,	61,	'login',	NULL,	NULL),
(65,	'2018-12-04 12:07:15',	5,	1,	1,	62,	'login',	NULL,	NULL),
(66,	'2018-12-04 12:08:19',	5,	1,	1,	63,	'login',	NULL,	NULL),
(67,	'2018-12-05 06:44:50',	2,	2,	1,	50,	'login',	NULL,	NULL),
(68,	'2018-12-05 06:51:13',	4,	2,	1,	51,	'login',	NULL,	NULL),
(69,	'2018-12-05 06:57:22',	4,	1,	1,	64,	'login',	NULL,	NULL),
(70,	'2018-12-05 06:57:54',	4,	2,	1,	52,	'login',	NULL,	NULL),
(71,	'2018-12-05 07:26:20',	4,	2,	1,	53,	'login',	NULL,	NULL),
(72,	'2018-12-06 05:14:05',	6,	1,	1,	65,	'login',	NULL,	NULL),
(73,	'2018-12-06 05:19:43',	6,	2,	1,	54,	'login',	NULL,	NULL),
(74,	'2018-12-06 06:05:05',	6,	2,	1,	55,	'login',	NULL,	NULL),
(75,	'2018-12-07 05:16:19',	0,	1,	1,	66,	'login',	NULL,	NULL),
(76,	'2018-12-07 05:16:31',	2,	2,	1,	56,	'login',	NULL,	NULL),
(77,	'2018-12-08 05:32:43',	1,	2,	1,	57,	'login',	NULL,	NULL),
(78,	'2018-12-08 05:58:05',	3,	2,	1,	58,	'login',	NULL,	NULL),
(79,	'2018-12-10 05:30:43',	0,	2,	1,	59,	'login',	NULL,	NULL),
(80,	'2018-12-10 06:24:38',	6,	2,	1,	60,	'login',	NULL,	NULL),
(81,	'2018-12-10 06:52:11',	6,	1,	1,	67,	'login',	NULL,	NULL),
(82,	'2018-12-10 09:30:16',	6,	2,	1,	61,	'login',	NULL,	NULL),
(83,	'2018-12-11 05:27:38',	3,	2,	1,	62,	'login',	NULL,	NULL),
(84,	'2018-12-11 05:44:34',	3,	1,	1,	68,	'login',	NULL,	NULL),
(85,	'2018-12-11 05:44:58',	3,	1,	3,	71,	'takepractice',	NULL,	NULL),
(86,	'2018-12-11 05:52:49',	3,	2,	1,	63,	'login',	NULL,	NULL),
(87,	'2018-12-11 06:57:50',	6,	2,	1,	64,	'login',	NULL,	NULL),
(88,	'2018-12-11 07:53:36',	4,	2,	1,	65,	'login',	NULL,	NULL),
(89,	'2018-12-11 12:15:51',	1,	2,	1,	66,	'login',	NULL,	NULL),
(90,	'2018-12-12 05:20:56',	1,	2,	1,	67,	'login',	NULL,	NULL),
(91,	'2018-12-12 14:53:19',	1,	2,	1,	68,	'login',	NULL,	NULL),
(92,	'2018-12-12 14:53:42',	1,	2,	1,	69,	'login',	NULL,	NULL),
(93,	'2018-12-13 05:23:18',	1,	2,	1,	70,	'login',	NULL,	NULL),
(94,	'2018-12-13 05:40:30',	7,	2,	1,	71,	'login',	NULL,	NULL),
(95,	'2018-12-13 05:52:31',	7,	1,	1,	72,	'login',	NULL,	NULL),
(96,	'2018-12-13 05:53:45',	8,	2,	1,	72,	'login',	NULL,	NULL),
(97,	'2018-12-13 05:54:02',	8,	2,	1,	73,	'login',	NULL,	NULL),
(98,	'2018-12-13 05:55:31',	8,	2,	1,	74,	'login',	NULL,	NULL),
(99,	'2018-12-13 05:56:05',	7,	1,	1,	73,	'login',	NULL,	NULL),
(100,	'2018-12-13 05:59:44',	8,	2,	1,	75,	'login',	NULL,	NULL);

DROP TABLE IF EXISTS `userbadges`;
CREATE TABLE `userbadges` (
  `id` int(11) NOT NULL AUTO_INCREMENT,
  `user_id` int(11) NOT NULL,
  `badge_id` int(11) NOT NULL,
  `dateacquired` timestamp NOT NULL DEFAULT CURRENT_TIMESTAMP,
  PRIMARY KEY (`id`),
  KEY `user_id` (`user_id`),
  CONSTRAINT `userbadges_ibfk_1` FOREIGN KEY (`user_id`) REFERENCES `users` (`id`) ON DELETE CASCADE
) ENGINE=InnoDB DEFAULT CHARSET=utf8mb4 COLLATE=utf8mb4_unicode_ci;

INSERT INTO `userbadges` (`id`, `user_id`, `badge_id`, `dateacquired`) VALUES
(1,	1,	34,	'2018-11-23 09:14:41'),
(2,	1,	21,	'2018-11-23 09:32:54'),
(3,	1,	4,	'2018-11-23 09:34:11'),
(4,	1,	3,	'2018-11-23 09:36:01'),
(5,	1,	24,	'2018-11-23 09:42:49'),
(6,	1,	26,	'2018-11-23 09:46:08'),
(7,	1,	35,	'2018-11-23 09:53:35'),
(8,	1,	5,	'2018-11-23 09:55:03'),
(9,	1,	6,	'2018-11-23 09:55:03'),
(10,	1,	28,	'2018-11-23 09:55:03'),
(11,	1,	8,	'2018-11-23 09:58:38'),
(12,	1,	36,	'2018-11-23 10:38:57'),
(13,	1,	7,	'2018-11-23 10:52:39'),
(14,	1,	39,	'2018-11-23 10:52:39'),
(15,	1,	1,	'2018-11-23 11:09:01'),
(16,	1,	29,	'2018-11-23 11:47:26'),
(17,	1,	40,	'2018-11-23 11:47:26'),
(18,	1,	10,	'2018-11-24 09:33:56'),
(19,	2,	34,	'2018-11-28 12:33:58'),
(20,	1,	12,	'2018-11-28 12:36:40'),
(21,	1,	18,	'2018-11-29 05:34:34'),
(22,	1,	13,	'2018-11-30 06:19:02'),
(23,	1,	25,	'2018-11-30 09:24:09'),
(24,	1,	16,	'2018-12-03 05:09:47'),
(25,	1,	2,	'2018-12-03 07:44:42'),
(26,	1,	14,	'2018-12-03 08:04:23'),
(27,	1,	32,	'2018-12-03 08:19:54'),
(28,	1,	33,	'2018-12-03 08:19:54'),
(29,	1,	30,	'2018-12-04 11:20:19'),
(30,	2,	1,	'2018-12-05 06:44:50'),
(31,	2,	3,	'2018-12-05 06:44:50'),
(32,	2,	4,	'2018-12-05 06:44:51'),
(33,	2,	5,	'2018-12-05 06:44:51'),
(34,	2,	6,	'2018-12-05 06:44:51'),
(35,	2,	7,	'2018-12-05 06:44:51'),
(36,	2,	8,	'2018-12-05 06:44:51'),
(37,	2,	10,	'2018-12-05 06:44:51'),
(38,	2,	12,	'2018-12-05 06:44:51'),
(39,	2,	13,	'2018-12-05 06:44:51'),
(40,	2,	16,	'2018-12-05 06:44:51'),
(41,	2,	18,	'2018-12-05 06:44:51'),
(42,	2,	21,	'2018-12-05 06:44:51'),
(43,	2,	24,	'2018-12-05 06:44:51'),
(44,	2,	25,	'2018-12-05 06:44:51'),
(45,	2,	26,	'2018-12-05 06:44:51'),
(46,	2,	28,	'2018-12-05 06:44:51'),
(47,	2,	29,	'2018-12-05 06:44:51'),
(48,	2,	35,	'2018-12-05 06:44:51'),
(49,	2,	36,	'2018-12-05 06:44:51'),
(50,	2,	39,	'2018-12-05 06:44:51'),
(51,	2,	40,	'2018-12-05 06:44:51'),
(52,	2,	2,	'2018-12-05 06:57:54'),
(53,	1,	20,	'2018-12-06 05:14:05'),
(54,	2,	14,	'2018-12-06 05:19:43'),
(55,	2,	32,	'2018-12-06 06:05:05'),
(56,	2,	33,	'2018-12-06 06:05:05'),
(57,	2,	30,	'2018-12-08 05:58:05'),
(58,	1,	17,	'2018-12-10 06:52:11'),
(59,	1,	31,	'2018-12-10 06:52:11'),
(60,	1,	23,	'2018-12-11 05:44:58'),
(61,	2,	20,	'2018-12-11 07:53:36'),
(62,	2,	17,	'2018-12-12 05:20:56'),
(63,	2,	31,	'2018-12-12 05:20:56'),
(64,	2,	23,	'2018-12-12 14:53:42'),
(65,	1,	27,	'2018-12-13 05:52:31'),
(66,	2,	27,	'2018-12-13 05:53:45'),
(67,	2,	11,	'2018-12-13 05:55:31');

DROP TABLE IF EXISTS `userexamanswers`;
CREATE TABLE `userexamanswers` (
  `id` int(11) NOT NULL AUTO_INCREMENT,
  `answerdate` timestamp NOT NULL DEFAULT CURRENT_TIMESTAMP,
  `user_id` int(11) NOT NULL,
  `exam_id` int(11) NOT NULL,
  `class_id` int(11) NOT NULL,
  `classexam_id` int(11) NOT NULL,
  `attempt_number` int(11) NOT NULL DEFAULT '0',
  `question_id` int(11) NOT NULL,
  `answer_id` int(11) NOT NULL,
  `timespent` int(11) NOT NULL,
  `iscorrect` int(11) NOT NULL,
  `match_uid` int(11) NOT NULL,
  `match_datetime` timestamp NOT NULL DEFAULT '0000-00-00 00:00:00',
  `teachermark` int(11) NOT NULL,
  `pointsgained` int(11) DEFAULT NULL,
  `gameid` int(11) DEFAULT NULL,
  `user_agent` text COLLATE utf8mb4_unicode_ci,
  PRIMARY KEY (`id`),
  KEY `user_id` (`user_id`,`exam_id`),
  KEY `exam_id` (`exam_id`),
  CONSTRAINT `userexamanswers_ibfk_1` FOREIGN KEY (`exam_id`) REFERENCES `exams` (`id`),
  CONSTRAINT `userexamanswers_ibfk_2` FOREIGN KEY (`user_id`) REFERENCES `users` (`id`) ON DELETE CASCADE
) ENGINE=InnoDB DEFAULT CHARSET=utf8mb4 COLLATE=utf8mb4_unicode_ci;


DROP TABLE IF EXISTS `userexamscores`;
CREATE TABLE `userexamscores` (
  `id` int(11) NOT NULL AUTO_INCREMENT,
  `user_id` int(11) NOT NULL,
  `exam_id` int(11) NOT NULL DEFAULT '0',
  `classexam_id` int(11) NOT NULL DEFAULT '0',
  `game_id` int(11) NOT NULL DEFAULT '0',
  `match_uid` int(11) DEFAULT NULL,
  `score` int(11) NOT NULL,
  `totaltimespent` int(11) NOT NULL,
  `created_at` timestamp NOT NULL DEFAULT CURRENT_TIMESTAMP,
  `skill_id` int(11) DEFAULT NULL,
  PRIMARY KEY (`id`),
  KEY `game_id` (`game_id`),
  KEY `userexamscores_ibfk_2` (`user_id`),
  CONSTRAINT `userexamscores_ibfk_2` FOREIGN KEY (`user_id`) REFERENCES `users` (`id`) ON DELETE CASCADE
) ENGINE=InnoDB DEFAULT CHARSET=utf8mb4 COLLATE=utf8mb4_unicode_ci;

INSERT INTO `userexamscores` (`id`, `user_id`, `exam_id`, `classexam_id`, `game_id`, `match_uid`, `score`, `totaltimespent`, `created_at`, `skill_id`) VALUES
(1,	6,	1,	8,	0,	NULL,	20,	15,	'2018-12-06 06:24:44',	1),
(2,	6,	2,	8,	0,	NULL,	28,	15,	'2018-12-06 06:24:44',	1),
(3,	7,	1,	8,	0,	NULL,	15,	15,	'2018-12-06 06:24:44',	1),
(4,	7,	2,	1,	0,	NULL,	45,	15,	'2018-12-06 06:24:44',	1),
(5,	6,	3,	8,	0,	NULL,	20,	15,	'2018-12-06 06:24:44',	1),
(6,	6,	4,	8,	0,	NULL,	48,	15,	'2018-12-06 06:24:44',	1),
(7,	7,	3,	8,	0,	NULL,	5,	15,	'2018-12-06 06:24:44',	1),
(8,	7,	4,	1,	0,	NULL,	20,	15,	'2018-12-06 06:24:44',	1),
(12,	9,	3,	8,	0,	NULL,	50,	15,	'2018-12-06 06:24:44',	1),
(13,	9,	4,	1,	0,	NULL,	0,	15,	'2018-12-06 06:24:44',	1);

DROP TABLE IF EXISTS `userinterests`;
CREATE TABLE `userinterests` (
  `id` int(11) NOT NULL AUTO_INCREMENT,
  `discipline_id` int(11) DEFAULT NULL,
  `user_id` int(11) NOT NULL,
  `language_id` int(11) DEFAULT NULL,
  `grade_id` int(11) DEFAULT NULL,
  `topic_id` int(11) DEFAULT NULL,
  `exercise_type` int(11) NOT NULL DEFAULT '0',
  `created_at` timestamp NOT NULL DEFAULT CURRENT_TIMESTAMP,
  PRIMARY KEY (`id`),
  KEY `user_interest` (`user_id`),
  CONSTRAINT `userinterests_ibfk_1` FOREIGN KEY (`user_id`) REFERENCES `users` (`id`) ON DELETE CASCADE
) ENGINE=InnoDB DEFAULT CHARSET=utf8mb4 COLLATE=utf8mb4_unicode_ci;

INSERT INTO `userinterests` (`id`, `discipline_id`, `user_id`, `language_id`, `grade_id`, `topic_id`, `exercise_type`, `created_at`) VALUES
(1,	1,	1,	1,	1,	1,	1,	'2018-12-11 05:44:58');

DROP TABLE IF EXISTS `usernotifications`;
CREATE TABLE `usernotifications` (
  `id` int(11) NOT NULL AUTO_INCREMENT,
  `receiver_userid` int(11) NOT NULL,
  `sender_userid` int(11) NOT NULL,
  `notification` text COLLATE utf8mb4_unicode_ci NOT NULL,
  `action_id` int(11) DEFAULT NULL,
  `created_at` timestamp NULL DEFAULT NULL,
  `updated_at` timestamp NULL DEFAULT NULL,
  `status` enum('Y','N','') COLLATE utf8mb4_unicode_ci DEFAULT NULL,
  PRIMARY KEY (`id`),
  KEY `receiver_userid` (`sender_userid`)
) ENGINE=InnoDB DEFAULT CHARSET=utf8mb4 COLLATE=utf8mb4_unicode_ci;

INSERT INTO `usernotifications` (`id`, `receiver_userid`, `sender_userid`, `notification`, `action_id`, `created_at`, `updated_at`, `status`) VALUES
(1,	5,	1,	' artisan  ',	NULL,	'2018-12-11 00:21:21',	'2018-12-11 00:21:21',	NULL),
(2,	2,	1,	' artisan  ',	NULL,	'2018-12-11 00:23:28',	'2018-12-11 00:23:28',	NULL),
(3,	1,	2,	'your request has been accepted to class Class of Amet.',	NULL,	'2018-12-11 00:23:42',	'2018-12-11 00:23:42',	NULL);

DROP TABLE IF EXISTS `users`;
CREATE TABLE `users` (
  `id` int(11) NOT NULL AUTO_INCREMENT,
  `name` varchar(250) COLLATE utf8mb4_unicode_ci NOT NULL,
  `email` varchar(50) COLLATE utf8mb4_unicode_ci NOT NULL,
  `provider` varchar(500) COLLATE utf8mb4_unicode_ci DEFAULT NULL,
  `provider_id` varchar(500) COLLATE utf8mb4_unicode_ci DEFAULT NULL,
  `mobile` varchar(50) COLLATE utf8mb4_unicode_ci DEFAULT NULL,
  `devicetype` varchar(250) COLLATE utf8mb4_unicode_ci DEFAULT NULL,
  `gender` enum('M','F','') COLLATE utf8mb4_unicode_ci DEFAULT NULL,
  `totalpoints` int(11) NOT NULL DEFAULT '0',
  `aboutme` varchar(500) COLLATE utf8mb4_unicode_ci DEFAULT NULL,
  `password` varchar(1000) COLLATE utf8mb4_unicode_ci DEFAULT NULL,
  `user_image` varchar(250) COLLATE utf8mb4_unicode_ci DEFAULT NULL,
  `isactive` tinyint(1) NOT NULL DEFAULT '1',
  `lastloggedon` timestamp NOT NULL DEFAULT CURRENT_TIMESTAMP ON UPDATE CURRENT_TIMESTAMP,
  `registeredon` timestamp NOT NULL DEFAULT CURRENT_TIMESTAMP,
  `isverified` tinyint(1) NOT NULL DEFAULT '1',
  `role_type_id` int(11) DEFAULT NULL,
  `grade_id` int(11) DEFAULT NULL,
  `school_id` int(11) DEFAULT NULL,
  `parent_id` int(11) DEFAULT NULL,
  `country_id` int(11) DEFAULT NULL,
  `uilanguage_id` int(11) DEFAULT NULL,
  `dob` date DEFAULT NULL,
  `phone` varchar(50) COLLATE utf8mb4_unicode_ci DEFAULT NULL,
  `parentmail` varchar(250) COLLATE utf8mb4_unicode_ci DEFAULT NULL,
  `isapproved_byparent` tinyint(1) NOT NULL DEFAULT '1',
  `confirmation_code` varchar(250) COLLATE utf8mb4_unicode_ci DEFAULT NULL,
  `isintroinfo_displayed` tinyint(1) NOT NULL DEFAULT '0',
  `passwordtoken` varchar(500) COLLATE utf8mb4_unicode_ci DEFAULT NULL,
  `registeredby` enum('email','facebook','google','API','registeredby') COLLATE utf8mb4_unicode_ci NOT NULL DEFAULT 'email',
  `remember_token` varchar(100) COLLATE utf8mb4_unicode_ci DEFAULT NULL,
  `api_token` varchar(60) COLLATE utf8mb4_unicode_ci DEFAULT NULL,
  `created_at` timestamp NULL DEFAULT NULL,
  `updated_at` timestamp NULL DEFAULT NULL,
  `native_language` varchar(250) COLLATE utf8mb4_unicode_ci NOT NULL,
  `linkedin_url` varchar(250) COLLATE utf8mb4_unicode_ci NOT NULL,
  `city` varchar(250) COLLATE utf8mb4_unicode_ci NOT NULL,
  `state` varchar(250) COLLATE utf8mb4_unicode_ci NOT NULL,
  PRIMARY KEY (`id`),
  UNIQUE KEY `email` (`email`),
  UNIQUE KEY `users_api_token_unique` (`api_token`),
  KEY `school` (`school_id`)
) ENGINE=InnoDB DEFAULT CHARSET=utf8mb4 COLLATE=utf8mb4_unicode_ci;

INSERT INTO `users` (`id`, `name`, `email`, `provider`, `provider_id`, `mobile`, `devicetype`, `gender`, `totalpoints`, `aboutme`, `password`, `user_image`, `isactive`, `lastloggedon`, `registeredon`, `isverified`, `role_type_id`, `grade_id`, `school_id`, `parent_id`, `country_id`, `uilanguage_id`, `dob`, `phone`, `parentmail`, `isapproved_byparent`, `confirmation_code`, `isintroinfo_displayed`, `passwordtoken`, `registeredby`, `remember_token`, `api_token`, `created_at`, `updated_at`, `native_language`, `linkedin_url`, `city`, `state`) VALUES
(1,	'Learner1',	'test@test.com',	NULL,	NULL,	'72-40-2247748',	NULL,	'',	0,	'Doloribus ullamco nostrud accusamus expedita ipsum',	'$2y$10$vDQjK5D6x./94koyVKH5yOdvsiPsETQuG2HkJjeYbHnezX78eFSce',	NULL,	1,	'2018-12-13 05:59:33',	'2018-11-23 09:12:21',	1,	NULL,	2,	NULL,	NULL,	2,	2,	NULL,	NULL,	NULL,	1,	NULL,	0,	NULL,	'email',	'HtSYJikUNyymw34yDizIUzuyR8L43Ue1WSy4TDya85uXmSqZtoXdLVttB8V9',	NULL,	NULL,	'2018-11-30 02:17:10',	'Anim molestiae totam tempor repellendus Quis ratione modi natus magni ut',	'http://localhost.com',	'Dolorem nihil mollitia enim recusandae Iste temporibus enim do eos est quis odit doloremque sint',	'Gujrat'),
(2,	'Teacher1',	'teacher1@test.com',	NULL,	NULL,	'78678678',	NULL,	'',	0,	'demo',	'$2y$10$h7Z.tnvUmLxjZEZvJltVuOML1tH4rNMHsSOE.A8FAl5BGRBbTAafi',	NULL,	1,	'2018-12-13 05:55:47',	'2018-11-23 09:12:21',	1,	NULL,	1,	NULL,	NULL,	1,	2,	NULL,	NULL,	NULL,	1,	NULL,	0,	NULL,	'email',	'Q7ACGHiOvQnM7lmV1rLoomRp35rfqA9BCynH2Yv67OFq3txQcatRnXwyLWsE',	NULL,	NULL,	'2018-11-30 05:31:14',	'english',	'https://in.linkedin.com/',	'ahmedabad',	'Gujrat'),
(3,	'Parent1',	'omar@test.com',	NULL,	NULL,	NULL,	NULL,	NULL,	0,	NULL,	'$2y$10$8R4/3d3eAYRATDKCLcETOuQgMRu5Bsku6/qYqdnCrvaGTpvYzcGUy',	NULL,	1,	'2018-11-23 09:12:21',	'2018-11-23 09:12:21',	1,	NULL,	NULL,	NULL,	NULL,	NULL,	NULL,	NULL,	NULL,	NULL,	1,	NULL,	0,	NULL,	'email',	'doxKwR6nUh',	NULL,	NULL,	NULL,	'',	'',	'',	''),
(4,	'Admin',	'admin@eduplaycloud.com',	NULL,	NULL,	NULL,	NULL,	NULL,	0,	NULL,	'$2y$10$/PFLsWtkO1HReQ.uPIJ0Bu0abnLxUHCejTpOe7h7MAd/RTs1Z43/q',	NULL,	1,	'2018-11-23 09:12:21',	'2018-11-23 09:12:21',	1,	NULL,	NULL,	NULL,	NULL,	NULL,	NULL,	NULL,	NULL,	NULL,	1,	NULL,	0,	NULL,	'email',	'xjfjjTeYu8',	NULL,	NULL,	NULL,	'',	'',	'',	''),
(5,	'Omer Lang',	'jodie.koelpin@example.org',	NULL,	NULL,	'0502681435',	NULL,	'M',	0,	NULL,	'$2y$10$TKh8H1.PfQx37YgCzwiKb.KjNyWgaHb9cbcoQgdIVFlYg7B77UdFm',	'https://lorempixel.com/640/480/?13362',	1,	'2018-11-23 09:12:21',	'2018-11-23 09:12:21',	1,	NULL,	NULL,	NULL,	NULL,	1,	NULL,	NULL,	NULL,	NULL,	1,	NULL,	0,	NULL,	'email',	'HKiCKaSF8E',	NULL,	'2018-11-23 03:42:21',	'2018-11-23 03:42:21',	'',	'',	'',	''),
(6,	'Mrs. Hillary Jaskolski',	'juvenal.nicolas@example.org',	NULL,	NULL,	'0505428631',	NULL,	'M',	0,	NULL,	'$2y$10$TKh8H1.PfQx37YgCzwiKb.KjNyWgaHb9cbcoQgdIVFlYg7B77UdFm',	'https://lorempixel.com/640/480/?14081',	1,	'2018-11-23 09:12:21',	'2018-11-23 09:12:21',	1,	NULL,	NULL,	NULL,	NULL,	2,	NULL,	NULL,	NULL,	NULL,	1,	NULL,	0,	NULL,	'email',	'avweYxQ6An',	NULL,	'2018-11-23 03:42:21',	'2018-11-23 03:42:21',	'',	'',	'',	''),
(7,	'Maybell Jacobi',	'cecilia.vandervort@example.net',	NULL,	NULL,	'0505832146',	NULL,	'M',	0,	NULL,	'$2y$10$TKh8H1.PfQx37YgCzwiKb.KjNyWgaHb9cbcoQgdIVFlYg7B77UdFm',	'https://lorempixel.com/640/480/?40263',	1,	'2018-11-23 09:12:21',	'2018-11-23 09:12:21',	1,	NULL,	NULL,	NULL,	NULL,	2,	NULL,	NULL,	NULL,	NULL,	1,	NULL,	0,	NULL,	'email',	'NUq9CkkxKY',	NULL,	'2018-11-23 03:42:21',	'2018-11-23 03:42:21',	'',	'',	'',	''),
(8,	'Christiana McGlynn',	'vernie70@example.net',	NULL,	NULL,	'0502586314',	NULL,	'M',	0,	NULL,	'$2y$10$TKh8H1.PfQx37YgCzwiKb.KjNyWgaHb9cbcoQgdIVFlYg7B77UdFm',	'https://lorempixel.com/640/480/?82160',	1,	'2018-11-23 09:12:21',	'2018-11-23 09:12:21',	1,	NULL,	NULL,	NULL,	NULL,	1,	NULL,	NULL,	NULL,	NULL,	1,	NULL,	0,	NULL,	'email',	'dJMevUb2xI',	NULL,	'2018-11-23 03:42:21',	'2018-11-23 03:42:21',	'',	'',	'',	''),
(9,	'Mustafa Roob',	'monty.kohler@example.net',	NULL,	NULL,	'0508245631',	NULL,	'M',	0,	NULL,	'$2y$10$TKh8H1.PfQx37YgCzwiKb.KjNyWgaHb9cbcoQgdIVFlYg7B77UdFm',	'https://lorempixel.com/640/480/?16550',	1,	'2018-11-23 09:12:21',	'2018-11-23 09:12:21',	1,	NULL,	NULL,	NULL,	NULL,	2,	NULL,	NULL,	NULL,	NULL,	1,	NULL,	0,	NULL,	'email',	'lpn4ENAaOz',	NULL,	'2018-11-23 03:42:21',	'2018-11-23 03:42:21',	'',	'',	'',	''),
(10,	'Alfreda Kautzer',	'marcella81@example.com',	NULL,	NULL,	'0508145263',	NULL,	'M',	0,	NULL,	'$2y$10$TKh8H1.PfQx37YgCzwiKb.KjNyWgaHb9cbcoQgdIVFlYg7B77UdFm',	'https://lorempixel.com/640/480/?48533',	1,	'2018-11-23 09:12:21',	'2018-11-23 09:12:21',	1,	NULL,	NULL,	NULL,	NULL,	1,	NULL,	NULL,	NULL,	NULL,	1,	NULL,	0,	NULL,	'email',	'0hQrRS5I8e',	NULL,	'2018-11-23 03:42:21',	'2018-11-23 03:42:21',	'',	'',	'',	''),
(11,	'Jonathan Crona',	'alba.vandervort@example.com',	NULL,	NULL,	'0508312645',	NULL,	'M',	0,	NULL,	'$2y$10$TKh8H1.PfQx37YgCzwiKb.KjNyWgaHb9cbcoQgdIVFlYg7B77UdFm',	'https://lorempixel.com/640/480/?38947',	1,	'2018-11-23 09:12:22',	'2018-11-23 09:12:22',	1,	NULL,	NULL,	NULL,	NULL,	1,	NULL,	NULL,	NULL,	NULL,	1,	NULL,	0,	NULL,	'email',	'4kD98cT2rI',	NULL,	'2018-11-23 03:42:22',	'2018-11-23 03:42:22',	'',	'',	'',	''),
(12,	'Nolan Wilderman',	'kunze.heather@example.com',	NULL,	NULL,	'0504516328',	NULL,	'M',	0,	NULL,	'$2y$10$TKh8H1.PfQx37YgCzwiKb.KjNyWgaHb9cbcoQgdIVFlYg7B77UdFm',	'https://lorempixel.com/640/480/?61397',	1,	'2018-11-23 09:12:22',	'2018-11-23 09:12:22',	1,	NULL,	NULL,	NULL,	NULL,	1,	NULL,	NULL,	NULL,	NULL,	1,	NULL,	0,	NULL,	'email',	'3YvAJmf9wF',	NULL,	'2018-11-23 03:42:22',	'2018-11-23 03:42:22',	'',	'',	'',	''),
(13,	'Prof. Shemar Kuphal I',	'adeline50@example.org',	NULL,	NULL,	'0508143652',	NULL,	'M',	0,	NULL,	'$2y$10$TKh8H1.PfQx37YgCzwiKb.KjNyWgaHb9cbcoQgdIVFlYg7B77UdFm',	'https://lorempixel.com/640/480/?86997',	1,	'2018-11-23 09:12:22',	'2018-11-23 09:12:22',	1,	NULL,	NULL,	NULL,	NULL,	1,	NULL,	NULL,	NULL,	NULL,	1,	NULL,	0,	NULL,	'email',	'ZnvLx1eAD8',	NULL,	'2018-11-23 03:42:22',	'2018-11-23 03:42:22',	'',	'',	'',	''),
(14,	'Tito Osinski',	'mcclure.lexus@example.org',	NULL,	NULL,	'0506415832',	NULL,	'M',	0,	NULL,	'$2y$10$TKh8H1.PfQx37YgCzwiKb.KjNyWgaHb9cbcoQgdIVFlYg7B77UdFm',	'https://lorempixel.com/640/480/?29182',	1,	'2018-11-23 09:12:22',	'2018-11-23 09:12:22',	1,	NULL,	NULL,	NULL,	NULL,	2,	NULL,	NULL,	NULL,	NULL,	1,	NULL,	0,	NULL,	'email',	'5rLdFuDlZv',	NULL,	'2018-11-23 03:42:22',	'2018-11-23 03:42:22',	'',	'',	'',	'');

DROP TABLE IF EXISTS `userskillmasterylevels`;
CREATE TABLE `userskillmasterylevels` (
  `id` int(11) NOT NULL AUTO_INCREMENT,
  `user_id` int(11) NOT NULL,
  `skill_id` int(11) NOT NULL,
  `classexam_id` int(11) NOT NULL,
  `score` int(11) NOT NULL,
  `masteryLevel` int(11) NOT NULL,
  `created_at` timestamp NULL DEFAULT NULL,
  `updated_at` timestamp NULL DEFAULT NULL,
  PRIMARY KEY (`id`),
  KEY `user_id` (`user_id`,`skill_id`)
) ENGINE=InnoDB DEFAULT CHARSET=utf8mb4 COLLATE=utf8mb4_unicode_ci;

INSERT INTO `userskillmasterylevels` (`id`, `user_id`, `skill_id`, `classexam_id`, `score`, `masteryLevel`, `created_at`, `updated_at`) VALUES
(1,	2,	1,	1,	60,	3,	'2018-12-11 06:22:40',	'2018-12-11 06:22:40');

DROP TABLE IF EXISTS `xp_points`;
CREATE TABLE `xp_points` (
  `id` int(10) unsigned NOT NULL AUTO_INCREMENT,
  `activity_name` varchar(250) COLLATE utf8mb4_unicode_ci DEFAULT NULL,
  `min_score` int(11) NOT NULL DEFAULT '0',
  `point` int(11) NOT NULL DEFAULT '0',
  `created_at` timestamp NULL DEFAULT NULL,
  `updated_at` timestamp NULL DEFAULT NULL,
  PRIMARY KEY (`id`)
) ENGINE=InnoDB DEFAULT CHARSET=utf8mb4 COLLATE=utf8mb4_unicode_ci;

INSERT INTO `xp_points` (`id`, `activity_name`, `min_score`, `point`, `created_at`, `updated_at`) VALUES
(1,	'login',	0,	1,	NULL,	NULL),
(2,	'createexercise',	0,	1,	NULL,	NULL),
(3,	'createclass',	0,	2,	NULL,	NULL),
(4,	'takepractice',	0,	3,	NULL,	NULL),
(5,	'Invitefriend',	0,	2,	NULL,	NULL),
(6,	'takeexam',	0,	1,	NULL,	NULL);

-- 2018-12-13 13:53:31
